Región,Productos seleccionados,Unidad de medida,Período,Precio,Año,Mes,Orden_Periodo
GBA,Pan francés,kg,Año 2017 - Junio,38.64,2017,Junio,201706.0
GBA,Harina de trigo común,kg,Año 2017 - Junio,10.67,2017,Junio,201706.0
GBA,Arroz blanco simple,kg,Año 2017 - Junio,20.96,2017,Junio,201706.0
GBA,Fideos secos tipo guisero,500 g,Año 2017 - Junio,19.08,2017,Junio,201706.0
GBA,Carne picada común,kg,Año 2017 - Junio,72.2,2017,Junio,201706.0
GBA,Pollo entero,kg,Año 2017 - Junio,34.45,2017,Junio,201706.0
GBA,Aceite de girasol,"1,5 litros",Año 2017 - Junio,50.41,2017,Junio,201706.0
GBA,Leche fresca entera sachet,Litro,Año 2017 - Junio,20.96,2017,Junio,201706.0
GBA,Huevos de gallina,Docena,Año 2017 - Junio,33.23,2017,Junio,201706.0
GBA,Papa,kg,Año 2017 - Junio,13.9,2017,Junio,201706.0
GBA,Azúcar,kg,Año 2017 - Junio,19.16,2017,Junio,201706.0
GBA,Detergente líquido,750 cc,Año 2017 - Junio,19.53,2017,Junio,201706.0
GBA,Lavandina,1.000 cc,Año 2017 - Junio,15.7,2017,Junio,201706.0
GBA,Jabón de tocador,125 g,Año 2017 - Junio,13.99,2017,Junio,201706.0
Pampeana,Pan francés,kg,Año 2017 - Junio,31.42,2017,Junio,201706.0
Pampeana,Harina de trigo común,kg,Año 2017 - Junio,11.19,2017,Junio,201706.0
Pampeana,Arroz blanco simple,kg,Año 2017 - Junio,20.79,2017,Junio,201706.0
Pampeana,Fideos secos tipo guisero,500 g,Año 2017 - Junio,16.91,2017,Junio,201706.0
Pampeana,Carne picada común,kg,Año 2017 - Junio,76.04,2017,Junio,201706.0
Pampeana,Pollo entero,kg,Año 2017 - Junio,36.61,2017,Junio,201706.0
Pampeana,Aceite de girasol,"1,5 litros",Año 2017 - Junio,52.46,2017,Junio,201706.0
Pampeana,Leche fresca entera sachet,Litro,Año 2017 - Junio,22.63,2017,Junio,201706.0
Pampeana,Huevos de gallina,Docena,Año 2017 - Junio,33.0,2017,Junio,201706.0
Pampeana,Papa,kg,Año 2017 - Junio,13.59,2017,Junio,201706.0
Pampeana,Azúcar,kg,Año 2017 - Junio,18.62,2017,Junio,201706.0
Pampeana,Detergente líquido,750 cc,Año 2017 - Junio,21.94,2017,Junio,201706.0
Pampeana,Lavandina,1.000 cc,Año 2017 - Junio,14.7,2017,Junio,201706.0
Pampeana,Jabón de tocador,125 g,Año 2017 - Junio,14.27,2017,Junio,201706.0
Noreste,Pan francés,kg,Año 2017 - Junio,28.67,2017,Junio,201706.0
Noreste,Harina de trigo común,kg,Año 2017 - Junio,11.35,2017,Junio,201706.0
Noreste,Arroz blanco simple,kg,Año 2017 - Junio,19.82,2017,Junio,201706.0
Noreste,Fideos secos tipo guisero,500 g,Año 2017 - Junio,14.4,2017,Junio,201706.0
Noreste,Carne picada común,kg,Año 2017 - Junio,68.67,2017,Junio,201706.0
Noreste,Pollo entero,kg,Año 2017 - Junio,37.3,2017,Junio,201706.0
Noreste,Aceite de girasol,"1,5 litros",Año 2017 - Junio,51.08,2017,Junio,201706.0
Noreste,Leche fresca entera sachet,Litro,Año 2017 - Junio,22.53,2017,Junio,201706.0
Noreste,Huevos de gallina,Docena,Año 2017 - Junio,29.33,2017,Junio,201706.0
Noreste,Papa,kg,Año 2017 - Junio,13.21,2017,Junio,201706.0
Noreste,Azúcar,kg,Año 2017 - Junio,17.9,2017,Junio,201706.0
Noreste,Detergente líquido,750 cc,Año 2017 - Junio,19.93,2017,Junio,201706.0
Noreste,Lavandina,1.000 cc,Año 2017 - Junio,16.07,2017,Junio,201706.0
Noreste,Jabón de tocador,125 g,Año 2017 - Junio,14.23,2017,Junio,201706.0
Noroeste,Pan francés,kg,Año 2017 - Junio,32.32,2017,Junio,201706.0
Noroeste,Harina de trigo común,kg,Año 2017 - Junio,10.53,2017,Junio,201706.0
Noroeste,Arroz blanco simple,kg,Año 2017 - Junio,18.48,2017,Junio,201706.0
Noroeste,Fideos secos tipo guisero,500 g,Año 2017 - Junio,13.44,2017,Junio,201706.0
Noroeste,Carne picada común,kg,Año 2017 - Junio,81.89,2017,Junio,201706.0
Noroeste,Pollo entero,kg,Año 2017 - Junio,36.0,2017,Junio,201706.0
Noroeste,Aceite de girasol,"1,5 litros",Año 2017 - Junio,51.46,2017,Junio,201706.0
Noroeste,Leche fresca entera sachet,Litro,Año 2017 - Junio,21.55,2017,Junio,201706.0
Noroeste,Huevos de gallina,Docena,Año 2017 - Junio,30.08,2017,Junio,201706.0
Noroeste,Papa,kg,Año 2017 - Junio,11.33,2017,Junio,201706.0
Noroeste,Azúcar,kg,Año 2017 - Junio,16.35,2017,Junio,201706.0
Noroeste,Detergente líquido,750 cc,Año 2017 - Junio,23.05,2017,Junio,201706.0
Noroeste,Lavandina,1.000 cc,Año 2017 - Junio,14.75,2017,Junio,201706.0
Noroeste,Jabón de tocador,125 g,Año 2017 - Junio,14.65,2017,Junio,201706.0
Cuyo,Pan francés,kg,Año 2017 - Junio,28.12,2017,Junio,201706.0
Cuyo,Harina de trigo común,kg,Año 2017 - Junio,10.45,2017,Junio,201706.0
Cuyo,Arroz blanco simple,kg,Año 2017 - Junio,18.28,2017,Junio,201706.0
Cuyo,Fideos secos tipo guisero,500 g,Año 2017 - Junio,17.36,2017,Junio,201706.0
Cuyo,Carne picada común,kg,Año 2017 - Junio,72.9,2017,Junio,201706.0
Cuyo,Pollo entero,kg,Año 2017 - Junio,34.22,2017,Junio,201706.0
Cuyo,Aceite de girasol,"1,5 litros",Año 2017 - Junio,48.26,2017,Junio,201706.0
Cuyo,Leche fresca entera sachet,Litro,Año 2017 - Junio,23.22,2017,Junio,201706.0
Cuyo,Huevos de gallina,Docena,Año 2017 - Junio,35.84,2017,Junio,201706.0
Cuyo,Papa,kg,Año 2017 - Junio,13.01,2017,Junio,201706.0
Cuyo,Azúcar,kg,Año 2017 - Junio,17.86,2017,Junio,201706.0
Cuyo,Detergente líquido,750 cc,Año 2017 - Junio,21.91,2017,Junio,201706.0
Cuyo,Lavandina,1.000 cc,Año 2017 - Junio,14.23,2017,Junio,201706.0
Cuyo,Jabón de tocador,125 g,Año 2017 - Junio,14.21,2017,Junio,201706.0
Patagonia,Pan francés,kg,Año 2017 - Junio,38.43,2017,Junio,201706.0
Patagonia,Harina de trigo común,kg,Año 2017 - Junio,12.14,2017,Junio,201706.0
Patagonia,Arroz blanco simple,kg,Año 2017 - Junio,25.82,2017,Junio,201706.0
Patagonia,Fideos secos tipo guisero,500 g,Año 2017 - Junio,20.68,2017,Junio,201706.0
Patagonia,Carne picada común,kg,Año 2017 - Junio,91.12,2017,Junio,201706.0
Patagonia,Pollo entero,kg,Año 2017 - Junio,42.98,2017,Junio,201706.0
Patagonia,Aceite de girasol,"1,5 litros",Año 2017 - Junio,50.31,2017,Junio,201706.0
Patagonia,Leche fresca entera sachet,Litro,Año 2017 - Junio,23.82,2017,Junio,201706.0
Patagonia,Huevos de gallina,Docena,Año 2017 - Junio,43.34,2017,Junio,201706.0
Patagonia,Papa,kg,Año 2017 - Junio,19.44,2017,Junio,201706.0
Patagonia,Azúcar,kg,Año 2017 - Junio,21.34,2017,Junio,201706.0
Patagonia,Detergente líquido,750 cc,Año 2017 - Junio,34.48,2017,Junio,201706.0
Patagonia,Lavandina,1.000 cc,Año 2017 - Junio,16.2,2017,Junio,201706.0
Patagonia,Jabón de tocador,125 g,Año 2017 - Junio,15.09,2017,Junio,201706.0
GBA,Pan francés,kg,Año 2017 - Julio,39.12,2017,Julio,201707.0
GBA,Harina de trigo común,kg,Año 2017 - Julio,10.61,2017,Julio,201707.0
GBA,Arroz blanco simple,kg,Año 2017 - Julio,21.08,2017,Julio,201707.0
GBA,Fideos secos tipo guisero,500 g,Año 2017 - Julio,19.53,2017,Julio,201707.0
GBA,Carne picada común,kg,Año 2017 - Julio,72.71,2017,Julio,201707.0
GBA,Pollo entero,kg,Año 2017 - Julio,35.51,2017,Julio,201707.0
GBA,Aceite de girasol,"1,5 litros",Año 2017 - Julio,51.35,2017,Julio,201707.0
GBA,Leche fresca entera sachet,Litro,Año 2017 - Julio,21.53,2017,Julio,201707.0
GBA,Huevos de gallina,Docena,Año 2017 - Julio,33.54,2017,Julio,201707.0
GBA,Papa,kg,Año 2017 - Julio,14.48,2017,Julio,201707.0
GBA,Azúcar,kg,Año 2017 - Julio,19.37,2017,Julio,201707.0
GBA,Detergente líquido,750 cc,Año 2017 - Julio,19.84,2017,Julio,201707.0
GBA,Lavandina,1.000 cc,Año 2017 - Julio,15.62,2017,Julio,201707.0
GBA,Jabón de tocador,125 g,Año 2017 - Julio,14.12,2017,Julio,201707.0
Pampeana,Pan francés,kg,Año 2017 - Julio,31.93,2017,Julio,201707.0
Pampeana,Harina de trigo común,kg,Año 2017 - Julio,11.17,2017,Julio,201707.0
Pampeana,Arroz blanco simple,kg,Año 2017 - Julio,21.22,2017,Julio,201707.0
Pampeana,Fideos secos tipo guisero,500 g,Año 2017 - Julio,17.22,2017,Julio,201707.0
Pampeana,Carne picada común,kg,Año 2017 - Julio,77.33,2017,Julio,201707.0
Pampeana,Pollo entero,kg,Año 2017 - Julio,37.44,2017,Julio,201707.0
Pampeana,Aceite de girasol,"1,5 litros",Año 2017 - Julio,53.57,2017,Julio,201707.0
Pampeana,Leche fresca entera sachet,Litro,Año 2017 - Julio,23.42,2017,Julio,201707.0
Pampeana,Huevos de gallina,Docena,Año 2017 - Julio,33.05,2017,Julio,201707.0
Pampeana,Papa,kg,Año 2017 - Julio,13.93,2017,Julio,201707.0
Pampeana,Azúcar,kg,Año 2017 - Julio,18.94,2017,Julio,201707.0
Pampeana,Detergente líquido,750 cc,Año 2017 - Julio,22.2,2017,Julio,201707.0
Pampeana,Lavandina,1.000 cc,Año 2017 - Julio,14.59,2017,Julio,201707.0
Pampeana,Jabón de tocador,125 g,Año 2017 - Julio,14.45,2017,Julio,201707.0
Noreste,Pan francés,kg,Año 2017 - Julio,28.99,2017,Julio,201707.0
Noreste,Harina de trigo común,kg,Año 2017 - Julio,11.05,2017,Julio,201707.0
Noreste,Arroz blanco simple,kg,Año 2017 - Julio,20.32,2017,Julio,201707.0
Noreste,Fideos secos tipo guisero,500 g,Año 2017 - Julio,14.34,2017,Julio,201707.0
Noreste,Carne picada común,kg,Año 2017 - Julio,70.58,2017,Julio,201707.0
Noreste,Pollo entero,kg,Año 2017 - Julio,36.99,2017,Julio,201707.0
Noreste,Aceite de girasol,"1,5 litros",Año 2017 - Julio,51.05,2017,Julio,201707.0
Noreste,Leche fresca entera sachet,Litro,Año 2017 - Julio,23.27,2017,Julio,201707.0
Noreste,Huevos de gallina,Docena,Año 2017 - Julio,29.27,2017,Julio,201707.0
Noreste,Papa,kg,Año 2017 - Julio,12.56,2017,Julio,201707.0
Noreste,Azúcar,kg,Año 2017 - Julio,17.99,2017,Julio,201707.0
Noreste,Detergente líquido,750 cc,Año 2017 - Julio,20.53,2017,Julio,201707.0
Noreste,Lavandina,1.000 cc,Año 2017 - Julio,15.96,2017,Julio,201707.0
Noreste,Jabón de tocador,125 g,Año 2017 - Julio,14.21,2017,Julio,201707.0
Noroeste,Pan francés,kg,Año 2017 - Julio,33.1,2017,Julio,201707.0
Noroeste,Harina de trigo común,kg,Año 2017 - Julio,10.55,2017,Julio,201707.0
Noroeste,Arroz blanco simple,kg,Año 2017 - Julio,18.63,2017,Julio,201707.0
Noroeste,Fideos secos tipo guisero,500 g,Año 2017 - Julio,13.62,2017,Julio,201707.0
Noroeste,Carne picada común,kg,Año 2017 - Julio,82.23,2017,Julio,201707.0
Noroeste,Pollo entero,kg,Año 2017 - Julio,36.91,2017,Julio,201707.0
Noroeste,Aceite de girasol,"1,5 litros",Año 2017 - Julio,52.13,2017,Julio,201707.0
Noroeste,Leche fresca entera sachet,Litro,Año 2017 - Julio,22.53,2017,Julio,201707.0
Noroeste,Huevos de gallina,Docena,Año 2017 - Julio,30.32,2017,Julio,201707.0
Noroeste,Papa,kg,Año 2017 - Julio,10.82,2017,Julio,201707.0
Noroeste,Azúcar,kg,Año 2017 - Julio,16.53,2017,Julio,201707.0
Noroeste,Detergente líquido,750 cc,Año 2017 - Julio,23.57,2017,Julio,201707.0
Noroeste,Lavandina,1.000 cc,Año 2017 - Julio,14.95,2017,Julio,201707.0
Noroeste,Jabón de tocador,125 g,Año 2017 - Julio,14.73,2017,Julio,201707.0
Cuyo,Pan francés,kg,Año 2017 - Julio,28.34,2017,Julio,201707.0
Cuyo,Harina de trigo común,kg,Año 2017 - Julio,10.28,2017,Julio,201707.0
Cuyo,Arroz blanco simple,kg,Año 2017 - Julio,18.86,2017,Julio,201707.0
Cuyo,Fideos secos tipo guisero,500 g,Año 2017 - Julio,17.92,2017,Julio,201707.0
Cuyo,Carne picada común,kg,Año 2017 - Julio,73.7,2017,Julio,201707.0
Cuyo,Pollo entero,kg,Año 2017 - Julio,36.16,2017,Julio,201707.0
Cuyo,Aceite de girasol,"1,5 litros",Año 2017 - Julio,49.07,2017,Julio,201707.0
Cuyo,Leche fresca entera sachet,Litro,Año 2017 - Julio,23.95,2017,Julio,201707.0
Cuyo,Huevos de gallina,Docena,Año 2017 - Julio,36.04,2017,Julio,201707.0
Cuyo,Papa,kg,Año 2017 - Julio,12.83,2017,Julio,201707.0
Cuyo,Azúcar,kg,Año 2017 - Julio,18.13,2017,Julio,201707.0
Cuyo,Detergente líquido,750 cc,Año 2017 - Julio,22.11,2017,Julio,201707.0
Cuyo,Lavandina,1.000 cc,Año 2017 - Julio,14.61,2017,Julio,201707.0
Cuyo,Jabón de tocador,125 g,Año 2017 - Julio,14.25,2017,Julio,201707.0
Patagonia,Pan francés,kg,Año 2017 - Julio,38.68,2017,Julio,201707.0
Patagonia,Harina de trigo común,kg,Año 2017 - Julio,11.79,2017,Julio,201707.0
Patagonia,Arroz blanco simple,kg,Año 2017 - Julio,26.33,2017,Julio,201707.0
Patagonia,Fideos secos tipo guisero,500 g,Año 2017 - Julio,21.02,2017,Julio,201707.0
Patagonia,Carne picada común,kg,Año 2017 - Julio,91.64,2017,Julio,201707.0
Patagonia,Pollo entero,kg,Año 2017 - Julio,43.04,2017,Julio,201707.0
Patagonia,Aceite de girasol,"1,5 litros",Año 2017 - Julio,50.25,2017,Julio,201707.0
Patagonia,Leche fresca entera sachet,Litro,Año 2017 - Julio,24.36,2017,Julio,201707.0
Patagonia,Huevos de gallina,Docena,Año 2017 - Julio,43.78,2017,Julio,201707.0
Patagonia,Papa,kg,Año 2017 - Julio,18.95,2017,Julio,201707.0
Patagonia,Azúcar,kg,Año 2017 - Julio,21.38,2017,Julio,201707.0
Patagonia,Detergente líquido,750 cc,Año 2017 - Julio,34.91,2017,Julio,201707.0
Patagonia,Lavandina,1.000 cc,Año 2017 - Julio,16.21,2017,Julio,201707.0
Patagonia,Jabón de tocador,125 g,Año 2017 - Julio,15.3,2017,Julio,201707.0
GBA,Pan francés,kg,Año 2017 - Agosto,39.43,2017,Agosto,201708.0
GBA,Harina de trigo común,kg,Año 2017 - Agosto,10.65,2017,Agosto,201708.0
GBA,Arroz blanco simple,kg,Año 2017 - Agosto,21.25,2017,Agosto,201708.0
GBA,Fideos secos tipo guisero,500 g,Año 2017 - Agosto,19.73,2017,Agosto,201708.0
GBA,Carne picada común,kg,Año 2017 - Agosto,73.4,2017,Agosto,201708.0
GBA,Pollo entero,kg,Año 2017 - Agosto,36.21,2017,Agosto,201708.0
GBA,Aceite de girasol,"1,5 litros",Año 2017 - Agosto,52.35,2017,Agosto,201708.0
GBA,Leche fresca entera sachet,Litro,Año 2017 - Agosto,21.72,2017,Agosto,201708.0
GBA,Huevos de gallina,Docena,Año 2017 - Agosto,33.63,2017,Agosto,201708.0
GBA,Papa,kg,Año 2017 - Agosto,14.35,2017,Agosto,201708.0
GBA,Azúcar,kg,Año 2017 - Agosto,19.58,2017,Agosto,201708.0
GBA,Detergente líquido,750 cc,Año 2017 - Agosto,20.1,2017,Agosto,201708.0
GBA,Lavandina,1.000 cc,Año 2017 - Agosto,15.64,2017,Agosto,201708.0
GBA,Jabón de tocador,125 g,Año 2017 - Agosto,14.24,2017,Agosto,201708.0
Pampeana,Pan francés,kg,Año 2017 - Agosto,32.32,2017,Agosto,201708.0
Pampeana,Harina de trigo común,kg,Año 2017 - Agosto,11.19,2017,Agosto,201708.0
Pampeana,Arroz blanco simple,kg,Año 2017 - Agosto,21.76,2017,Agosto,201708.0
Pampeana,Fideos secos tipo guisero,500 g,Año 2017 - Agosto,17.79,2017,Agosto,201708.0
Pampeana,Carne picada común,kg,Año 2017 - Agosto,77.0,2017,Agosto,201708.0
Pampeana,Pollo entero,kg,Año 2017 - Agosto,38.37,2017,Agosto,201708.0
Pampeana,Aceite de girasol,"1,5 litros",Año 2017 - Agosto,54.91,2017,Agosto,201708.0
Pampeana,Leche fresca entera sachet,Litro,Año 2017 - Agosto,23.58,2017,Agosto,201708.0
Pampeana,Huevos de gallina,Docena,Año 2017 - Agosto,33.4,2017,Agosto,201708.0
Pampeana,Papa,kg,Año 2017 - Agosto,14.26,2017,Agosto,201708.0
Pampeana,Azúcar,kg,Año 2017 - Agosto,19.21,2017,Agosto,201708.0
Pampeana,Detergente líquido,750 cc,Año 2017 - Agosto,22.47,2017,Agosto,201708.0
Pampeana,Lavandina,1.000 cc,Año 2017 - Agosto,14.84,2017,Agosto,201708.0
Pampeana,Jabón de tocador,125 g,Año 2017 - Agosto,14.68,2017,Agosto,201708.0
Noreste,Pan francés,kg,Año 2017 - Agosto,29.07,2017,Agosto,201708.0
Noreste,Harina de trigo común,kg,Año 2017 - Agosto,10.94,2017,Agosto,201708.0
Noreste,Arroz blanco simple,kg,Año 2017 - Agosto,20.37,2017,Agosto,201708.0
Noreste,Fideos secos tipo guisero,500 g,Año 2017 - Agosto,14.57,2017,Agosto,201708.0
Noreste,Carne picada común,kg,Año 2017 - Agosto,72.24,2017,Agosto,201708.0
Noreste,Pollo entero,kg,Año 2017 - Agosto,37.29,2017,Agosto,201708.0
Noreste,Aceite de girasol,"1,5 litros",Año 2017 - Agosto,53.34,2017,Agosto,201708.0
Noreste,Leche fresca entera sachet,Litro,Año 2017 - Agosto,23.25,2017,Agosto,201708.0
Noreste,Huevos de gallina,Docena,Año 2017 - Agosto,29.27,2017,Agosto,201708.0
Noreste,Papa,kg,Año 2017 - Agosto,13.23,2017,Agosto,201708.0
Noreste,Azúcar,kg,Año 2017 - Agosto,18.01,2017,Agosto,201708.0
Noreste,Detergente líquido,750 cc,Año 2017 - Agosto,20.67,2017,Agosto,201708.0
Noreste,Lavandina,1.000 cc,Año 2017 - Agosto,15.81,2017,Agosto,201708.0
Noreste,Jabón de tocador,125 g,Año 2017 - Agosto,14.49,2017,Agosto,201708.0
Noroeste,Pan francés,kg,Año 2017 - Agosto,33.25,2017,Agosto,201708.0
Noroeste,Harina de trigo común,kg,Año 2017 - Agosto,10.59,2017,Agosto,201708.0
Noroeste,Arroz blanco simple,kg,Año 2017 - Agosto,19.16,2017,Agosto,201708.0
Noroeste,Fideos secos tipo guisero,500 g,Año 2017 - Agosto,13.78,2017,Agosto,201708.0
Noroeste,Carne picada común,kg,Año 2017 - Agosto,82.43,2017,Agosto,201708.0
Noroeste,Pollo entero,kg,Año 2017 - Agosto,37.48,2017,Agosto,201708.0
Noroeste,Aceite de girasol,"1,5 litros",Año 2017 - Agosto,52.96,2017,Agosto,201708.0
Noroeste,Leche fresca entera sachet,Litro,Año 2017 - Agosto,22.58,2017,Agosto,201708.0
Noroeste,Huevos de gallina,Docena,Año 2017 - Agosto,30.47,2017,Agosto,201708.0
Noroeste,Papa,kg,Año 2017 - Agosto,11.21,2017,Agosto,201708.0
Noroeste,Azúcar,kg,Año 2017 - Agosto,16.54,2017,Agosto,201708.0
Noroeste,Detergente líquido,750 cc,Año 2017 - Agosto,23.92,2017,Agosto,201708.0
Noroeste,Lavandina,1.000 cc,Año 2017 - Agosto,15.18,2017,Agosto,201708.0
Noroeste,Jabón de tocador,125 g,Año 2017 - Agosto,15.05,2017,Agosto,201708.0
Cuyo,Pan francés,kg,Año 2017 - Agosto,28.82,2017,Agosto,201708.0
Cuyo,Harina de trigo común,kg,Año 2017 - Agosto,10.46,2017,Agosto,201708.0
Cuyo,Arroz blanco simple,kg,Año 2017 - Agosto,19.27,2017,Agosto,201708.0
Cuyo,Fideos secos tipo guisero,500 g,Año 2017 - Agosto,18.54,2017,Agosto,201708.0
Cuyo,Carne picada común,kg,Año 2017 - Agosto,73.72,2017,Agosto,201708.0
Cuyo,Pollo entero,kg,Año 2017 - Agosto,36.91,2017,Agosto,201708.0
Cuyo,Aceite de girasol,"1,5 litros",Año 2017 - Agosto,49.39,2017,Agosto,201708.0
Cuyo,Leche fresca entera sachet,Litro,Año 2017 - Agosto,24.04,2017,Agosto,201708.0
Cuyo,Huevos de gallina,Docena,Año 2017 - Agosto,35.29,2017,Agosto,201708.0
Cuyo,Papa,kg,Año 2017 - Agosto,12.98,2017,Agosto,201708.0
Cuyo,Azúcar,kg,Año 2017 - Agosto,18.29,2017,Agosto,201708.0
Cuyo,Detergente líquido,750 cc,Año 2017 - Agosto,22.15,2017,Agosto,201708.0
Cuyo,Lavandina,1.000 cc,Año 2017 - Agosto,14.59,2017,Agosto,201708.0
Cuyo,Jabón de tocador,125 g,Año 2017 - Agosto,14.78,2017,Agosto,201708.0
Patagonia,Pan francés,kg,Año 2017 - Agosto,38.84,2017,Agosto,201708.0
Patagonia,Harina de trigo común,kg,Año 2017 - Agosto,11.75,2017,Agosto,201708.0
Patagonia,Arroz blanco simple,kg,Año 2017 - Agosto,26.49,2017,Agosto,201708.0
Patagonia,Fideos secos tipo guisero,500 g,Año 2017 - Agosto,21.32,2017,Agosto,201708.0
Patagonia,Carne picada común,kg,Año 2017 - Agosto,92.76,2017,Agosto,201708.0
Patagonia,Pollo entero,kg,Año 2017 - Agosto,43.33,2017,Agosto,201708.0
Patagonia,Aceite de girasol,"1,5 litros",Año 2017 - Agosto,51.17,2017,Agosto,201708.0
Patagonia,Leche fresca entera sachet,Litro,Año 2017 - Agosto,24.53,2017,Agosto,201708.0
Patagonia,Huevos de gallina,Docena,Año 2017 - Agosto,44.34,2017,Agosto,201708.0
Patagonia,Papa,kg,Año 2017 - Agosto,19.55,2017,Agosto,201708.0
Patagonia,Azúcar,kg,Año 2017 - Agosto,21.52,2017,Agosto,201708.0
Patagonia,Detergente líquido,750 cc,Año 2017 - Agosto,35.98,2017,Agosto,201708.0
Patagonia,Lavandina,1.000 cc,Año 2017 - Agosto,16.57,2017,Agosto,201708.0
Patagonia,Jabón de tocador,125 g,Año 2017 - Agosto,15.6,2017,Agosto,201708.0
GBA,Pan francés,kg,Año 2017 - Septiembre,39.71,2017,Septiembre,201709.0
GBA,Harina de trigo común,kg,Año 2017 - Septiembre,10.66,2017,Septiembre,201709.0
GBA,Arroz blanco simple,kg,Año 2017 - Septiembre,21.49,2017,Septiembre,201709.0
GBA,Fideos secos tipo guisero,500 g,Año 2017 - Septiembre,19.86,2017,Septiembre,201709.0
GBA,Carne picada común,kg,Año 2017 - Septiembre,73.28,2017,Septiembre,201709.0
GBA,Pollo entero,kg,Año 2017 - Septiembre,38.57,2017,Septiembre,201709.0
GBA,Aceite de girasol,"1,5 litros",Año 2017 - Septiembre,54.09,2017,Septiembre,201709.0
GBA,Leche fresca entera sachet,Litro,Año 2017 - Septiembre,21.81,2017,Septiembre,201709.0
GBA,Huevos de gallina,Docena,Año 2017 - Septiembre,33.7,2017,Septiembre,201709.0
GBA,Papa,kg,Año 2017 - Septiembre,14.37,2017,Septiembre,201709.0
GBA,Azúcar,kg,Año 2017 - Septiembre,19.78,2017,Septiembre,201709.0
GBA,Detergente líquido,750 cc,Año 2017 - Septiembre,20.08,2017,Septiembre,201709.0
GBA,Lavandina,1.000 cc,Año 2017 - Septiembre,15.96,2017,Septiembre,201709.0
GBA,Jabón de tocador,125 g,Año 2017 - Septiembre,14.51,2017,Septiembre,201709.0
Pampeana,Pan francés,kg,Año 2017 - Septiembre,32.62,2017,Septiembre,201709.0
Pampeana,Harina de trigo común,kg,Año 2017 - Septiembre,11.25,2017,Septiembre,201709.0
Pampeana,Arroz blanco simple,kg,Año 2017 - Septiembre,21.97,2017,Septiembre,201709.0
Pampeana,Fideos secos tipo guisero,500 g,Año 2017 - Septiembre,18.01,2017,Septiembre,201709.0
Pampeana,Carne picada común,kg,Año 2017 - Septiembre,77.31,2017,Septiembre,201709.0
Pampeana,Pollo entero,kg,Año 2017 - Septiembre,40.54,2017,Septiembre,201709.0
Pampeana,Aceite de girasol,"1,5 litros",Año 2017 - Septiembre,55.8,2017,Septiembre,201709.0
Pampeana,Leche fresca entera sachet,Litro,Año 2017 - Septiembre,23.53,2017,Septiembre,201709.0
Pampeana,Huevos de gallina,Docena,Año 2017 - Septiembre,33.11,2017,Septiembre,201709.0
Pampeana,Papa,kg,Año 2017 - Septiembre,14.53,2017,Septiembre,201709.0
Pampeana,Azúcar,kg,Año 2017 - Septiembre,19.45,2017,Septiembre,201709.0
Pampeana,Detergente líquido,750 cc,Año 2017 - Septiembre,22.38,2017,Septiembre,201709.0
Pampeana,Lavandina,1.000 cc,Año 2017 - Septiembre,15.06,2017,Septiembre,201709.0
Pampeana,Jabón de tocador,125 g,Año 2017 - Septiembre,14.82,2017,Septiembre,201709.0
Noreste,Pan francés,kg,Año 2017 - Septiembre,29.4,2017,Septiembre,201709.0
Noreste,Harina de trigo común,kg,Año 2017 - Septiembre,11.06,2017,Septiembre,201709.0
Noreste,Arroz blanco simple,kg,Año 2017 - Septiembre,20.07,2017,Septiembre,201709.0
Noreste,Fideos secos tipo guisero,500 g,Año 2017 - Septiembre,14.7,2017,Septiembre,201709.0
Noreste,Carne picada común,kg,Año 2017 - Septiembre,74.83,2017,Septiembre,201709.0
Noreste,Pollo entero,kg,Año 2017 - Septiembre,39.05,2017,Septiembre,201709.0
Noreste,Aceite de girasol,"1,5 litros",Año 2017 - Septiembre,54.33,2017,Septiembre,201709.0
Noreste,Leche fresca entera sachet,Litro,Año 2017 - Septiembre,23.39,2017,Septiembre,201709.0
Noreste,Huevos de gallina,Docena,Año 2017 - Septiembre,29.32,2017,Septiembre,201709.0
Noreste,Papa,kg,Año 2017 - Septiembre,13.51,2017,Septiembre,201709.0
Noreste,Azúcar,kg,Año 2017 - Septiembre,18.37,2017,Septiembre,201709.0
Noreste,Detergente líquido,750 cc,Año 2017 - Septiembre,20.34,2017,Septiembre,201709.0
Noreste,Lavandina,1.000 cc,Año 2017 - Septiembre,15.77,2017,Septiembre,201709.0
Noreste,Jabón de tocador,125 g,Año 2017 - Septiembre,14.79,2017,Septiembre,201709.0
Noroeste,Pan francés,kg,Año 2017 - Septiembre,33.24,2017,Septiembre,201709.0
Noroeste,Harina de trigo común,kg,Año 2017 - Septiembre,10.7,2017,Septiembre,201709.0
Noroeste,Arroz blanco simple,kg,Año 2017 - Septiembre,19.41,2017,Septiembre,201709.0
Noroeste,Fideos secos tipo guisero,500 g,Año 2017 - Septiembre,13.89,2017,Septiembre,201709.0
Noroeste,Carne picada común,kg,Año 2017 - Septiembre,84.05,2017,Septiembre,201709.0
Noroeste,Pollo entero,kg,Año 2017 - Septiembre,39.69,2017,Septiembre,201709.0
Noroeste,Aceite de girasol,"1,5 litros",Año 2017 - Septiembre,53.8,2017,Septiembre,201709.0
Noroeste,Leche fresca entera sachet,Litro,Año 2017 - Septiembre,22.89,2017,Septiembre,201709.0
Noroeste,Huevos de gallina,Docena,Año 2017 - Septiembre,30.54,2017,Septiembre,201709.0
Noroeste,Papa,kg,Año 2017 - Septiembre,11.47,2017,Septiembre,201709.0
Noroeste,Azúcar,kg,Año 2017 - Septiembre,16.64,2017,Septiembre,201709.0
Noroeste,Detergente líquido,750 cc,Año 2017 - Septiembre,23.91,2017,Septiembre,201709.0
Noroeste,Lavandina,1.000 cc,Año 2017 - Septiembre,15.43,2017,Septiembre,201709.0
Noroeste,Jabón de tocador,125 g,Año 2017 - Septiembre,15.24,2017,Septiembre,201709.0
Cuyo,Pan francés,kg,Año 2017 - Septiembre,28.99,2017,Septiembre,201709.0
Cuyo,Harina de trigo común,kg,Año 2017 - Septiembre,10.49,2017,Septiembre,201709.0
Cuyo,Arroz blanco simple,kg,Año 2017 - Septiembre,19.13,2017,Septiembre,201709.0
Cuyo,Fideos secos tipo guisero,500 g,Año 2017 - Septiembre,18.81,2017,Septiembre,201709.0
Cuyo,Carne picada común,kg,Año 2017 - Septiembre,74.82,2017,Septiembre,201709.0
Cuyo,Pollo entero,kg,Año 2017 - Septiembre,39.39,2017,Septiembre,201709.0
Cuyo,Aceite de girasol,"1,5 litros",Año 2017 - Septiembre,51.16,2017,Septiembre,201709.0
Cuyo,Leche fresca entera sachet,Litro,Año 2017 - Septiembre,23.85,2017,Septiembre,201709.0
Cuyo,Huevos de gallina,Docena,Año 2017 - Septiembre,35.95,2017,Septiembre,201709.0
Cuyo,Papa,kg,Año 2017 - Septiembre,13.28,2017,Septiembre,201709.0
Cuyo,Azúcar,kg,Año 2017 - Septiembre,18.69,2017,Septiembre,201709.0
Cuyo,Detergente líquido,750 cc,Año 2017 - Septiembre,21.4,2017,Septiembre,201709.0
Cuyo,Lavandina,1.000 cc,Año 2017 - Septiembre,15.11,2017,Septiembre,201709.0
Cuyo,Jabón de tocador,125 g,Año 2017 - Septiembre,14.89,2017,Septiembre,201709.0
Patagonia,Pan francés,kg,Año 2017 - Septiembre,39.49,2017,Septiembre,201709.0
Patagonia,Harina de trigo común,kg,Año 2017 - Septiembre,12.06,2017,Septiembre,201709.0
Patagonia,Arroz blanco simple,kg,Año 2017 - Septiembre,26.52,2017,Septiembre,201709.0
Patagonia,Fideos secos tipo guisero,500 g,Año 2017 - Septiembre,20.98,2017,Septiembre,201709.0
Patagonia,Carne picada común,kg,Año 2017 - Septiembre,94.13,2017,Septiembre,201709.0
Patagonia,Pollo entero,kg,Año 2017 - Septiembre,44.73,2017,Septiembre,201709.0
Patagonia,Aceite de girasol,"1,5 litros",Año 2017 - Septiembre,51.64,2017,Septiembre,201709.0
Patagonia,Leche fresca entera sachet,Litro,Año 2017 - Septiembre,25.08,2017,Septiembre,201709.0
Patagonia,Huevos de gallina,Docena,Año 2017 - Septiembre,43.75,2017,Septiembre,201709.0
Patagonia,Papa,kg,Año 2017 - Septiembre,19.71,2017,Septiembre,201709.0
Patagonia,Azúcar,kg,Año 2017 - Septiembre,21.72,2017,Septiembre,201709.0
Patagonia,Detergente líquido,750 cc,Año 2017 - Septiembre,34.89,2017,Septiembre,201709.0
Patagonia,Lavandina,1.000 cc,Año 2017 - Septiembre,17.14,2017,Septiembre,201709.0
Patagonia,Jabón de tocador,125 g,Año 2017 - Septiembre,15.58,2017,Septiembre,201709.0
GBA,Pan francés,kg,Año 2017 - Octubre,39.89,2017,Octubre,201710.0
GBA,Harina de trigo común,kg,Año 2017 - Octubre,10.61,2017,Octubre,201710.0
GBA,Arroz blanco simple,kg,Año 2017 - Octubre,21.74,2017,Octubre,201710.0
GBA,Fideos secos tipo guisero,500 g,Año 2017 - Octubre,20.13,2017,Octubre,201710.0
GBA,Carne picada común,kg,Año 2017 - Octubre,73.75,2017,Octubre,201710.0
GBA,Pollo entero,kg,Año 2017 - Octubre,39.3,2017,Octubre,201710.0
GBA,Aceite de girasol,"1,5 litros",Año 2017 - Octubre,54.68,2017,Octubre,201710.0
GBA,Leche fresca entera sachet,Litro,Año 2017 - Octubre,21.95,2017,Octubre,201710.0
GBA,Huevos de gallina,Docena,Año 2017 - Octubre,33.93,2017,Octubre,201710.0
GBA,Papa,kg,Año 2017 - Octubre,15.34,2017,Octubre,201710.0
GBA,Azúcar,kg,Año 2017 - Octubre,20.12,2017,Octubre,201710.0
GBA,Detergente líquido,750 cc,Año 2017 - Octubre,20.55,2017,Octubre,201710.0
GBA,Lavandina,1.000 cc,Año 2017 - Octubre,16.13,2017,Octubre,201710.0
GBA,Jabón de tocador,125 g,Año 2017 - Octubre,14.6,2017,Octubre,201710.0
Pampeana,Pan francés,kg,Año 2017 - Octubre,33.03,2017,Octubre,201710.0
Pampeana,Harina de trigo común,kg,Año 2017 - Octubre,11.35,2017,Octubre,201710.0
Pampeana,Arroz blanco simple,kg,Año 2017 - Octubre,21.92,2017,Octubre,201710.0
Pampeana,Fideos secos tipo guisero,500 g,Año 2017 - Octubre,18.07,2017,Octubre,201710.0
Pampeana,Carne picada común,kg,Año 2017 - Octubre,78.34,2017,Octubre,201710.0
Pampeana,Pollo entero,kg,Año 2017 - Octubre,40.9,2017,Octubre,201710.0
Pampeana,Aceite de girasol,"1,5 litros",Año 2017 - Octubre,55.93,2017,Octubre,201710.0
Pampeana,Leche fresca entera sachet,Litro,Año 2017 - Octubre,23.64,2017,Octubre,201710.0
Pampeana,Huevos de gallina,Docena,Año 2017 - Octubre,33.28,2017,Octubre,201710.0
Pampeana,Papa,kg,Año 2017 - Octubre,14.92,2017,Octubre,201710.0
Pampeana,Azúcar,kg,Año 2017 - Octubre,19.73,2017,Octubre,201710.0
Pampeana,Detergente líquido,750 cc,Año 2017 - Octubre,22.53,2017,Octubre,201710.0
Pampeana,Lavandina,1.000 cc,Año 2017 - Octubre,15.11,2017,Octubre,201710.0
Pampeana,Jabón de tocador,125 g,Año 2017 - Octubre,14.95,2017,Octubre,201710.0
Noreste,Pan francés,kg,Año 2017 - Octubre,29.38,2017,Octubre,201710.0
Noreste,Harina de trigo común,kg,Año 2017 - Octubre,11.1,2017,Octubre,201710.0
Noreste,Arroz blanco simple,kg,Año 2017 - Octubre,20.32,2017,Octubre,201710.0
Noreste,Fideos secos tipo guisero,500 g,Año 2017 - Octubre,15.19,2017,Octubre,201710.0
Noreste,Carne picada común,kg,Año 2017 - Octubre,76.78,2017,Octubre,201710.0
Noreste,Pollo entero,kg,Año 2017 - Octubre,39.39,2017,Octubre,201710.0
Noreste,Aceite de girasol,"1,5 litros",Año 2017 - Octubre,55.78,2017,Octubre,201710.0
Noreste,Leche fresca entera sachet,Litro,Año 2017 - Octubre,23.82,2017,Octubre,201710.0
Noreste,Huevos de gallina,Docena,Año 2017 - Octubre,29.07,2017,Octubre,201710.0
Noreste,Papa,kg,Año 2017 - Octubre,13.6,2017,Octubre,201710.0
Noreste,Azúcar,kg,Año 2017 - Octubre,18.72,2017,Octubre,201710.0
Noreste,Detergente líquido,750 cc,Año 2017 - Octubre,19.88,2017,Octubre,201710.0
Noreste,Lavandina,1.000 cc,Año 2017 - Octubre,16.09,2017,Octubre,201710.0
Noreste,Jabón de tocador,125 g,Año 2017 - Octubre,14.88,2017,Octubre,201710.0
Noroeste,Pan francés,kg,Año 2017 - Octubre,33.57,2017,Octubre,201710.0
Noroeste,Harina de trigo común,kg,Año 2017 - Octubre,10.85,2017,Octubre,201710.0
Noroeste,Arroz blanco simple,kg,Año 2017 - Octubre,19.74,2017,Octubre,201710.0
Noroeste,Fideos secos tipo guisero,500 g,Año 2017 - Octubre,13.93,2017,Octubre,201710.0
Noroeste,Carne picada común,kg,Año 2017 - Octubre,84.82,2017,Octubre,201710.0
Noroeste,Pollo entero,kg,Año 2017 - Octubre,40.48,2017,Octubre,201710.0
Noroeste,Aceite de girasol,"1,5 litros",Año 2017 - Octubre,54.7,2017,Octubre,201710.0
Noroeste,Leche fresca entera sachet,Litro,Año 2017 - Octubre,22.76,2017,Octubre,201710.0
Noroeste,Huevos de gallina,Docena,Año 2017 - Octubre,30.81,2017,Octubre,201710.0
Noroeste,Papa,kg,Año 2017 - Octubre,11.55,2017,Octubre,201710.0
Noroeste,Azúcar,kg,Año 2017 - Octubre,16.87,2017,Octubre,201710.0
Noroeste,Detergente líquido,750 cc,Año 2017 - Octubre,24.34,2017,Octubre,201710.0
Noroeste,Lavandina,1.000 cc,Año 2017 - Octubre,15.74,2017,Octubre,201710.0
Noroeste,Jabón de tocador,125 g,Año 2017 - Octubre,15.31,2017,Octubre,201710.0
Cuyo,Pan francés,kg,Año 2017 - Octubre,29.35,2017,Octubre,201710.0
Cuyo,Harina de trigo común,kg,Año 2017 - Octubre,10.58,2017,Octubre,201710.0
Cuyo,Arroz blanco simple,kg,Año 2017 - Octubre,19.6,2017,Octubre,201710.0
Cuyo,Fideos secos tipo guisero,500 g,Año 2017 - Octubre,18.85,2017,Octubre,201710.0
Cuyo,Carne picada común,kg,Año 2017 - Octubre,73.88,2017,Octubre,201710.0
Cuyo,Pollo entero,kg,Año 2017 - Octubre,40.0,2017,Octubre,201710.0
Cuyo,Aceite de girasol,"1,5 litros",Año 2017 - Octubre,51.56,2017,Octubre,201710.0
Cuyo,Leche fresca entera sachet,Litro,Año 2017 - Octubre,24.06,2017,Octubre,201710.0
Cuyo,Huevos de gallina,Docena,Año 2017 - Octubre,35.41,2017,Octubre,201710.0
Cuyo,Papa,kg,Año 2017 - Octubre,14.12,2017,Octubre,201710.0
Cuyo,Azúcar,kg,Año 2017 - Octubre,19.01,2017,Octubre,201710.0
Cuyo,Detergente líquido,750 cc,Año 2017 - Octubre,22.21,2017,Octubre,201710.0
Cuyo,Lavandina,1.000 cc,Año 2017 - Octubre,15.41,2017,Octubre,201710.0
Cuyo,Jabón de tocador,125 g,Año 2017 - Octubre,14.99,2017,Octubre,201710.0
Patagonia,Pan francés,kg,Año 2017 - Octubre,39.88,2017,Octubre,201710.0
Patagonia,Harina de trigo común,kg,Año 2017 - Octubre,12.24,2017,Octubre,201710.0
Patagonia,Arroz blanco simple,kg,Año 2017 - Octubre,27.16,2017,Octubre,201710.0
Patagonia,Fideos secos tipo guisero,500 g,Año 2017 - Octubre,21.32,2017,Octubre,201710.0
Patagonia,Carne picada común,kg,Año 2017 - Octubre,96.01,2017,Octubre,201710.0
Patagonia,Pollo entero,kg,Año 2017 - Octubre,44.73,2017,Octubre,201710.0
Patagonia,Aceite de girasol,"1,5 litros",Año 2017 - Octubre,53.71,2017,Octubre,201710.0
Patagonia,Leche fresca entera sachet,Litro,Año 2017 - Octubre,25.03,2017,Octubre,201710.0
Patagonia,Huevos de gallina,Docena,Año 2017 - Octubre,43.7,2017,Octubre,201710.0
Patagonia,Papa,kg,Año 2017 - Octubre,20.55,2017,Octubre,201710.0
Patagonia,Azúcar,kg,Año 2017 - Octubre,22.24,2017,Octubre,201710.0
Patagonia,Detergente líquido,750 cc,Año 2017 - Octubre,35.51,2017,Octubre,201710.0
Patagonia,Lavandina,1.000 cc,Año 2017 - Octubre,17.65,2017,Octubre,201710.0
Patagonia,Jabón de tocador,125 g,Año 2017 - Octubre,15.68,2017,Octubre,201710.0
GBA,Pan francés,kg,Año 2017 - Noviembre,40.24,2017,Noviembre,201711.0
GBA,Harina de trigo común,kg,Año 2017 - Noviembre,10.81,2017,Noviembre,201711.0
GBA,Arroz blanco simple,kg,Año 2017 - Noviembre,21.74,2017,Noviembre,201711.0
GBA,Fideos secos tipo guisero,500 g,Año 2017 - Noviembre,20.34,2017,Noviembre,201711.0
GBA,Carne picada común,kg,Año 2017 - Noviembre,73.83,2017,Noviembre,201711.0
GBA,Pollo entero,kg,Año 2017 - Noviembre,38.19,2017,Noviembre,201711.0
GBA,Aceite de girasol,"1,5 litros",Año 2017 - Noviembre,55.11,2017,Noviembre,201711.0
GBA,Leche fresca entera sachet,Litro,Año 2017 - Noviembre,22.63,2017,Noviembre,201711.0
GBA,Huevos de gallina,Docena,Año 2017 - Noviembre,33.99,2017,Noviembre,201711.0
GBA,Papa,kg,Año 2017 - Noviembre,18.7,2017,Noviembre,201711.0
GBA,Azúcar,kg,Año 2017 - Noviembre,20.7,2017,Noviembre,201711.0
GBA,Detergente líquido,750 cc,Año 2017 - Noviembre,20.77,2017,Noviembre,201711.0
GBA,Lavandina,1.000 cc,Año 2017 - Noviembre,16.31,2017,Noviembre,201711.0
GBA,Jabón de tocador,125 g,Año 2017 - Noviembre,14.92,2017,Noviembre,201711.0
Pampeana,Pan francés,kg,Año 2017 - Noviembre,33.31,2017,Noviembre,201711.0
Pampeana,Harina de trigo común,kg,Año 2017 - Noviembre,11.44,2017,Noviembre,201711.0
Pampeana,Arroz blanco simple,kg,Año 2017 - Noviembre,21.99,2017,Noviembre,201711.0
Pampeana,Fideos secos tipo guisero,500 g,Año 2017 - Noviembre,18.43,2017,Noviembre,201711.0
Pampeana,Carne picada común,kg,Año 2017 - Noviembre,77.68,2017,Noviembre,201711.0
Pampeana,Pollo entero,kg,Año 2017 - Noviembre,40.06,2017,Noviembre,201711.0
Pampeana,Aceite de girasol,"1,5 litros",Año 2017 - Noviembre,55.87,2017,Noviembre,201711.0
Pampeana,Leche fresca entera sachet,Litro,Año 2017 - Noviembre,24.18,2017,Noviembre,201711.0
Pampeana,Huevos de gallina,Docena,Año 2017 - Noviembre,33.36,2017,Noviembre,201711.0
Pampeana,Papa,kg,Año 2017 - Noviembre,18.05,2017,Noviembre,201711.0
Pampeana,Azúcar,kg,Año 2017 - Noviembre,20.51,2017,Noviembre,201711.0
Pampeana,Detergente líquido,750 cc,Año 2017 - Noviembre,22.75,2017,Noviembre,201711.0
Pampeana,Lavandina,1.000 cc,Año 2017 - Noviembre,15.4,2017,Noviembre,201711.0
Pampeana,Jabón de tocador,125 g,Año 2017 - Noviembre,15.18,2017,Noviembre,201711.0
Noreste,Pan francés,kg,Año 2017 - Noviembre,29.53,2017,Noviembre,201711.0
Noreste,Harina de trigo común,kg,Año 2017 - Noviembre,11.08,2017,Noviembre,201711.0
Noreste,Arroz blanco simple,kg,Año 2017 - Noviembre,20.48,2017,Noviembre,201711.0
Noreste,Fideos secos tipo guisero,500 g,Año 2017 - Noviembre,15.25,2017,Noviembre,201711.0
Noreste,Carne picada común,kg,Año 2017 - Noviembre,76.74,2017,Noviembre,201711.0
Noreste,Pollo entero,kg,Año 2017 - Noviembre,38.98,2017,Noviembre,201711.0
Noreste,Aceite de girasol,"1,5 litros",Año 2017 - Noviembre,58.11,2017,Noviembre,201711.0
Noreste,Leche fresca entera sachet,Litro,Año 2017 - Noviembre,24.25,2017,Noviembre,201711.0
Noreste,Huevos de gallina,Docena,Año 2017 - Noviembre,29.36,2017,Noviembre,201711.0
Noreste,Papa,kg,Año 2017 - Noviembre,15.94,2017,Noviembre,201711.0
Noreste,Azúcar,kg,Año 2017 - Noviembre,19.21,2017,Noviembre,201711.0
Noreste,Detergente líquido,750 cc,Año 2017 - Noviembre,20.05,2017,Noviembre,201711.0
Noreste,Lavandina,1.000 cc,Año 2017 - Noviembre,16.19,2017,Noviembre,201711.0
Noreste,Jabón de tocador,125 g,Año 2017 - Noviembre,14.91,2017,Noviembre,201711.0
Noroeste,Pan francés,kg,Año 2017 - Noviembre,33.55,2017,Noviembre,201711.0
Noroeste,Harina de trigo común,kg,Año 2017 - Noviembre,10.81,2017,Noviembre,201711.0
Noroeste,Arroz blanco simple,kg,Año 2017 - Noviembre,19.81,2017,Noviembre,201711.0
Noroeste,Fideos secos tipo guisero,500 g,Año 2017 - Noviembre,13.96,2017,Noviembre,201711.0
Noroeste,Carne picada común,kg,Año 2017 - Noviembre,85.22,2017,Noviembre,201711.0
Noroeste,Pollo entero,kg,Año 2017 - Noviembre,39.99,2017,Noviembre,201711.0
Noroeste,Aceite de girasol,"1,5 litros",Año 2017 - Noviembre,54.96,2017,Noviembre,201711.0
Noroeste,Leche fresca entera sachet,Litro,Año 2017 - Noviembre,23.2,2017,Noviembre,201711.0
Noroeste,Huevos de gallina,Docena,Año 2017 - Noviembre,30.99,2017,Noviembre,201711.0
Noroeste,Papa,kg,Año 2017 - Noviembre,13.47,2017,Noviembre,201711.0
Noroeste,Azúcar,kg,Año 2017 - Noviembre,17.36,2017,Noviembre,201711.0
Noroeste,Detergente líquido,750 cc,Año 2017 - Noviembre,24.39,2017,Noviembre,201711.0
Noroeste,Lavandina,1.000 cc,Año 2017 - Noviembre,15.86,2017,Noviembre,201711.0
Noroeste,Jabón de tocador,125 g,Año 2017 - Noviembre,15.51,2017,Noviembre,201711.0
Cuyo,Pan francés,kg,Año 2017 - Noviembre,29.35,2017,Noviembre,201711.0
Cuyo,Harina de trigo común,kg,Año 2017 - Noviembre,10.51,2017,Noviembre,201711.0
Cuyo,Arroz blanco simple,kg,Año 2017 - Noviembre,20.81,2017,Noviembre,201711.0
Cuyo,Fideos secos tipo guisero,500 g,Año 2017 - Noviembre,18.42,2017,Noviembre,201711.0
Cuyo,Carne picada común,kg,Año 2017 - Noviembre,73.72,2017,Noviembre,201711.0
Cuyo,Pollo entero,kg,Año 2017 - Noviembre,39.76,2017,Noviembre,201711.0
Cuyo,Aceite de girasol,"1,5 litros",Año 2017 - Noviembre,51.37,2017,Noviembre,201711.0
Cuyo,Leche fresca entera sachet,Litro,Año 2017 - Noviembre,24.8,2017,Noviembre,201711.0
Cuyo,Huevos de gallina,Docena,Año 2017 - Noviembre,34.96,2017,Noviembre,201711.0
Cuyo,Papa,kg,Año 2017 - Noviembre,17.28,2017,Noviembre,201711.0
Cuyo,Azúcar,kg,Año 2017 - Noviembre,19.53,2017,Noviembre,201711.0
Cuyo,Detergente líquido,750 cc,Año 2017 - Noviembre,23.14,2017,Noviembre,201711.0
Cuyo,Lavandina,1.000 cc,Año 2017 - Noviembre,15.89,2017,Noviembre,201711.0
Cuyo,Jabón de tocador,125 g,Año 2017 - Noviembre,14.97,2017,Noviembre,201711.0
Patagonia,Pan francés,kg,Año 2017 - Noviembre,40.62,2017,Noviembre,201711.0
Patagonia,Harina de trigo común,kg,Año 2017 - Noviembre,12.27,2017,Noviembre,201711.0
Patagonia,Arroz blanco simple,kg,Año 2017 - Noviembre,27.01,2017,Noviembre,201711.0
Patagonia,Fideos secos tipo guisero,500 g,Año 2017 - Noviembre,21.58,2017,Noviembre,201711.0
Patagonia,Carne picada común,kg,Año 2017 - Noviembre,96.79,2017,Noviembre,201711.0
Patagonia,Pollo entero,kg,Año 2017 - Noviembre,45.03,2017,Noviembre,201711.0
Patagonia,Aceite de girasol,"1,5 litros",Año 2017 - Noviembre,53.25,2017,Noviembre,201711.0
Patagonia,Leche fresca entera sachet,Litro,Año 2017 - Noviembre,25.39,2017,Noviembre,201711.0
Patagonia,Huevos de gallina,Docena,Año 2017 - Noviembre,44.51,2017,Noviembre,201711.0
Patagonia,Papa,kg,Año 2017 - Noviembre,22.3,2017,Noviembre,201711.0
Patagonia,Azúcar,kg,Año 2017 - Noviembre,22.95,2017,Noviembre,201711.0
Patagonia,Detergente líquido,750 cc,Año 2017 - Noviembre,35.75,2017,Noviembre,201711.0
Patagonia,Lavandina,1.000 cc,Año 2017 - Noviembre,17.44,2017,Noviembre,201711.0
Patagonia,Jabón de tocador,125 g,Año 2017 - Noviembre,15.58,2017,Noviembre,201711.0
GBA,Pan francés,kg,Año 2017 - Diciembre,40.55,2017,Diciembre,201712.0
GBA,Harina de trigo común,kg,Año 2017 - Diciembre,11.03,2017,Diciembre,201712.0
GBA,Arroz blanco simple,kg,Año 2017 - Diciembre,22.1,2017,Diciembre,201712.0
GBA,Fideos secos tipo guisero,500 g,Año 2017 - Diciembre,20.54,2017,Diciembre,201712.0
GBA,Carne picada común,kg,Año 2017 - Diciembre,72.92,2017,Diciembre,201712.0
GBA,Pollo entero,kg,Año 2017 - Diciembre,39.63,2017,Diciembre,201712.0
GBA,Aceite de girasol,"1,5 litros",Año 2017 - Diciembre,55.52,2017,Diciembre,201712.0
GBA,Leche fresca entera sachet,Litro,Año 2017 - Diciembre,22.8,2017,Diciembre,201712.0
GBA,Huevos de gallina,Docena,Año 2017 - Diciembre,33.94,2017,Diciembre,201712.0
GBA,Papa,kg,Año 2017 - Diciembre,18.65,2017,Diciembre,201712.0
GBA,Azúcar,kg,Año 2017 - Diciembre,21.59,2017,Diciembre,201712.0
GBA,Detergente líquido,750 cc,Año 2017 - Diciembre,20.96,2017,Diciembre,201712.0
GBA,Lavandina,1.000 cc,Año 2017 - Diciembre,16.6,2017,Diciembre,201712.0
GBA,Jabón de tocador,125 g,Año 2017 - Diciembre,14.99,2017,Diciembre,201712.0
Pampeana,Pan francés,kg,Año 2017 - Diciembre,33.55,2017,Diciembre,201712.0
Pampeana,Harina de trigo común,kg,Año 2017 - Diciembre,11.62,2017,Diciembre,201712.0
Pampeana,Arroz blanco simple,kg,Año 2017 - Diciembre,22.43,2017,Diciembre,201712.0
Pampeana,Fideos secos tipo guisero,500 g,Año 2017 - Diciembre,18.66,2017,Diciembre,201712.0
Pampeana,Carne picada común,kg,Año 2017 - Diciembre,77.68,2017,Diciembre,201712.0
Pampeana,Pollo entero,kg,Año 2017 - Diciembre,41.35,2017,Diciembre,201712.0
Pampeana,Aceite de girasol,"1,5 litros",Año 2017 - Diciembre,56.58,2017,Diciembre,201712.0
Pampeana,Leche fresca entera sachet,Litro,Año 2017 - Diciembre,24.25,2017,Diciembre,201712.0
Pampeana,Huevos de gallina,Docena,Año 2017 - Diciembre,33.75,2017,Diciembre,201712.0
Pampeana,Papa,kg,Año 2017 - Diciembre,17.68,2017,Diciembre,201712.0
Pampeana,Azúcar,kg,Año 2017 - Diciembre,21.48,2017,Diciembre,201712.0
Pampeana,Detergente líquido,750 cc,Año 2017 - Diciembre,22.91,2017,Diciembre,201712.0
Pampeana,Lavandina,1.000 cc,Año 2017 - Diciembre,15.63,2017,Diciembre,201712.0
Pampeana,Jabón de tocador,125 g,Año 2017 - Diciembre,15.28,2017,Diciembre,201712.0
Noreste,Pan francés,kg,Año 2017 - Diciembre,29.7,2017,Diciembre,201712.0
Noreste,Harina de trigo común,kg,Año 2017 - Diciembre,11.08,2017,Diciembre,201712.0
Noreste,Arroz blanco simple,kg,Año 2017 - Diciembre,20.72,2017,Diciembre,201712.0
Noreste,Fideos secos tipo guisero,500 g,Año 2017 - Diciembre,15.44,2017,Diciembre,201712.0
Noreste,Carne picada común,kg,Año 2017 - Diciembre,77.08,2017,Diciembre,201712.0
Noreste,Pollo entero,kg,Año 2017 - Diciembre,39.33,2017,Diciembre,201712.0
Noreste,Aceite de girasol,"1,5 litros",Año 2017 - Diciembre,58.89,2017,Diciembre,201712.0
Noreste,Leche fresca entera sachet,Litro,Año 2017 - Diciembre,24.61,2017,Diciembre,201712.0
Noreste,Huevos de gallina,Docena,Año 2017 - Diciembre,29.43,2017,Diciembre,201712.0
Noreste,Papa,kg,Año 2017 - Diciembre,15.88,2017,Diciembre,201712.0
Noreste,Azúcar,kg,Año 2017 - Diciembre,19.52,2017,Diciembre,201712.0
Noreste,Detergente líquido,750 cc,Año 2017 - Diciembre,19.55,2017,Diciembre,201712.0
Noreste,Lavandina,1.000 cc,Año 2017 - Diciembre,16.29,2017,Diciembre,201712.0
Noreste,Jabón de tocador,125 g,Año 2017 - Diciembre,14.85,2017,Diciembre,201712.0
Noroeste,Pan francés,kg,Año 2017 - Diciembre,33.62,2017,Diciembre,201712.0
Noroeste,Harina de trigo común,kg,Año 2017 - Diciembre,10.94,2017,Diciembre,201712.0
Noroeste,Arroz blanco simple,kg,Año 2017 - Diciembre,20.03,2017,Diciembre,201712.0
Noroeste,Fideos secos tipo guisero,500 g,Año 2017 - Diciembre,14.13,2017,Diciembre,201712.0
Noroeste,Carne picada común,kg,Año 2017 - Diciembre,85.93,2017,Diciembre,201712.0
Noroeste,Pollo entero,kg,Año 2017 - Diciembre,41.56,2017,Diciembre,201712.0
Noroeste,Aceite de girasol,"1,5 litros",Año 2017 - Diciembre,54.54,2017,Diciembre,201712.0
Noroeste,Leche fresca entera sachet,Litro,Año 2017 - Diciembre,23.33,2017,Diciembre,201712.0
Noroeste,Huevos de gallina,Docena,Año 2017 - Diciembre,31.17,2017,Diciembre,201712.0
Noroeste,Papa,kg,Año 2017 - Diciembre,13.54,2017,Diciembre,201712.0
Noroeste,Azúcar,kg,Año 2017 - Diciembre,17.92,2017,Diciembre,201712.0
Noroeste,Detergente líquido,750 cc,Año 2017 - Diciembre,23.35,2017,Diciembre,201712.0
Noroeste,Lavandina,1.000 cc,Año 2017 - Diciembre,16.31,2017,Diciembre,201712.0
Noroeste,Jabón de tocador,125 g,Año 2017 - Diciembre,15.7,2017,Diciembre,201712.0
Cuyo,Pan francés,kg,Año 2017 - Diciembre,29.34,2017,Diciembre,201712.0
Cuyo,Harina de trigo común,kg,Año 2017 - Diciembre,10.76,2017,Diciembre,201712.0
Cuyo,Arroz blanco simple,kg,Año 2017 - Diciembre,21.06,2017,Diciembre,201712.0
Cuyo,Fideos secos tipo guisero,500 g,Año 2017 - Diciembre,18.98,2017,Diciembre,201712.0
Cuyo,Carne picada común,kg,Año 2017 - Diciembre,74.39,2017,Diciembre,201712.0
Cuyo,Pollo entero,kg,Año 2017 - Diciembre,41.8,2017,Diciembre,201712.0
Cuyo,Aceite de girasol,"1,5 litros",Año 2017 - Diciembre,52.43,2017,Diciembre,201712.0
Cuyo,Leche fresca entera sachet,Litro,Año 2017 - Diciembre,25.0,2017,Diciembre,201712.0
Cuyo,Huevos de gallina,Docena,Año 2017 - Diciembre,34.96,2017,Diciembre,201712.0
Cuyo,Papa,kg,Año 2017 - Diciembre,15.34,2017,Diciembre,201712.0
Cuyo,Azúcar,kg,Año 2017 - Diciembre,20.66,2017,Diciembre,201712.0
Cuyo,Detergente líquido,750 cc,Año 2017 - Diciembre,23.35,2017,Diciembre,201712.0
Cuyo,Lavandina,1.000 cc,Año 2017 - Diciembre,16.66,2017,Diciembre,201712.0
Cuyo,Jabón de tocador,125 g,Año 2017 - Diciembre,15.07,2017,Diciembre,201712.0
Patagonia,Pan francés,kg,Año 2017 - Diciembre,40.84,2017,Diciembre,201712.0
Patagonia,Harina de trigo común,kg,Año 2017 - Diciembre,12.61,2017,Diciembre,201712.0
Patagonia,Arroz blanco simple,kg,Año 2017 - Diciembre,27.55,2017,Diciembre,201712.0
Patagonia,Fideos secos tipo guisero,500 g,Año 2017 - Diciembre,21.98,2017,Diciembre,201712.0
Patagonia,Carne picada común,kg,Año 2017 - Diciembre,95.81,2017,Diciembre,201712.0
Patagonia,Pollo entero,kg,Año 2017 - Diciembre,45.74,2017,Diciembre,201712.0
Patagonia,Aceite de girasol,"1,5 litros",Año 2017 - Diciembre,53.3,2017,Diciembre,201712.0
Patagonia,Leche fresca entera sachet,Litro,Año 2017 - Diciembre,25.87,2017,Diciembre,201712.0
Patagonia,Huevos de gallina,Docena,Año 2017 - Diciembre,44.52,2017,Diciembre,201712.0
Patagonia,Papa,kg,Año 2017 - Diciembre,22.54,2017,Diciembre,201712.0
Patagonia,Azúcar,kg,Año 2017 - Diciembre,23.66,2017,Diciembre,201712.0
Patagonia,Detergente líquido,750 cc,Año 2017 - Diciembre,37.13,2017,Diciembre,201712.0
Patagonia,Lavandina,1.000 cc,Año 2017 - Diciembre,18.29,2017,Diciembre,201712.0
Patagonia,Jabón de tocador,125 g,Año 2017 - Diciembre,15.74,2017,Diciembre,201712.0
GBA,Pan francés,kg,Año 2018 - Enero,41.29,2018,Enero,201801.0
GBA,Harina de trigo común,kg,Año 2018 - Enero,11.2,2018,Enero,201801.0
GBA,Arroz blanco simple,kg,Año 2018 - Enero,22.81,2018,Enero,201801.0
GBA,Fideos secos tipo guisero,500 g,Año 2018 - Enero,21.23,2018,Enero,201801.0
GBA,Carne picada común,kg,Año 2018 - Enero,72.19,2018,Enero,201801.0
GBA,Pollo entero,kg,Año 2018 - Enero,41.78,2018,Enero,201801.0
GBA,Aceite de girasol,"1,5 litros",Año 2018 - Enero,55.86,2018,Enero,201801.0
GBA,Leche fresca entera sachet,Litro,Año 2018 - Enero,22.98,2018,Enero,201801.0
GBA,Huevos de gallina,Docena,Año 2018 - Enero,34.19,2018,Enero,201801.0
GBA,Papa,kg,Año 2018 - Enero,17.64,2018,Enero,201801.0
GBA,Azúcar,kg,Año 2018 - Enero,22.58,2018,Enero,201801.0
GBA,Detergente líquido,750 cc,Año 2018 - Enero,21.24,2018,Enero,201801.0
GBA,Lavandina,1.000 cc,Año 2018 - Enero,17.22,2018,Enero,201801.0
GBA,Jabón de tocador,125 g,Año 2018 - Enero,15.07,2018,Enero,201801.0
Pampeana,Pan francés,kg,Año 2018 - Enero,34.1,2018,Enero,201801.0
Pampeana,Harina de trigo común,kg,Año 2018 - Enero,11.72,2018,Enero,201801.0
Pampeana,Arroz blanco simple,kg,Año 2018 - Enero,22.8,2018,Enero,201801.0
Pampeana,Fideos secos tipo guisero,500 g,Año 2018 - Enero,19.32,2018,Enero,201801.0
Pampeana,Carne picada común,kg,Año 2018 - Enero,77.34,2018,Enero,201801.0
Pampeana,Pollo entero,kg,Año 2018 - Enero,43.73,2018,Enero,201801.0
Pampeana,Aceite de girasol,"1,5 litros",Año 2018 - Enero,57.11,2018,Enero,201801.0
Pampeana,Leche fresca entera sachet,Litro,Año 2018 - Enero,24.52,2018,Enero,201801.0
Pampeana,Huevos de gallina,Docena,Año 2018 - Enero,33.93,2018,Enero,201801.0
Pampeana,Papa,kg,Año 2018 - Enero,16.67,2018,Enero,201801.0
Pampeana,Azúcar,kg,Año 2018 - Enero,21.86,2018,Enero,201801.0
Pampeana,Detergente líquido,750 cc,Año 2018 - Enero,23.26,2018,Enero,201801.0
Pampeana,Lavandina,1.000 cc,Año 2018 - Enero,16.0,2018,Enero,201801.0
Pampeana,Jabón de tocador,125 g,Año 2018 - Enero,15.26,2018,Enero,201801.0
Noreste,Pan francés,kg,Año 2018 - Enero,30.2,2018,Enero,201801.0
Noreste,Harina de trigo común,kg,Año 2018 - Enero,11.1,2018,Enero,201801.0
Noreste,Arroz blanco simple,kg,Año 2018 - Enero,21.06,2018,Enero,201801.0
Noreste,Fideos secos tipo guisero,500 g,Año 2018 - Enero,15.39,2018,Enero,201801.0
Noreste,Carne picada común,kg,Año 2018 - Enero,78.31,2018,Enero,201801.0
Noreste,Pollo entero,kg,Año 2018 - Enero,41.16,2018,Enero,201801.0
Noreste,Aceite de girasol,"1,5 litros",Año 2018 - Enero,58.53,2018,Enero,201801.0
Noreste,Leche fresca entera sachet,Litro,Año 2018 - Enero,24.43,2018,Enero,201801.0
Noreste,Huevos de gallina,Docena,Año 2018 - Enero,30.01,2018,Enero,201801.0
Noreste,Papa,kg,Año 2018 - Enero,15.84,2018,Enero,201801.0
Noreste,Azúcar,kg,Año 2018 - Enero,19.84,2018,Enero,201801.0
Noreste,Detergente líquido,750 cc,Año 2018 - Enero,20.53,2018,Enero,201801.0
Noreste,Lavandina,1.000 cc,Año 2018 - Enero,16.6,2018,Enero,201801.0
Noreste,Jabón de tocador,125 g,Año 2018 - Enero,14.9,2018,Enero,201801.0
Noroeste,Pan francés,kg,Año 2018 - Enero,34.13,2018,Enero,201801.0
Noroeste,Harina de trigo común,kg,Año 2018 - Enero,11.0,2018,Enero,201801.0
Noroeste,Arroz blanco simple,kg,Año 2018 - Enero,20.33,2018,Enero,201801.0
Noroeste,Fideos secos tipo guisero,500 g,Año 2018 - Enero,14.37,2018,Enero,201801.0
Noroeste,Carne picada común,kg,Año 2018 - Enero,86.31,2018,Enero,201801.0
Noroeste,Pollo entero,kg,Año 2018 - Enero,43.22,2018,Enero,201801.0
Noroeste,Aceite de girasol,"1,5 litros",Año 2018 - Enero,55.1,2018,Enero,201801.0
Noroeste,Leche fresca entera sachet,Litro,Año 2018 - Enero,23.62,2018,Enero,201801.0
Noroeste,Huevos de gallina,Docena,Año 2018 - Enero,31.46,2018,Enero,201801.0
Noroeste,Papa,kg,Año 2018 - Enero,13.26,2018,Enero,201801.0
Noroeste,Azúcar,kg,Año 2018 - Enero,18.27,2018,Enero,201801.0
Noroeste,Detergente líquido,750 cc,Año 2018 - Enero,23.63,2018,Enero,201801.0
Noroeste,Lavandina,1.000 cc,Año 2018 - Enero,16.81,2018,Enero,201801.0
Noroeste,Jabón de tocador,125 g,Año 2018 - Enero,15.72,2018,Enero,201801.0
Cuyo,Pan francés,kg,Año 2018 - Enero,29.4,2018,Enero,201801.0
Cuyo,Harina de trigo común,kg,Año 2018 - Enero,10.8,2018,Enero,201801.0
Cuyo,Arroz blanco simple,kg,Año 2018 - Enero,21.48,2018,Enero,201801.0
Cuyo,Fideos secos tipo guisero,500 g,Año 2018 - Enero,19.28,2018,Enero,201801.0
Cuyo,Carne picada común,kg,Año 2018 - Enero,75.15,2018,Enero,201801.0
Cuyo,Pollo entero,kg,Año 2018 - Enero,43.66,2018,Enero,201801.0
Cuyo,Aceite de girasol,"1,5 litros",Año 2018 - Enero,52.7,2018,Enero,201801.0
Cuyo,Leche fresca entera sachet,Litro,Año 2018 - Enero,25.04,2018,Enero,201801.0
Cuyo,Huevos de gallina,Docena,Año 2018 - Enero,35.47,2018,Enero,201801.0
Cuyo,Papa,kg,Año 2018 - Enero,12.92,2018,Enero,201801.0
Cuyo,Azúcar,kg,Año 2018 - Enero,21.05,2018,Enero,201801.0
Cuyo,Detergente líquido,750 cc,Año 2018 - Enero,23.34,2018,Enero,201801.0
Cuyo,Lavandina,1.000 cc,Año 2018 - Enero,17.06,2018,Enero,201801.0
Cuyo,Jabón de tocador,125 g,Año 2018 - Enero,15.2,2018,Enero,201801.0
Patagonia,Pan francés,kg,Año 2018 - Enero,41.85,2018,Enero,201801.0
Patagonia,Harina de trigo común,kg,Año 2018 - Enero,13.52,2018,Enero,201801.0
Patagonia,Arroz blanco simple,kg,Año 2018 - Enero,27.88,2018,Enero,201801.0
Patagonia,Fideos secos tipo guisero,500 g,Año 2018 - Enero,22.81,2018,Enero,201801.0
Patagonia,Carne picada común,kg,Año 2018 - Enero,98.77,2018,Enero,201801.0
Patagonia,Pollo entero,kg,Año 2018 - Enero,46.42,2018,Enero,201801.0
Patagonia,Aceite de girasol,"1,5 litros",Año 2018 - Enero,53.37,2018,Enero,201801.0
Patagonia,Leche fresca entera sachet,Litro,Año 2018 - Enero,25.79,2018,Enero,201801.0
Patagonia,Huevos de gallina,Docena,Año 2018 - Enero,45.02,2018,Enero,201801.0
Patagonia,Papa,kg,Año 2018 - Enero,21.91,2018,Enero,201801.0
Patagonia,Azúcar,kg,Año 2018 - Enero,24.61,2018,Enero,201801.0
Patagonia,Detergente líquido,750 cc,Año 2018 - Enero,36.25,2018,Enero,201801.0
Patagonia,Lavandina,1.000 cc,Año 2018 - Enero,18.23,2018,Enero,201801.0
Patagonia,Jabón de tocador,125 g,Año 2018 - Enero,15.89,2018,Enero,201801.0
GBA,Pan francés,kg,Año 2018 - Febrero,42.62,2018,Febrero,201802.0
GBA,Harina de trigo común,kg,Año 2018 - Febrero,11.64,2018,Febrero,201802.0
GBA,Arroz blanco simple,kg,Año 2018 - Febrero,23.22,2018,Febrero,201802.0
GBA,Fideos secos tipo guisero,500 g,Año 2018 - Febrero,21.56,2018,Febrero,201802.0
GBA,Carne picada común,kg,Año 2018 - Febrero,75.63,2018,Febrero,201802.0
GBA,Pollo entero,kg,Año 2018 - Febrero,45.32,2018,Febrero,201802.0
GBA,Aceite de girasol,"1,5 litros",Año 2018 - Febrero,56.01,2018,Febrero,201802.0
GBA,Leche fresca entera sachet,Litro,Año 2018 - Febrero,23.08,2018,Febrero,201802.0
GBA,Huevos de gallina,Docena,Año 2018 - Febrero,36.99,2018,Febrero,201802.0
GBA,Papa,kg,Año 2018 - Febrero,16.64,2018,Febrero,201802.0
GBA,Azúcar,kg,Año 2018 - Febrero,23.57,2018,Febrero,201802.0
GBA,Detergente líquido,750 cc,Año 2018 - Febrero,21.16,2018,Febrero,201802.0
GBA,Lavandina,1.000 cc,Año 2018 - Febrero,17.65,2018,Febrero,201802.0
GBA,Jabón de tocador,125 g,Año 2018 - Febrero,15.32,2018,Febrero,201802.0
Pampeana,Pan francés,kg,Año 2018 - Febrero,35.05,2018,Febrero,201802.0
Pampeana,Harina de trigo común,kg,Año 2018 - Febrero,12.01,2018,Febrero,201802.0
Pampeana,Arroz blanco simple,kg,Año 2018 - Febrero,23.21,2018,Febrero,201802.0
Pampeana,Fideos secos tipo guisero,500 g,Año 2018 - Febrero,19.52,2018,Febrero,201802.0
Pampeana,Carne picada común,kg,Año 2018 - Febrero,79.29,2018,Febrero,201802.0
Pampeana,Pollo entero,kg,Año 2018 - Febrero,47.21,2018,Febrero,201802.0
Pampeana,Aceite de girasol,"1,5 litros",Año 2018 - Febrero,57.15,2018,Febrero,201802.0
Pampeana,Leche fresca entera sachet,Litro,Año 2018 - Febrero,24.61,2018,Febrero,201802.0
Pampeana,Huevos de gallina,Docena,Año 2018 - Febrero,36.04,2018,Febrero,201802.0
Pampeana,Papa,kg,Año 2018 - Febrero,15.92,2018,Febrero,201802.0
Pampeana,Azúcar,kg,Año 2018 - Febrero,22.72,2018,Febrero,201802.0
Pampeana,Detergente líquido,750 cc,Año 2018 - Febrero,23.12,2018,Febrero,201802.0
Pampeana,Lavandina,1.000 cc,Año 2018 - Febrero,16.58,2018,Febrero,201802.0
Pampeana,Jabón de tocador,125 g,Año 2018 - Febrero,15.35,2018,Febrero,201802.0
Noreste,Pan francés,kg,Año 2018 - Febrero,31.29,2018,Febrero,201802.0
Noreste,Harina de trigo común,kg,Año 2018 - Febrero,11.5,2018,Febrero,201802.0
Noreste,Arroz blanco simple,kg,Año 2018 - Febrero,21.13,2018,Febrero,201802.0
Noreste,Fideos secos tipo guisero,500 g,Año 2018 - Febrero,15.96,2018,Febrero,201802.0
Noreste,Carne picada común,kg,Año 2018 - Febrero,78.49,2018,Febrero,201802.0
Noreste,Pollo entero,kg,Año 2018 - Febrero,43.41,2018,Febrero,201802.0
Noreste,Aceite de girasol,"1,5 litros",Año 2018 - Febrero,58.98,2018,Febrero,201802.0
Noreste,Leche fresca entera sachet,Litro,Año 2018 - Febrero,24.57,2018,Febrero,201802.0
Noreste,Huevos de gallina,Docena,Año 2018 - Febrero,31.01,2018,Febrero,201802.0
Noreste,Papa,kg,Año 2018 - Febrero,15.56,2018,Febrero,201802.0
Noreste,Azúcar,kg,Año 2018 - Febrero,20.58,2018,Febrero,201802.0
Noreste,Detergente líquido,750 cc,Año 2018 - Febrero,20.78,2018,Febrero,201802.0
Noreste,Lavandina,1.000 cc,Año 2018 - Febrero,16.81,2018,Febrero,201802.0
Noreste,Jabón de tocador,125 g,Año 2018 - Febrero,14.91,2018,Febrero,201802.0
Noroeste,Pan francés,kg,Año 2018 - Febrero,35.19,2018,Febrero,201802.0
Noroeste,Harina de trigo común,kg,Año 2018 - Febrero,11.29,2018,Febrero,201802.0
Noroeste,Arroz blanco simple,kg,Año 2018 - Febrero,20.44,2018,Febrero,201802.0
Noroeste,Fideos secos tipo guisero,500 g,Año 2018 - Febrero,14.58,2018,Febrero,201802.0
Noroeste,Carne picada común,kg,Año 2018 - Febrero,87.31,2018,Febrero,201802.0
Noroeste,Pollo entero,kg,Año 2018 - Febrero,46.54,2018,Febrero,201802.0
Noroeste,Aceite de girasol,"1,5 litros",Año 2018 - Febrero,55.66,2018,Febrero,201802.0
Noroeste,Leche fresca entera sachet,Litro,Año 2018 - Febrero,23.88,2018,Febrero,201802.0
Noroeste,Huevos de gallina,Docena,Año 2018 - Febrero,33.87,2018,Febrero,201802.0
Noroeste,Papa,kg,Año 2018 - Febrero,12.54,2018,Febrero,201802.0
Noroeste,Azúcar,kg,Año 2018 - Febrero,18.91,2018,Febrero,201802.0
Noroeste,Detergente líquido,750 cc,Año 2018 - Febrero,23.35,2018,Febrero,201802.0
Noroeste,Lavandina,1.000 cc,Año 2018 - Febrero,16.86,2018,Febrero,201802.0
Noroeste,Jabón de tocador,125 g,Año 2018 - Febrero,15.45,2018,Febrero,201802.0
Cuyo,Pan francés,kg,Año 2018 - Febrero,29.94,2018,Febrero,201802.0
Cuyo,Harina de trigo común,kg,Año 2018 - Febrero,11.29,2018,Febrero,201802.0
Cuyo,Arroz blanco simple,kg,Año 2018 - Febrero,22.03,2018,Febrero,201802.0
Cuyo,Fideos secos tipo guisero,500 g,Año 2018 - Febrero,20.07,2018,Febrero,201802.0
Cuyo,Carne picada común,kg,Año 2018 - Febrero,77.98,2018,Febrero,201802.0
Cuyo,Pollo entero,kg,Año 2018 - Febrero,46.71,2018,Febrero,201802.0
Cuyo,Aceite de girasol,"1,5 litros",Año 2018 - Febrero,52.79,2018,Febrero,201802.0
Cuyo,Leche fresca entera sachet,Litro,Año 2018 - Febrero,25.36,2018,Febrero,201802.0
Cuyo,Huevos de gallina,Docena,Año 2018 - Febrero,39.28,2018,Febrero,201802.0
Cuyo,Papa,kg,Año 2018 - Febrero,13.55,2018,Febrero,201802.0
Cuyo,Azúcar,kg,Año 2018 - Febrero,21.63,2018,Febrero,201802.0
Cuyo,Detergente líquido,750 cc,Año 2018 - Febrero,23.28,2018,Febrero,201802.0
Cuyo,Lavandina,1.000 cc,Año 2018 - Febrero,17.71,2018,Febrero,201802.0
Cuyo,Jabón de tocador,125 g,Año 2018 - Febrero,15.2,2018,Febrero,201802.0
Patagonia,Pan francés,kg,Año 2018 - Febrero,42.98,2018,Febrero,201802.0
Patagonia,Harina de trigo común,kg,Año 2018 - Febrero,13.68,2018,Febrero,201802.0
Patagonia,Arroz blanco simple,kg,Año 2018 - Febrero,28.81,2018,Febrero,201802.0
Patagonia,Fideos secos tipo guisero,500 g,Año 2018 - Febrero,23.33,2018,Febrero,201802.0
Patagonia,Carne picada común,kg,Año 2018 - Febrero,98.02,2018,Febrero,201802.0
Patagonia,Pollo entero,kg,Año 2018 - Febrero,49.05,2018,Febrero,201802.0
Patagonia,Aceite de girasol,"1,5 litros",Año 2018 - Febrero,53.93,2018,Febrero,201802.0
Patagonia,Leche fresca entera sachet,Litro,Año 2018 - Febrero,25.89,2018,Febrero,201802.0
Patagonia,Huevos de gallina,Docena,Año 2018 - Febrero,45.73,2018,Febrero,201802.0
Patagonia,Papa,kg,Año 2018 - Febrero,22.34,2018,Febrero,201802.0
Patagonia,Azúcar,kg,Año 2018 - Febrero,25.22,2018,Febrero,201802.0
Patagonia,Detergente líquido,750 cc,Año 2018 - Febrero,36.94,2018,Febrero,201802.0
Patagonia,Lavandina,1.000 cc,Año 2018 - Febrero,18.99,2018,Febrero,201802.0
Patagonia,Jabón de tocador,125 g,Año 2018 - Febrero,16.19,2018,Febrero,201802.0
GBA,Pan francés,kg,Año 2018 - Marzo,44.38,2018,Marzo,201803.0
GBA,Harina de trigo común,kg,Año 2018 - Marzo,11.94,2018,Marzo,201803.0
GBA,Arroz blanco simple,kg,Año 2018 - Marzo,23.84,2018,Marzo,201803.0
GBA,Fideos secos tipo guisero,500 g,Año 2018 - Marzo,22.35,2018,Marzo,201803.0
GBA,Carne picada común,kg,Año 2018 - Marzo,77.08,2018,Marzo,201803.0
GBA,Pollo entero,kg,Año 2018 - Marzo,47.36,2018,Marzo,201803.0
GBA,Aceite de girasol,"1,5 litros",Año 2018 - Marzo,57.25,2018,Marzo,201803.0
GBA,Leche fresca entera sachet,Litro,Año 2018 - Marzo,23.26,2018,Marzo,201803.0
GBA,Huevos de gallina,Docena,Año 2018 - Marzo,43.8,2018,Marzo,201803.0
GBA,Papa,kg,Año 2018 - Marzo,15.67,2018,Marzo,201803.0
GBA,Azúcar,kg,Año 2018 - Marzo,24.28,2018,Marzo,201803.0
GBA,Detergente líquido,750 cc,Año 2018 - Marzo,22.16,2018,Marzo,201803.0
GBA,Lavandina,1.000 cc,Año 2018 - Marzo,18.05,2018,Marzo,201803.0
GBA,Jabón de tocador,125 g,Año 2018 - Marzo,15.81,2018,Marzo,201803.0
Pampeana,Pan francés,kg,Año 2018 - Marzo,36.48,2018,Marzo,201803.0
Pampeana,Harina de trigo común,kg,Año 2018 - Marzo,12.38,2018,Marzo,201803.0
Pampeana,Arroz blanco simple,kg,Año 2018 - Marzo,23.9,2018,Marzo,201803.0
Pampeana,Fideos secos tipo guisero,500 g,Año 2018 - Marzo,19.64,2018,Marzo,201803.0
Pampeana,Carne picada común,kg,Año 2018 - Marzo,81.57,2018,Marzo,201803.0
Pampeana,Pollo entero,kg,Año 2018 - Marzo,50.0,2018,Marzo,201803.0
Pampeana,Aceite de girasol,"1,5 litros",Año 2018 - Marzo,59.11,2018,Marzo,201803.0
Pampeana,Leche fresca entera sachet,Litro,Año 2018 - Marzo,25.0,2018,Marzo,201803.0
Pampeana,Huevos de gallina,Docena,Año 2018 - Marzo,41.91,2018,Marzo,201803.0
Pampeana,Papa,kg,Año 2018 - Marzo,14.9,2018,Marzo,201803.0
Pampeana,Azúcar,kg,Año 2018 - Marzo,23.25,2018,Marzo,201803.0
Pampeana,Detergente líquido,750 cc,Año 2018 - Marzo,23.7,2018,Marzo,201803.0
Pampeana,Lavandina,1.000 cc,Año 2018 - Marzo,17.12,2018,Marzo,201803.0
Pampeana,Jabón de tocador,125 g,Año 2018 - Marzo,15.78,2018,Marzo,201803.0
Noreste,Pan francés,kg,Año 2018 - Marzo,32.86,2018,Marzo,201803.0
Noreste,Harina de trigo común,kg,Año 2018 - Marzo,11.76,2018,Marzo,201803.0
Noreste,Arroz blanco simple,kg,Año 2018 - Marzo,21.47,2018,Marzo,201803.0
Noreste,Fideos secos tipo guisero,500 g,Año 2018 - Marzo,16.05,2018,Marzo,201803.0
Noreste,Carne picada común,kg,Año 2018 - Marzo,79.99,2018,Marzo,201803.0
Noreste,Pollo entero,kg,Año 2018 - Marzo,46.89,2018,Marzo,201803.0
Noreste,Aceite de girasol,"1,5 litros",Año 2018 - Marzo,59.3,2018,Marzo,201803.0
Noreste,Leche fresca entera sachet,Litro,Año 2018 - Marzo,24.68,2018,Marzo,201803.0
Noreste,Huevos de gallina,Docena,Año 2018 - Marzo,37.49,2018,Marzo,201803.0
Noreste,Papa,kg,Año 2018 - Marzo,15.29,2018,Marzo,201803.0
Noreste,Azúcar,kg,Año 2018 - Marzo,21.34,2018,Marzo,201803.0
Noreste,Detergente líquido,750 cc,Año 2018 - Marzo,21.39,2018,Marzo,201803.0
Noreste,Lavandina,1.000 cc,Año 2018 - Marzo,17.32,2018,Marzo,201803.0
Noreste,Jabón de tocador,125 g,Año 2018 - Marzo,15.08,2018,Marzo,201803.0
Noroeste,Pan francés,kg,Año 2018 - Marzo,36.33,2018,Marzo,201803.0
Noroeste,Harina de trigo común,kg,Año 2018 - Marzo,11.5,2018,Marzo,201803.0
Noroeste,Arroz blanco simple,kg,Año 2018 - Marzo,21.14,2018,Marzo,201803.0
Noroeste,Fideos secos tipo guisero,500 g,Año 2018 - Marzo,15.21,2018,Marzo,201803.0
Noroeste,Carne picada común,kg,Año 2018 - Marzo,88.96,2018,Marzo,201803.0
Noroeste,Pollo entero,kg,Año 2018 - Marzo,50.19,2018,Marzo,201803.0
Noroeste,Aceite de girasol,"1,5 litros",Año 2018 - Marzo,56.64,2018,Marzo,201803.0
Noroeste,Leche fresca entera sachet,Litro,Año 2018 - Marzo,23.88,2018,Marzo,201803.0
Noroeste,Huevos de gallina,Docena,Año 2018 - Marzo,41.52,2018,Marzo,201803.0
Noroeste,Papa,kg,Año 2018 - Marzo,12.18,2018,Marzo,201803.0
Noroeste,Azúcar,kg,Año 2018 - Marzo,19.58,2018,Marzo,201803.0
Noroeste,Detergente líquido,750 cc,Año 2018 - Marzo,23.34,2018,Marzo,201803.0
Noroeste,Lavandina,1.000 cc,Año 2018 - Marzo,16.84,2018,Marzo,201803.0
Noroeste,Jabón de tocador,125 g,Año 2018 - Marzo,15.86,2018,Marzo,201803.0
Cuyo,Pan francés,kg,Año 2018 - Marzo,31.82,2018,Marzo,201803.0
Cuyo,Harina de trigo común,kg,Año 2018 - Marzo,11.97,2018,Marzo,201803.0
Cuyo,Arroz blanco simple,kg,Año 2018 - Marzo,23.34,2018,Marzo,201803.0
Cuyo,Fideos secos tipo guisero,500 g,Año 2018 - Marzo,20.53,2018,Marzo,201803.0
Cuyo,Carne picada común,kg,Año 2018 - Marzo,80.76,2018,Marzo,201803.0
Cuyo,Pollo entero,kg,Año 2018 - Marzo,48.83,2018,Marzo,201803.0
Cuyo,Aceite de girasol,"1,5 litros",Año 2018 - Marzo,55.55,2018,Marzo,201803.0
Cuyo,Leche fresca entera sachet,Litro,Año 2018 - Marzo,25.49,2018,Marzo,201803.0
Cuyo,Huevos de gallina,Docena,Año 2018 - Marzo,46.12,2018,Marzo,201803.0
Cuyo,Papa,kg,Año 2018 - Marzo,13.58,2018,Marzo,201803.0
Cuyo,Azúcar,kg,Año 2018 - Marzo,22.49,2018,Marzo,201803.0
Cuyo,Detergente líquido,750 cc,Año 2018 - Marzo,24.35,2018,Marzo,201803.0
Cuyo,Lavandina,1.000 cc,Año 2018 - Marzo,17.81,2018,Marzo,201803.0
Cuyo,Jabón de tocador,125 g,Año 2018 - Marzo,15.64,2018,Marzo,201803.0
Patagonia,Pan francés,kg,Año 2018 - Marzo,44.92,2018,Marzo,201803.0
Patagonia,Harina de trigo común,kg,Año 2018 - Marzo,13.7,2018,Marzo,201803.0
Patagonia,Arroz blanco simple,kg,Año 2018 - Marzo,28.88,2018,Marzo,201803.0
Patagonia,Fideos secos tipo guisero,500 g,Año 2018 - Marzo,23.23,2018,Marzo,201803.0
Patagonia,Carne picada común,kg,Año 2018 - Marzo,101.22,2018,Marzo,201803.0
Patagonia,Pollo entero,kg,Año 2018 - Marzo,52.38,2018,Marzo,201803.0
Patagonia,Aceite de girasol,"1,5 litros",Año 2018 - Marzo,55.15,2018,Marzo,201803.0
Patagonia,Leche fresca entera sachet,Litro,Año 2018 - Marzo,26.09,2018,Marzo,201803.0
Patagonia,Huevos de gallina,Docena,Año 2018 - Marzo,50.24,2018,Marzo,201803.0
Patagonia,Papa,kg,Año 2018 - Marzo,21.71,2018,Marzo,201803.0
Patagonia,Azúcar,kg,Año 2018 - Marzo,25.79,2018,Marzo,201803.0
Patagonia,Detergente líquido,750 cc,Año 2018 - Marzo,37.33,2018,Marzo,201803.0
Patagonia,Lavandina,1.000 cc,Año 2018 - Marzo,19.41,2018,Marzo,201803.0
Patagonia,Jabón de tocador,125 g,Año 2018 - Marzo,16.51,2018,Marzo,201803.0
GBA,Pan francés,kg,Año 2018 - Abril,45.83,2018,Abril,201804.0
GBA,Harina de trigo común,kg,Año 2018 - Abril,12.72,2018,Abril,201804.0
GBA,Arroz blanco simple,kg,Año 2018 - Abril,24.37,2018,Abril,201804.0
GBA,Fideos secos tipo guisero,500 g,Año 2018 - Abril,22.86,2018,Abril,201804.0
GBA,Carne picada común,kg,Año 2018 - Abril,80.3,2018,Abril,201804.0
GBA,Pollo entero,kg,Año 2018 - Abril,44.75,2018,Abril,201804.0
GBA,Aceite de girasol,"1,5 litros",Año 2018 - Abril,59.53,2018,Abril,201804.0
GBA,Leche fresca entera sachet,Litro,Año 2018 - Abril,23.84,2018,Abril,201804.0
GBA,Huevos de gallina,Docena,Año 2018 - Abril,48.0,2018,Abril,201804.0
GBA,Papa,kg,Año 2018 - Abril,15.31,2018,Abril,201804.0
GBA,Azúcar,kg,Año 2018 - Abril,24.68,2018,Abril,201804.0
GBA,Detergente líquido,750 cc,Año 2018 - Abril,22.46,2018,Abril,201804.0
GBA,Lavandina,1.000 cc,Año 2018 - Abril,19.11,2018,Abril,201804.0
GBA,Jabón de tocador,125 g,Año 2018 - Abril,15.96,2018,Abril,201804.0
Pampeana,Pan francés,kg,Año 2018 - Abril,37.81,2018,Abril,201804.0
Pampeana,Harina de trigo común,kg,Año 2018 - Abril,13.56,2018,Abril,201804.0
Pampeana,Arroz blanco simple,kg,Año 2018 - Abril,24.37,2018,Abril,201804.0
Pampeana,Fideos secos tipo guisero,500 g,Año 2018 - Abril,20.24,2018,Abril,201804.0
Pampeana,Carne picada común,kg,Año 2018 - Abril,84.12,2018,Abril,201804.0
Pampeana,Pollo entero,kg,Año 2018 - Abril,47.48,2018,Abril,201804.0
Pampeana,Aceite de girasol,"1,5 litros",Año 2018 - Abril,61.03,2018,Abril,201804.0
Pampeana,Leche fresca entera sachet,Litro,Año 2018 - Abril,25.43,2018,Abril,201804.0
Pampeana,Huevos de gallina,Docena,Año 2018 - Abril,47.36,2018,Abril,201804.0
Pampeana,Papa,kg,Año 2018 - Abril,14.69,2018,Abril,201804.0
Pampeana,Azúcar,kg,Año 2018 - Abril,23.6,2018,Abril,201804.0
Pampeana,Detergente líquido,750 cc,Año 2018 - Abril,24.14,2018,Abril,201804.0
Pampeana,Lavandina,1.000 cc,Año 2018 - Abril,17.62,2018,Abril,201804.0
Pampeana,Jabón de tocador,125 g,Año 2018 - Abril,16.08,2018,Abril,201804.0
Noreste,Pan francés,kg,Año 2018 - Abril,34.27,2018,Abril,201804.0
Noreste,Harina de trigo común,kg,Año 2018 - Abril,12.15,2018,Abril,201804.0
Noreste,Arroz blanco simple,kg,Año 2018 - Abril,22.25,2018,Abril,201804.0
Noreste,Fideos secos tipo guisero,500 g,Año 2018 - Abril,16.61,2018,Abril,201804.0
Noreste,Carne picada común,kg,Año 2018 - Abril,82.18,2018,Abril,201804.0
Noreste,Pollo entero,kg,Año 2018 - Abril,46.31,2018,Abril,201804.0
Noreste,Aceite de girasol,"1,5 litros",Año 2018 - Abril,60.94,2018,Abril,201804.0
Noreste,Leche fresca entera sachet,Litro,Año 2018 - Abril,25.32,2018,Abril,201804.0
Noreste,Huevos de gallina,Docena,Año 2018 - Abril,41.01,2018,Abril,201804.0
Noreste,Papa,kg,Año 2018 - Abril,15.19,2018,Abril,201804.0
Noreste,Azúcar,kg,Año 2018 - Abril,22.25,2018,Abril,201804.0
Noreste,Detergente líquido,750 cc,Año 2018 - Abril,21.77,2018,Abril,201804.0
Noreste,Lavandina,1.000 cc,Año 2018 - Abril,18.06,2018,Abril,201804.0
Noreste,Jabón de tocador,125 g,Año 2018 - Abril,15.39,2018,Abril,201804.0
Noroeste,Pan francés,kg,Año 2018 - Abril,37.44,2018,Abril,201804.0
Noroeste,Harina de trigo común,kg,Año 2018 - Abril,12.48,2018,Abril,201804.0
Noroeste,Arroz blanco simple,kg,Año 2018 - Abril,21.57,2018,Abril,201804.0
Noroeste,Fideos secos tipo guisero,500 g,Año 2018 - Abril,15.84,2018,Abril,201804.0
Noroeste,Carne picada común,kg,Año 2018 - Abril,90.64,2018,Abril,201804.0
Noroeste,Pollo entero,kg,Año 2018 - Abril,47.26,2018,Abril,201804.0
Noroeste,Aceite de girasol,"1,5 litros",Año 2018 - Abril,58.31,2018,Abril,201804.0
Noroeste,Leche fresca entera sachet,Litro,Año 2018 - Abril,24.62,2018,Abril,201804.0
Noroeste,Huevos de gallina,Docena,Año 2018 - Abril,45.19,2018,Abril,201804.0
Noroeste,Papa,kg,Año 2018 - Abril,11.54,2018,Abril,201804.0
Noroeste,Azúcar,kg,Año 2018 - Abril,20.1,2018,Abril,201804.0
Noroeste,Detergente líquido,750 cc,Año 2018 - Abril,23.99,2018,Abril,201804.0
Noroeste,Lavandina,1.000 cc,Año 2018 - Abril,17.97,2018,Abril,201804.0
Noroeste,Jabón de tocador,125 g,Año 2018 - Abril,16.16,2018,Abril,201804.0
Cuyo,Pan francés,kg,Año 2018 - Abril,34.7,2018,Abril,201804.0
Cuyo,Harina de trigo común,kg,Año 2018 - Abril,12.88,2018,Abril,201804.0
Cuyo,Arroz blanco simple,kg,Año 2018 - Abril,23.67,2018,Abril,201804.0
Cuyo,Fideos secos tipo guisero,500 g,Año 2018 - Abril,20.95,2018,Abril,201804.0
Cuyo,Carne picada común,kg,Año 2018 - Abril,82.26,2018,Abril,201804.0
Cuyo,Pollo entero,kg,Año 2018 - Abril,47.06,2018,Abril,201804.0
Cuyo,Aceite de girasol,"1,5 litros",Año 2018 - Abril,58.67,2018,Abril,201804.0
Cuyo,Leche fresca entera sachet,Litro,Año 2018 - Abril,26.1,2018,Abril,201804.0
Cuyo,Huevos de gallina,Docena,Año 2018 - Abril,54.0,2018,Abril,201804.0
Cuyo,Papa,kg,Año 2018 - Abril,12.63,2018,Abril,201804.0
Cuyo,Azúcar,kg,Año 2018 - Abril,23.09,2018,Abril,201804.0
Cuyo,Detergente líquido,750 cc,Año 2018 - Abril,24.56,2018,Abril,201804.0
Cuyo,Lavandina,1.000 cc,Año 2018 - Abril,18.36,2018,Abril,201804.0
Cuyo,Jabón de tocador,125 g,Año 2018 - Abril,15.74,2018,Abril,201804.0
Patagonia,Pan francés,kg,Año 2018 - Abril,46.61,2018,Abril,201804.0
Patagonia,Harina de trigo común,kg,Año 2018 - Abril,14.49,2018,Abril,201804.0
Patagonia,Arroz blanco simple,kg,Año 2018 - Abril,30.21,2018,Abril,201804.0
Patagonia,Fideos secos tipo guisero,500 g,Año 2018 - Abril,23.43,2018,Abril,201804.0
Patagonia,Carne picada común,kg,Año 2018 - Abril,103.94,2018,Abril,201804.0
Patagonia,Pollo entero,kg,Año 2018 - Abril,53.61,2018,Abril,201804.0
Patagonia,Aceite de girasol,"1,5 litros",Año 2018 - Abril,57.1,2018,Abril,201804.0
Patagonia,Leche fresca entera sachet,Litro,Año 2018 - Abril,26.82,2018,Abril,201804.0
Patagonia,Huevos de gallina,Docena,Año 2018 - Abril,56.18,2018,Abril,201804.0
Patagonia,Papa,kg,Año 2018 - Abril,21.38,2018,Abril,201804.0
Patagonia,Azúcar,kg,Año 2018 - Abril,26.31,2018,Abril,201804.0
Patagonia,Detergente líquido,750 cc,Año 2018 - Abril,37.69,2018,Abril,201804.0
Patagonia,Lavandina,1.000 cc,Año 2018 - Abril,20.04,2018,Abril,201804.0
Patagonia,Jabón de tocador,125 g,Año 2018 - Abril,16.79,2018,Abril,201804.0
GBA,Pan francés,kg,Año 2018 - Mayo,49.81,2018,Mayo,201805.0
GBA,Harina de trigo común,kg,Año 2018 - Mayo,16.69,2018,Mayo,201805.0
GBA,Arroz blanco simple,kg,Año 2018 - Mayo,24.64,2018,Mayo,201805.0
GBA,Fideos secos tipo guisero,500 g,Año 2018 - Mayo,25.03,2018,Mayo,201805.0
GBA,Carne picada común,kg,Año 2018 - Mayo,83.4,2018,Mayo,201805.0
GBA,Pollo entero,kg,Año 2018 - Mayo,44.04,2018,Mayo,201805.0
GBA,Aceite de girasol,"1,5 litros",Año 2018 - Mayo,62.4,2018,Mayo,201805.0
GBA,Leche fresca entera sachet,Litro,Año 2018 - Mayo,23.89,2018,Mayo,201805.0
GBA,Huevos de gallina,Docena,Año 2018 - Mayo,51.52,2018,Mayo,201805.0
GBA,Papa,kg,Año 2018 - Mayo,15.7,2018,Mayo,201805.0
GBA,Azúcar,kg,Año 2018 - Mayo,25.14,2018,Mayo,201805.0
GBA,Detergente líquido,750 cc,Año 2018 - Mayo,22.99,2018,Mayo,201805.0
GBA,Lavandina,1.000 cc,Año 2018 - Mayo,19.76,2018,Mayo,201805.0
GBA,Jabón de tocador,125 g,Año 2018 - Mayo,16.26,2018,Mayo,201805.0
Pampeana,Pan francés,kg,Año 2018 - Mayo,40.69,2018,Mayo,201805.0
Pampeana,Harina de trigo común,kg,Año 2018 - Mayo,16.32,2018,Mayo,201805.0
Pampeana,Arroz blanco simple,kg,Año 2018 - Mayo,25.32,2018,Mayo,201805.0
Pampeana,Fideos secos tipo guisero,500 g,Año 2018 - Mayo,22.18,2018,Mayo,201805.0
Pampeana,Carne picada común,kg,Año 2018 - Mayo,85.98,2018,Mayo,201805.0
Pampeana,Pollo entero,kg,Año 2018 - Mayo,45.81,2018,Mayo,201805.0
Pampeana,Aceite de girasol,"1,5 litros",Año 2018 - Mayo,64.64,2018,Mayo,201805.0
Pampeana,Leche fresca entera sachet,Litro,Año 2018 - Mayo,25.36,2018,Mayo,201805.0
Pampeana,Huevos de gallina,Docena,Año 2018 - Mayo,49.91,2018,Mayo,201805.0
Pampeana,Papa,kg,Año 2018 - Mayo,14.97,2018,Mayo,201805.0
Pampeana,Azúcar,kg,Año 2018 - Mayo,24.03,2018,Mayo,201805.0
Pampeana,Detergente líquido,750 cc,Año 2018 - Mayo,24.73,2018,Mayo,201805.0
Pampeana,Lavandina,1.000 cc,Año 2018 - Mayo,18.12,2018,Mayo,201805.0
Pampeana,Jabón de tocador,125 g,Año 2018 - Mayo,16.47,2018,Mayo,201805.0
Noreste,Pan francés,kg,Año 2018 - Mayo,38.16,2018,Mayo,201805.0
Noreste,Harina de trigo común,kg,Año 2018 - Mayo,15.22,2018,Mayo,201805.0
Noreste,Arroz blanco simple,kg,Año 2018 - Mayo,22.76,2018,Mayo,201805.0
Noreste,Fideos secos tipo guisero,500 g,Año 2018 - Mayo,18.01,2018,Mayo,201805.0
Noreste,Carne picada común,kg,Año 2018 - Mayo,84.27,2018,Mayo,201805.0
Noreste,Pollo entero,kg,Año 2018 - Mayo,46.03,2018,Mayo,201805.0
Noreste,Aceite de girasol,"1,5 litros",Año 2018 - Mayo,64.55,2018,Mayo,201805.0
Noreste,Leche fresca entera sachet,Litro,Año 2018 - Mayo,25.34,2018,Mayo,201805.0
Noreste,Huevos de gallina,Docena,Año 2018 - Mayo,42.56,2018,Mayo,201805.0
Noreste,Papa,kg,Año 2018 - Mayo,15.58,2018,Mayo,201805.0
Noreste,Azúcar,kg,Año 2018 - Mayo,22.68,2018,Mayo,201805.0
Noreste,Detergente líquido,750 cc,Año 2018 - Mayo,22.03,2018,Mayo,201805.0
Noreste,Lavandina,1.000 cc,Año 2018 - Mayo,18.95,2018,Mayo,201805.0
Noreste,Jabón de tocador,125 g,Año 2018 - Mayo,15.9,2018,Mayo,201805.0
Noroeste,Pan francés,kg,Año 2018 - Mayo,41.49,2018,Mayo,201805.0
Noroeste,Harina de trigo común,kg,Año 2018 - Mayo,15.26,2018,Mayo,201805.0
Noroeste,Arroz blanco simple,kg,Año 2018 - Mayo,22.37,2018,Mayo,201805.0
Noroeste,Fideos secos tipo guisero,500 g,Año 2018 - Mayo,17.07,2018,Mayo,201805.0
Noroeste,Carne picada común,kg,Año 2018 - Mayo,90.28,2018,Mayo,201805.0
Noroeste,Pollo entero,kg,Año 2018 - Mayo,45.79,2018,Mayo,201805.0
Noroeste,Aceite de girasol,"1,5 litros",Año 2018 - Mayo,61.4,2018,Mayo,201805.0
Noroeste,Leche fresca entera sachet,Litro,Año 2018 - Mayo,25.03,2018,Mayo,201805.0
Noroeste,Huevos de gallina,Docena,Año 2018 - Mayo,46.24,2018,Mayo,201805.0
Noroeste,Papa,kg,Año 2018 - Mayo,11.59,2018,Mayo,201805.0
Noroeste,Azúcar,kg,Año 2018 - Mayo,20.78,2018,Mayo,201805.0
Noroeste,Detergente líquido,750 cc,Año 2018 - Mayo,24.99,2018,Mayo,201805.0
Noroeste,Lavandina,1.000 cc,Año 2018 - Mayo,18.63,2018,Mayo,201805.0
Noroeste,Jabón de tocador,125 g,Año 2018 - Mayo,16.66,2018,Mayo,201805.0
Cuyo,Pan francés,kg,Año 2018 - Mayo,38.15,2018,Mayo,201805.0
Cuyo,Harina de trigo común,kg,Año 2018 - Mayo,16.03,2018,Mayo,201805.0
Cuyo,Arroz blanco simple,kg,Año 2018 - Mayo,23.84,2018,Mayo,201805.0
Cuyo,Fideos secos tipo guisero,500 g,Año 2018 - Mayo,23.03,2018,Mayo,201805.0
Cuyo,Carne picada común,kg,Año 2018 - Mayo,81.99,2018,Mayo,201805.0
Cuyo,Pollo entero,kg,Año 2018 - Mayo,45.62,2018,Mayo,201805.0
Cuyo,Aceite de girasol,"1,5 litros",Año 2018 - Mayo,62.5,2018,Mayo,201805.0
Cuyo,Leche fresca entera sachet,Litro,Año 2018 - Mayo,25.58,2018,Mayo,201805.0
Cuyo,Huevos de gallina,Docena,Año 2018 - Mayo,56.48,2018,Mayo,201805.0
Cuyo,Papa,kg,Año 2018 - Mayo,12.68,2018,Mayo,201805.0
Cuyo,Azúcar,kg,Año 2018 - Mayo,23.48,2018,Mayo,201805.0
Cuyo,Detergente líquido,750 cc,Año 2018 - Mayo,25.98,2018,Mayo,201805.0
Cuyo,Lavandina,1.000 cc,Año 2018 - Mayo,18.7,2018,Mayo,201805.0
Cuyo,Jabón de tocador,125 g,Año 2018 - Mayo,16.63,2018,Mayo,201805.0
Patagonia,Pan francés,kg,Año 2018 - Mayo,50.95,2018,Mayo,201805.0
Patagonia,Harina de trigo común,kg,Año 2018 - Mayo,16.96,2018,Mayo,201805.0
Patagonia,Arroz blanco simple,kg,Año 2018 - Mayo,30.57,2018,Mayo,201805.0
Patagonia,Fideos secos tipo guisero,500 g,Año 2018 - Mayo,25.36,2018,Mayo,201805.0
Patagonia,Carne picada común,kg,Año 2018 - Mayo,102.61,2018,Mayo,201805.0
Patagonia,Pollo entero,kg,Año 2018 - Mayo,53.66,2018,Mayo,201805.0
Patagonia,Aceite de girasol,"1,5 litros",Año 2018 - Mayo,61.83,2018,Mayo,201805.0
Patagonia,Leche fresca entera sachet,Litro,Año 2018 - Mayo,26.52,2018,Mayo,201805.0
Patagonia,Huevos de gallina,Docena,Año 2018 - Mayo,60.1,2018,Mayo,201805.0
Patagonia,Papa,kg,Año 2018 - Mayo,21.29,2018,Mayo,201805.0
Patagonia,Azúcar,kg,Año 2018 - Mayo,27.14,2018,Mayo,201805.0
Patagonia,Detergente líquido,750 cc,Año 2018 - Mayo,38.74,2018,Mayo,201805.0
Patagonia,Lavandina,1.000 cc,Año 2018 - Mayo,19.83,2018,Mayo,201805.0
Patagonia,Jabón de tocador,125 g,Año 2018 - Mayo,16.91,2018,Mayo,201805.0
GBA,Pan francés,kg,Año 2018 - Junio,55.19,2018,Junio,201806.0
GBA,Harina de trigo común,kg,Año 2018 - Junio,20.99,2018,Junio,201806.0
GBA,Arroz blanco simple,kg,Año 2018 - Junio,25.99,2018,Junio,201806.0
GBA,Fideos secos tipo guisero,500 g,Año 2018 - Junio,26.94,2018,Junio,201806.0
GBA,Carne picada común,kg,Año 2018 - Junio,90.41,2018,Junio,201806.0
GBA,Pollo entero,kg,Año 2018 - Junio,46.5,2018,Junio,201806.0
GBA,Aceite de girasol,"1,5 litros",Año 2018 - Junio,69.79,2018,Junio,201806.0
GBA,Leche fresca entera sachet,Litro,Año 2018 - Junio,24.58,2018,Junio,201806.0
GBA,Huevos de gallina,Docena,Año 2018 - Junio,51.95,2018,Junio,201806.0
GBA,Papa,kg,Año 2018 - Junio,15.41,2018,Junio,201806.0
GBA,Azúcar,kg,Año 2018 - Junio,25.38,2018,Junio,201806.0
GBA,Detergente líquido,750 cc,Año 2018 - Junio,24.12,2018,Junio,201806.0
GBA,Lavandina,1.000 cc,Año 2018 - Junio,20.27,2018,Junio,201806.0
GBA,Jabón de tocador,125 g,Año 2018 - Junio,16.96,2018,Junio,201806.0
Pampeana,Pan francés,kg,Año 2018 - Junio,46.25,2018,Junio,201806.0
Pampeana,Harina de trigo común,kg,Año 2018 - Junio,21.68,2018,Junio,201806.0
Pampeana,Arroz blanco simple,kg,Año 2018 - Junio,27.14,2018,Junio,201806.0
Pampeana,Fideos secos tipo guisero,500 g,Año 2018 - Junio,24.06,2018,Junio,201806.0
Pampeana,Carne picada común,kg,Año 2018 - Junio,94.44,2018,Junio,201806.0
Pampeana,Pollo entero,kg,Año 2018 - Junio,48.29,2018,Junio,201806.0
Pampeana,Aceite de girasol,"1,5 litros",Año 2018 - Junio,70.79,2018,Junio,201806.0
Pampeana,Leche fresca entera sachet,Litro,Año 2018 - Junio,26.16,2018,Junio,201806.0
Pampeana,Huevos de gallina,Docena,Año 2018 - Junio,51.37,2018,Junio,201806.0
Pampeana,Papa,kg,Año 2018 - Junio,14.59,2018,Junio,201806.0
Pampeana,Azúcar,kg,Año 2018 - Junio,24.59,2018,Junio,201806.0
Pampeana,Detergente líquido,750 cc,Año 2018 - Junio,26.17,2018,Junio,201806.0
Pampeana,Lavandina,1.000 cc,Año 2018 - Junio,19.07,2018,Junio,201806.0
Pampeana,Jabón de tocador,125 g,Año 2018 - Junio,17.26,2018,Junio,201806.0
Noreste,Pan francés,kg,Año 2018 - Junio,42.71,2018,Junio,201806.0
Noreste,Harina de trigo común,kg,Año 2018 - Junio,19.35,2018,Junio,201806.0
Noreste,Arroz blanco simple,kg,Año 2018 - Junio,23.51,2018,Junio,201806.0
Noreste,Fideos secos tipo guisero,500 g,Año 2018 - Junio,19.0,2018,Junio,201806.0
Noreste,Carne picada común,kg,Año 2018 - Junio,88.06,2018,Junio,201806.0
Noreste,Pollo entero,kg,Año 2018 - Junio,47.32,2018,Junio,201806.0
Noreste,Aceite de girasol,"1,5 litros",Año 2018 - Junio,68.77,2018,Junio,201806.0
Noreste,Leche fresca entera sachet,Litro,Año 2018 - Junio,25.62,2018,Junio,201806.0
Noreste,Huevos de gallina,Docena,Año 2018 - Junio,43.41,2018,Junio,201806.0
Noreste,Papa,kg,Año 2018 - Junio,15.53,2018,Junio,201806.0
Noreste,Azúcar,kg,Año 2018 - Junio,23.06,2018,Junio,201806.0
Noreste,Detergente líquido,750 cc,Año 2018 - Junio,23.44,2018,Junio,201806.0
Noreste,Lavandina,1.000 cc,Año 2018 - Junio,20.02,2018,Junio,201806.0
Noreste,Jabón de tocador,125 g,Año 2018 - Junio,16.77,2018,Junio,201806.0
Noroeste,Pan francés,kg,Año 2018 - Junio,45.75,2018,Junio,201806.0
Noroeste,Harina de trigo común,kg,Año 2018 - Junio,20.5,2018,Junio,201806.0
Noroeste,Arroz blanco simple,kg,Año 2018 - Junio,23.56,2018,Junio,201806.0
Noroeste,Fideos secos tipo guisero,500 g,Año 2018 - Junio,19.66,2018,Junio,201806.0
Noroeste,Carne picada común,kg,Año 2018 - Junio,97.32,2018,Junio,201806.0
Noroeste,Pollo entero,kg,Año 2018 - Junio,47.45,2018,Junio,201806.0
Noroeste,Aceite de girasol,"1,5 litros",Año 2018 - Junio,66.35,2018,Junio,201806.0
Noroeste,Leche fresca entera sachet,Litro,Año 2018 - Junio,25.62,2018,Junio,201806.0
Noroeste,Huevos de gallina,Docena,Año 2018 - Junio,47.49,2018,Junio,201806.0
Noroeste,Papa,kg,Año 2018 - Junio,11.75,2018,Junio,201806.0
Noroeste,Azúcar,kg,Año 2018 - Junio,21.04,2018,Junio,201806.0
Noroeste,Detergente líquido,750 cc,Año 2018 - Junio,25.55,2018,Junio,201806.0
Noroeste,Lavandina,1.000 cc,Año 2018 - Junio,19.36,2018,Junio,201806.0
Noroeste,Jabón de tocador,125 g,Año 2018 - Junio,17.48,2018,Junio,201806.0
Cuyo,Pan francés,kg,Año 2018 - Junio,41.86,2018,Junio,201806.0
Cuyo,Harina de trigo común,kg,Año 2018 - Junio,20.85,2018,Junio,201806.0
Cuyo,Arroz blanco simple,kg,Año 2018 - Junio,25.28,2018,Junio,201806.0
Cuyo,Fideos secos tipo guisero,500 g,Año 2018 - Junio,24.72,2018,Junio,201806.0
Cuyo,Carne picada común,kg,Año 2018 - Junio,89.04,2018,Junio,201806.0
Cuyo,Pollo entero,kg,Año 2018 - Junio,47.8,2018,Junio,201806.0
Cuyo,Aceite de girasol,"1,5 litros",Año 2018 - Junio,67.5,2018,Junio,201806.0
Cuyo,Leche fresca entera sachet,Litro,Año 2018 - Junio,26.71,2018,Junio,201806.0
Cuyo,Huevos de gallina,Docena,Año 2018 - Junio,57.5,2018,Junio,201806.0
Cuyo,Papa,kg,Año 2018 - Junio,13.24,2018,Junio,201806.0
Cuyo,Azúcar,kg,Año 2018 - Junio,24.1,2018,Junio,201806.0
Cuyo,Detergente líquido,750 cc,Año 2018 - Junio,26.33,2018,Junio,201806.0
Cuyo,Lavandina,1.000 cc,Año 2018 - Junio,19.41,2018,Junio,201806.0
Cuyo,Jabón de tocador,125 g,Año 2018 - Junio,17.35,2018,Junio,201806.0
Patagonia,Pan francés,kg,Año 2018 - Junio,55.31,2018,Junio,201806.0
Patagonia,Harina de trigo común,kg,Año 2018 - Junio,21.84,2018,Junio,201806.0
Patagonia,Arroz blanco simple,kg,Año 2018 - Junio,31.8,2018,Junio,201806.0
Patagonia,Fideos secos tipo guisero,500 g,Año 2018 - Junio,26.66,2018,Junio,201806.0
Patagonia,Carne picada común,kg,Año 2018 - Junio,108.97,2018,Junio,201806.0
Patagonia,Pollo entero,kg,Año 2018 - Junio,53.71,2018,Junio,201806.0
Patagonia,Aceite de girasol,"1,5 litros",Año 2018 - Junio,65.53,2018,Junio,201806.0
Patagonia,Leche fresca entera sachet,Litro,Año 2018 - Junio,26.63,2018,Junio,201806.0
Patagonia,Huevos de gallina,Docena,Año 2018 - Junio,62.51,2018,Junio,201806.0
Patagonia,Papa,kg,Año 2018 - Junio,21.57,2018,Junio,201806.0
Patagonia,Azúcar,kg,Año 2018 - Junio,27.79,2018,Junio,201806.0
Patagonia,Detergente líquido,750 cc,Año 2018 - Junio,40.51,2018,Junio,201806.0
Patagonia,Lavandina,1.000 cc,Año 2018 - Junio,21.03,2018,Junio,201806.0
Patagonia,Jabón de tocador,125 g,Año 2018 - Junio,18.25,2018,Junio,201806.0
GBA,Pan francés,kg,Año 2018 - Julio,57.05,2018,Julio,201807.0
GBA,Harina de trigo común,kg,Año 2018 - Julio,23.35,2018,Julio,201807.0
GBA,Arroz blanco simple,kg,Año 2018 - Julio,26.82,2018,Julio,201807.0
GBA,Fideos secos tipo guisero,500 g,Año 2018 - Julio,28.33,2018,Julio,201807.0
GBA,Carne picada común,kg,Año 2018 - Julio,91.52,2018,Julio,201807.0
GBA,Pollo entero,kg,Año 2018 - Julio,47.41,2018,Julio,201807.0
GBA,Aceite de girasol,"1,5 litros",Año 2018 - Julio,76.14,2018,Julio,201807.0
GBA,Leche fresca entera sachet,Litro,Año 2018 - Julio,24.84,2018,Julio,201807.0
GBA,Huevos de gallina,Docena,Año 2018 - Julio,52.46,2018,Julio,201807.0
GBA,Papa,kg,Año 2018 - Julio,15.81,2018,Julio,201807.0
GBA,Azúcar,kg,Año 2018 - Julio,25.38,2018,Julio,201807.0
GBA,Detergente líquido,750 cc,Año 2018 - Julio,24.93,2018,Julio,201807.0
GBA,Lavandina,1.000 cc,Año 2018 - Julio,21.07,2018,Julio,201807.0
GBA,Jabón de tocador,125 g,Año 2018 - Julio,17.63,2018,Julio,201807.0
Pampeana,Pan francés,kg,Año 2018 - Julio,47.62,2018,Julio,201807.0
Pampeana,Harina de trigo común,kg,Año 2018 - Julio,23.16,2018,Julio,201807.0
Pampeana,Arroz blanco simple,kg,Año 2018 - Julio,28.16,2018,Julio,201807.0
Pampeana,Fideos secos tipo guisero,500 g,Año 2018 - Julio,26.19,2018,Julio,201807.0
Pampeana,Carne picada común,kg,Año 2018 - Julio,96.88,2018,Julio,201807.0
Pampeana,Pollo entero,kg,Año 2018 - Julio,49.47,2018,Julio,201807.0
Pampeana,Aceite de girasol,"1,5 litros",Año 2018 - Julio,77.38,2018,Julio,201807.0
Pampeana,Leche fresca entera sachet,Litro,Año 2018 - Julio,26.58,2018,Julio,201807.0
Pampeana,Huevos de gallina,Docena,Año 2018 - Julio,51.81,2018,Julio,201807.0
Pampeana,Papa,kg,Año 2018 - Julio,14.59,2018,Julio,201807.0
Pampeana,Azúcar,kg,Año 2018 - Julio,24.66,2018,Julio,201807.0
Pampeana,Detergente líquido,750 cc,Año 2018 - Julio,27.34,2018,Julio,201807.0
Pampeana,Lavandina,1.000 cc,Año 2018 - Julio,19.89,2018,Julio,201807.0
Pampeana,Jabón de tocador,125 g,Año 2018 - Julio,18.31,2018,Julio,201807.0
Noreste,Pan francés,kg,Año 2018 - Julio,44.87,2018,Julio,201807.0
Noreste,Harina de trigo común,kg,Año 2018 - Julio,21.56,2018,Julio,201807.0
Noreste,Arroz blanco simple,kg,Año 2018 - Julio,25.15,2018,Julio,201807.0
Noreste,Fideos secos tipo guisero,500 g,Año 2018 - Julio,21.13,2018,Julio,201807.0
Noreste,Carne picada común,kg,Año 2018 - Julio,89.88,2018,Julio,201807.0
Noreste,Pollo entero,kg,Año 2018 - Julio,47.95,2018,Julio,201807.0
Noreste,Aceite de girasol,"1,5 litros",Año 2018 - Julio,75.15,2018,Julio,201807.0
Noreste,Leche fresca entera sachet,Litro,Año 2018 - Julio,26.08,2018,Julio,201807.0
Noreste,Huevos de gallina,Docena,Año 2018 - Julio,45.43,2018,Julio,201807.0
Noreste,Papa,kg,Año 2018 - Julio,15.15,2018,Julio,201807.0
Noreste,Azúcar,kg,Año 2018 - Julio,23.23,2018,Julio,201807.0
Noreste,Detergente líquido,750 cc,Año 2018 - Julio,24.51,2018,Julio,201807.0
Noreste,Lavandina,1.000 cc,Año 2018 - Julio,20.45,2018,Julio,201807.0
Noreste,Jabón de tocador,125 g,Año 2018 - Julio,17.83,2018,Julio,201807.0
Noroeste,Pan francés,kg,Año 2018 - Julio,46.47,2018,Julio,201807.0
Noroeste,Harina de trigo común,kg,Año 2018 - Julio,22.54,2018,Julio,201807.0
Noroeste,Arroz blanco simple,kg,Año 2018 - Julio,24.48,2018,Julio,201807.0
Noroeste,Fideos secos tipo guisero,500 g,Año 2018 - Julio,21.15,2018,Julio,201807.0
Noroeste,Carne picada común,kg,Año 2018 - Julio,99.3,2018,Julio,201807.0
Noroeste,Pollo entero,kg,Año 2018 - Julio,48.77,2018,Julio,201807.0
Noroeste,Aceite de girasol,"1,5 litros",Año 2018 - Julio,70.69,2018,Julio,201807.0
Noroeste,Leche fresca entera sachet,Litro,Año 2018 - Julio,26.14,2018,Julio,201807.0
Noroeste,Huevos de gallina,Docena,Año 2018 - Julio,47.68,2018,Julio,201807.0
Noroeste,Papa,kg,Año 2018 - Julio,11.52,2018,Julio,201807.0
Noroeste,Azúcar,kg,Año 2018 - Julio,21.36,2018,Julio,201807.0
Noroeste,Detergente líquido,750 cc,Año 2018 - Julio,26.73,2018,Julio,201807.0
Noroeste,Lavandina,1.000 cc,Año 2018 - Julio,20.4,2018,Julio,201807.0
Noroeste,Jabón de tocador,125 g,Año 2018 - Julio,18.18,2018,Julio,201807.0
Cuyo,Pan francés,kg,Año 2018 - Julio,42.33,2018,Julio,201807.0
Cuyo,Harina de trigo común,kg,Año 2018 - Julio,22.22,2018,Julio,201807.0
Cuyo,Arroz blanco simple,kg,Año 2018 - Julio,26.56,2018,Julio,201807.0
Cuyo,Fideos secos tipo guisero,500 g,Año 2018 - Julio,25.7,2018,Julio,201807.0
Cuyo,Carne picada común,kg,Año 2018 - Julio,91.89,2018,Julio,201807.0
Cuyo,Pollo entero,kg,Año 2018 - Julio,49.36,2018,Julio,201807.0
Cuyo,Aceite de girasol,"1,5 litros",Año 2018 - Julio,74.56,2018,Julio,201807.0
Cuyo,Leche fresca entera sachet,Litro,Año 2018 - Julio,27.23,2018,Julio,201807.0
Cuyo,Huevos de gallina,Docena,Año 2018 - Julio,58.41,2018,Julio,201807.0
Cuyo,Papa,kg,Año 2018 - Julio,13.18,2018,Julio,201807.0
Cuyo,Azúcar,kg,Año 2018 - Julio,24.33,2018,Julio,201807.0
Cuyo,Detergente líquido,750 cc,Año 2018 - Julio,27.37,2018,Julio,201807.0
Cuyo,Lavandina,1.000 cc,Año 2018 - Julio,20.67,2018,Julio,201807.0
Cuyo,Jabón de tocador,125 g,Año 2018 - Julio,18.14,2018,Julio,201807.0
Patagonia,Pan francés,kg,Año 2018 - Julio,57.82,2018,Julio,201807.0
Patagonia,Harina de trigo común,kg,Año 2018 - Julio,24.4,2018,Julio,201807.0
Patagonia,Arroz blanco simple,kg,Año 2018 - Julio,33.02,2018,Julio,201807.0
Patagonia,Fideos secos tipo guisero,500 g,Año 2018 - Julio,28.34,2018,Julio,201807.0
Patagonia,Carne picada común,kg,Año 2018 - Julio,115.75,2018,Julio,201807.0
Patagonia,Pollo entero,kg,Año 2018 - Julio,54.53,2018,Julio,201807.0
Patagonia,Aceite de girasol,"1,5 litros",Año 2018 - Julio,72.28,2018,Julio,201807.0
Patagonia,Leche fresca entera sachet,Litro,Año 2018 - Julio,27.11,2018,Julio,201807.0
Patagonia,Huevos de gallina,Docena,Año 2018 - Julio,64.93,2018,Julio,201807.0
Patagonia,Papa,kg,Año 2018 - Julio,20.78,2018,Julio,201807.0
Patagonia,Azúcar,kg,Año 2018 - Julio,27.7,2018,Julio,201807.0
Patagonia,Detergente líquido,750 cc,Año 2018 - Julio,42.6,2018,Julio,201807.0
Patagonia,Lavandina,1.000 cc,Año 2018 - Julio,22.04,2018,Julio,201807.0
Patagonia,Jabón de tocador,125 g,Año 2018 - Julio,19.0,2018,Julio,201807.0
GBA,Pan francés,kg,Año 2018 - Agosto,57.61,2018,Agosto,201808.0
GBA,Harina de trigo común,kg,Año 2018 - Agosto,24.09,2018,Agosto,201808.0
GBA,Arroz blanco simple,kg,Año 2018 - Agosto,28.7,2018,Agosto,201808.0
GBA,Fideos secos tipo guisero,500 g,Año 2018 - Agosto,28.88,2018,Agosto,201808.0
GBA,Carne picada común,kg,Año 2018 - Agosto,95.14,2018,Agosto,201808.0
GBA,Pollo entero,kg,Año 2018 - Agosto,51.58,2018,Agosto,201808.0
GBA,Aceite de girasol,"1,5 litros",Año 2018 - Agosto,78.36,2018,Agosto,201808.0
GBA,Leche fresca entera sachet,Litro,Año 2018 - Agosto,26.09,2018,Agosto,201808.0
GBA,Huevos de gallina,Docena,Año 2018 - Agosto,53.55,2018,Agosto,201808.0
GBA,Papa,kg,Año 2018 - Agosto,16.06,2018,Agosto,201808.0
GBA,Azúcar,kg,Año 2018 - Agosto,25.76,2018,Agosto,201808.0
GBA,Detergente líquido,750 cc,Año 2018 - Agosto,26.52,2018,Agosto,201808.0
GBA,Lavandina,1.000 cc,Año 2018 - Agosto,21.57,2018,Agosto,201808.0
GBA,Jabón de tocador,125 g,Año 2018 - Agosto,18.51,2018,Agosto,201808.0
Pampeana,Pan francés,kg,Año 2018 - Agosto,48.81,2018,Agosto,201808.0
Pampeana,Harina de trigo común,kg,Año 2018 - Agosto,24.09,2018,Agosto,201808.0
Pampeana,Arroz blanco simple,kg,Año 2018 - Agosto,29.2,2018,Agosto,201808.0
Pampeana,Fideos secos tipo guisero,500 g,Año 2018 - Agosto,27.45,2018,Agosto,201808.0
Pampeana,Carne picada común,kg,Año 2018 - Agosto,102.12,2018,Agosto,201808.0
Pampeana,Pollo entero,kg,Año 2018 - Agosto,53.83,2018,Agosto,201808.0
Pampeana,Aceite de girasol,"1,5 litros",Año 2018 - Agosto,80.24,2018,Agosto,201808.0
Pampeana,Leche fresca entera sachet,Litro,Año 2018 - Agosto,28.25,2018,Agosto,201808.0
Pampeana,Huevos de gallina,Docena,Año 2018 - Agosto,53.45,2018,Agosto,201808.0
Pampeana,Papa,kg,Año 2018 - Agosto,14.73,2018,Agosto,201808.0
Pampeana,Azúcar,kg,Año 2018 - Agosto,25.22,2018,Agosto,201808.0
Pampeana,Detergente líquido,750 cc,Año 2018 - Agosto,28.9,2018,Agosto,201808.0
Pampeana,Lavandina,1.000 cc,Año 2018 - Agosto,20.23,2018,Agosto,201808.0
Pampeana,Jabón de tocador,125 g,Año 2018 - Agosto,18.96,2018,Agosto,201808.0
Noreste,Pan francés,kg,Año 2018 - Agosto,46.08,2018,Agosto,201808.0
Noreste,Harina de trigo común,kg,Año 2018 - Agosto,22.68,2018,Agosto,201808.0
Noreste,Arroz blanco simple,kg,Año 2018 - Agosto,26.57,2018,Agosto,201808.0
Noreste,Fideos secos tipo guisero,500 g,Año 2018 - Agosto,22.7,2018,Agosto,201808.0
Noreste,Carne picada común,kg,Año 2018 - Agosto,92.44,2018,Agosto,201808.0
Noreste,Pollo entero,kg,Año 2018 - Agosto,51.22,2018,Agosto,201808.0
Noreste,Aceite de girasol,"1,5 litros",Año 2018 - Agosto,79.2,2018,Agosto,201808.0
Noreste,Leche fresca entera sachet,Litro,Año 2018 - Agosto,27.25,2018,Agosto,201808.0
Noreste,Huevos de gallina,Docena,Año 2018 - Agosto,47.26,2018,Agosto,201808.0
Noreste,Papa,kg,Año 2018 - Agosto,15.22,2018,Agosto,201808.0
Noreste,Azúcar,kg,Año 2018 - Agosto,23.3,2018,Agosto,201808.0
Noreste,Detergente líquido,750 cc,Año 2018 - Agosto,25.92,2018,Agosto,201808.0
Noreste,Lavandina,1.000 cc,Año 2018 - Agosto,21.68,2018,Agosto,201808.0
Noreste,Jabón de tocador,125 g,Año 2018 - Agosto,18.37,2018,Agosto,201808.0
Noroeste,Pan francés,kg,Año 2018 - Agosto,46.75,2018,Agosto,201808.0
Noroeste,Harina de trigo común,kg,Año 2018 - Agosto,22.98,2018,Agosto,201808.0
Noroeste,Arroz blanco simple,kg,Año 2018 - Agosto,25.78,2018,Agosto,201808.0
Noroeste,Fideos secos tipo guisero,500 g,Año 2018 - Agosto,22.18,2018,Agosto,201808.0
Noroeste,Carne picada común,kg,Año 2018 - Agosto,102.58,2018,Agosto,201808.0
Noroeste,Pollo entero,kg,Año 2018 - Agosto,52.76,2018,Agosto,201808.0
Noroeste,Aceite de girasol,"1,5 litros",Año 2018 - Agosto,75.49,2018,Agosto,201808.0
Noroeste,Leche fresca entera sachet,Litro,Año 2018 - Agosto,27.4,2018,Agosto,201808.0
Noroeste,Huevos de gallina,Docena,Año 2018 - Agosto,48.47,2018,Agosto,201808.0
Noroeste,Papa,kg,Año 2018 - Agosto,11.5,2018,Agosto,201808.0
Noroeste,Azúcar,kg,Año 2018 - Agosto,21.51,2018,Agosto,201808.0
Noroeste,Detergente líquido,750 cc,Año 2018 - Agosto,28.07,2018,Agosto,201808.0
Noroeste,Lavandina,1.000 cc,Año 2018 - Agosto,20.71,2018,Agosto,201808.0
Noroeste,Jabón de tocador,125 g,Año 2018 - Agosto,19.28,2018,Agosto,201808.0
Cuyo,Pan francés,kg,Año 2018 - Agosto,43.09,2018,Agosto,201808.0
Cuyo,Harina de trigo común,kg,Año 2018 - Agosto,23.69,2018,Agosto,201808.0
Cuyo,Arroz blanco simple,kg,Año 2018 - Agosto,28.03,2018,Agosto,201808.0
Cuyo,Fideos secos tipo guisero,500 g,Año 2018 - Agosto,25.97,2018,Agosto,201808.0
Cuyo,Carne picada común,kg,Año 2018 - Agosto,95.05,2018,Agosto,201808.0
Cuyo,Pollo entero,kg,Año 2018 - Agosto,54.2,2018,Agosto,201808.0
Cuyo,Aceite de girasol,"1,5 litros",Año 2018 - Agosto,78.57,2018,Agosto,201808.0
Cuyo,Leche fresca entera sachet,Litro,Año 2018 - Agosto,28.39,2018,Agosto,201808.0
Cuyo,Huevos de gallina,Docena,Año 2018 - Agosto,60.27,2018,Agosto,201808.0
Cuyo,Papa,kg,Año 2018 - Agosto,13.08,2018,Agosto,201808.0
Cuyo,Azúcar,kg,Año 2018 - Agosto,24.66,2018,Agosto,201808.0
Cuyo,Detergente líquido,750 cc,Año 2018 - Agosto,30.15,2018,Agosto,201808.0
Cuyo,Lavandina,1.000 cc,Año 2018 - Agosto,20.55,2018,Agosto,201808.0
Cuyo,Jabón de tocador,125 g,Año 2018 - Agosto,19.15,2018,Agosto,201808.0
Patagonia,Pan francés,kg,Año 2018 - Agosto,59.47,2018,Agosto,201808.0
Patagonia,Harina de trigo común,kg,Año 2018 - Agosto,26.19,2018,Agosto,201808.0
Patagonia,Arroz blanco simple,kg,Año 2018 - Agosto,33.8,2018,Agosto,201808.0
Patagonia,Fideos secos tipo guisero,500 g,Año 2018 - Agosto,29.84,2018,Agosto,201808.0
Patagonia,Carne picada común,kg,Año 2018 - Agosto,123.05,2018,Agosto,201808.0
Patagonia,Pollo entero,kg,Año 2018 - Agosto,57.35,2018,Agosto,201808.0
Patagonia,Aceite de girasol,"1,5 litros",Año 2018 - Agosto,75.4,2018,Agosto,201808.0
Patagonia,Leche fresca entera sachet,Litro,Año 2018 - Agosto,28.47,2018,Agosto,201808.0
Patagonia,Huevos de gallina,Docena,Año 2018 - Agosto,66.18,2018,Agosto,201808.0
Patagonia,Papa,kg,Año 2018 - Agosto,21.07,2018,Agosto,201808.0
Patagonia,Azúcar,kg,Año 2018 - Agosto,28.05,2018,Agosto,201808.0
Patagonia,Detergente líquido,750 cc,Año 2018 - Agosto,45.41,2018,Agosto,201808.0
Patagonia,Lavandina,1.000 cc,Año 2018 - Agosto,22.96,2018,Agosto,201808.0
Patagonia,Jabón de tocador,125 g,Año 2018 - Agosto,20.01,2018,Agosto,201808.0
GBA,Pan francés,kg,Año 2018 - Septiembre,67.25,2018,Septiembre,201809.0
GBA,Harina de trigo común,kg,Año 2018 - Septiembre,26.92,2018,Septiembre,201809.0
GBA,Arroz blanco simple,kg,Año 2018 - Septiembre,33.39,2018,Septiembre,201809.0
GBA,Fideos secos tipo guisero,500 g,Año 2018 - Septiembre,34.68,2018,Septiembre,201809.0
GBA,Carne picada común,kg,Año 2018 - Septiembre,102.45,2018,Septiembre,201809.0
GBA,Pollo entero,kg,Año 2018 - Septiembre,59.71,2018,Septiembre,201809.0
GBA,Aceite de girasol,"1,5 litros",Año 2018 - Septiembre,92.12,2018,Septiembre,201809.0
GBA,Leche fresca entera sachet,Litro,Año 2018 - Septiembre,28.28,2018,Septiembre,201809.0
GBA,Huevos de gallina,Docena,Año 2018 - Septiembre,59.81,2018,Septiembre,201809.0
GBA,Papa,kg,Año 2018 - Septiembre,16.15,2018,Septiembre,201809.0
GBA,Azúcar,kg,Año 2018 - Septiembre,27.67,2018,Septiembre,201809.0
GBA,Detergente líquido,750 cc,Año 2018 - Septiembre,30.97,2018,Septiembre,201809.0
GBA,Lavandina,1.000 cc,Año 2018 - Septiembre,24.15,2018,Septiembre,201809.0
GBA,Jabón de tocador,125 g,Año 2018 - Septiembre,20.76,2018,Septiembre,201809.0
Pampeana,Pan francés,kg,Año 2018 - Septiembre,55.08,2018,Septiembre,201809.0
Pampeana,Harina de trigo común,kg,Año 2018 - Septiembre,28.06,2018,Septiembre,201809.0
Pampeana,Arroz blanco simple,kg,Año 2018 - Septiembre,34.28,2018,Septiembre,201809.0
Pampeana,Fideos secos tipo guisero,500 g,Año 2018 - Septiembre,31.59,2018,Septiembre,201809.0
Pampeana,Carne picada común,kg,Año 2018 - Septiembre,108.91,2018,Septiembre,201809.0
Pampeana,Pollo entero,kg,Año 2018 - Septiembre,62.3,2018,Septiembre,201809.0
Pampeana,Aceite de girasol,"1,5 litros",Año 2018 - Septiembre,93.3,2018,Septiembre,201809.0
Pampeana,Leche fresca entera sachet,Litro,Año 2018 - Septiembre,30.65,2018,Septiembre,201809.0
Pampeana,Huevos de gallina,Docena,Año 2018 - Septiembre,57.34,2018,Septiembre,201809.0
Pampeana,Papa,kg,Año 2018 - Septiembre,15.43,2018,Septiembre,201809.0
Pampeana,Azúcar,kg,Año 2018 - Septiembre,26.8,2018,Septiembre,201809.0
Pampeana,Detergente líquido,750 cc,Año 2018 - Septiembre,32.67,2018,Septiembre,201809.0
Pampeana,Lavandina,1.000 cc,Año 2018 - Septiembre,22.08,2018,Septiembre,201809.0
Pampeana,Jabón de tocador,125 g,Año 2018 - Septiembre,20.93,2018,Septiembre,201809.0
Noreste,Pan francés,kg,Año 2018 - Septiembre,50.9,2018,Septiembre,201809.0
Noreste,Harina de trigo común,kg,Año 2018 - Septiembre,25.71,2018,Septiembre,201809.0
Noreste,Arroz blanco simple,kg,Año 2018 - Septiembre,30.63,2018,Septiembre,201809.0
Noreste,Fideos secos tipo guisero,500 g,Año 2018 - Septiembre,27.05,2018,Septiembre,201809.0
Noreste,Carne picada común,kg,Año 2018 - Septiembre,102.96,2018,Septiembre,201809.0
Noreste,Pollo entero,kg,Año 2018 - Septiembre,57.88,2018,Septiembre,201809.0
Noreste,Aceite de girasol,"1,5 litros",Año 2018 - Septiembre,89.66,2018,Septiembre,201809.0
Noreste,Leche fresca entera sachet,Litro,Año 2018 - Septiembre,29.89,2018,Septiembre,201809.0
Noreste,Huevos de gallina,Docena,Año 2018 - Septiembre,50.74,2018,Septiembre,201809.0
Noreste,Papa,kg,Año 2018 - Septiembre,16.02,2018,Septiembre,201809.0
Noreste,Azúcar,kg,Año 2018 - Septiembre,24.8,2018,Septiembre,201809.0
Noreste,Detergente líquido,750 cc,Año 2018 - Septiembre,28.2,2018,Septiembre,201809.0
Noreste,Lavandina,1.000 cc,Año 2018 - Septiembre,23.83,2018,Septiembre,201809.0
Noreste,Jabón de tocador,125 g,Año 2018 - Septiembre,19.7,2018,Septiembre,201809.0
Noroeste,Pan francés,kg,Año 2018 - Septiembre,52.51,2018,Septiembre,201809.0
Noroeste,Harina de trigo común,kg,Año 2018 - Septiembre,26.46,2018,Septiembre,201809.0
Noroeste,Arroz blanco simple,kg,Año 2018 - Septiembre,29.71,2018,Septiembre,201809.0
Noroeste,Fideos secos tipo guisero,500 g,Año 2018 - Septiembre,25.66,2018,Septiembre,201809.0
Noroeste,Carne picada común,kg,Año 2018 - Septiembre,111.57,2018,Septiembre,201809.0
Noroeste,Pollo entero,kg,Año 2018 - Septiembre,62.24,2018,Septiembre,201809.0
Noroeste,Aceite de girasol,"1,5 litros",Año 2018 - Septiembre,87.32,2018,Septiembre,201809.0
Noroeste,Leche fresca entera sachet,Litro,Año 2018 - Septiembre,29.24,2018,Septiembre,201809.0
Noroeste,Huevos de gallina,Docena,Año 2018 - Septiembre,52.3,2018,Septiembre,201809.0
Noroeste,Papa,kg,Año 2018 - Septiembre,12.41,2018,Septiembre,201809.0
Noroeste,Azúcar,kg,Año 2018 - Septiembre,22.58,2018,Septiembre,201809.0
Noroeste,Detergente líquido,750 cc,Año 2018 - Septiembre,31.26,2018,Septiembre,201809.0
Noroeste,Lavandina,1.000 cc,Año 2018 - Septiembre,23.42,2018,Septiembre,201809.0
Noroeste,Jabón de tocador,125 g,Año 2018 - Septiembre,20.68,2018,Septiembre,201809.0
Cuyo,Pan francés,kg,Año 2018 - Septiembre,49.69,2018,Septiembre,201809.0
Cuyo,Harina de trigo común,kg,Año 2018 - Septiembre,27.61,2018,Septiembre,201809.0
Cuyo,Arroz blanco simple,kg,Año 2018 - Septiembre,33.3,2018,Septiembre,201809.0
Cuyo,Fideos secos tipo guisero,500 g,Año 2018 - Septiembre,31.59,2018,Septiembre,201809.0
Cuyo,Carne picada común,kg,Año 2018 - Septiembre,102.37,2018,Septiembre,201809.0
Cuyo,Pollo entero,kg,Año 2018 - Septiembre,62.82,2018,Septiembre,201809.0
Cuyo,Aceite de girasol,"1,5 litros",Año 2018 - Septiembre,90.97,2018,Septiembre,201809.0
Cuyo,Leche fresca entera sachet,Litro,Año 2018 - Septiembre,30.73,2018,Septiembre,201809.0
Cuyo,Huevos de gallina,Docena,Año 2018 - Septiembre,62.31,2018,Septiembre,201809.0
Cuyo,Papa,kg,Año 2018 - Septiembre,14.05,2018,Septiembre,201809.0
Cuyo,Azúcar,kg,Año 2018 - Septiembre,25.92,2018,Septiembre,201809.0
Cuyo,Detergente líquido,750 cc,Año 2018 - Septiembre,30.96,2018,Septiembre,201809.0
Cuyo,Lavandina,1.000 cc,Año 2018 - Septiembre,22.78,2018,Septiembre,201809.0
Cuyo,Jabón de tocador,125 g,Año 2018 - Septiembre,21.14,2018,Septiembre,201809.0
Patagonia,Pan francés,kg,Año 2018 - Septiembre,65.14,2018,Septiembre,201809.0
Patagonia,Harina de trigo común,kg,Año 2018 - Septiembre,28.33,2018,Septiembre,201809.0
Patagonia,Arroz blanco simple,kg,Año 2018 - Septiembre,36.98,2018,Septiembre,201809.0
Patagonia,Fideos secos tipo guisero,500 g,Año 2018 - Septiembre,33.26,2018,Septiembre,201809.0
Patagonia,Carne picada común,kg,Año 2018 - Septiembre,131.11,2018,Septiembre,201809.0
Patagonia,Pollo entero,kg,Año 2018 - Septiembre,66.22,2018,Septiembre,201809.0
Patagonia,Aceite de girasol,"1,5 litros",Año 2018 - Septiembre,84.95,2018,Septiembre,201809.0
Patagonia,Leche fresca entera sachet,Litro,Año 2018 - Septiembre,30.58,2018,Septiembre,201809.0
Patagonia,Huevos de gallina,Docena,Año 2018 - Septiembre,70.59,2018,Septiembre,201809.0
Patagonia,Papa,kg,Año 2018 - Septiembre,21.69,2018,Septiembre,201809.0
Patagonia,Azúcar,kg,Año 2018 - Septiembre,29.17,2018,Septiembre,201809.0
Patagonia,Detergente líquido,750 cc,Año 2018 - Septiembre,51.14,2018,Septiembre,201809.0
Patagonia,Lavandina,1.000 cc,Año 2018 - Septiembre,25.74,2018,Septiembre,201809.0
Patagonia,Jabón de tocador,125 g,Año 2018 - Septiembre,21.86,2018,Septiembre,201809.0
GBA,Pan francés,kg,Año 2018 - Octubre,71.9,2018,Octubre,201810.0
GBA,Harina de trigo común,kg,Año 2018 - Octubre,29.19,2018,Octubre,201810.0
GBA,Arroz blanco simple,kg,Año 2018 - Octubre,35.53,2018,Octubre,201810.0
GBA,Fideos secos tipo guisero,500 g,Año 2018 - Octubre,37.81,2018,Octubre,201810.0
GBA,Carne picada común,kg,Año 2018 - Octubre,105.97,2018,Octubre,201810.0
GBA,Pollo entero,kg,Año 2018 - Octubre,61.37,2018,Octubre,201810.0
GBA,Aceite de girasol,"1,5 litros",Año 2018 - Octubre,96.66,2018,Octubre,201810.0
GBA,Leche fresca entera sachet,Litro,Año 2018 - Octubre,30.66,2018,Octubre,201810.0
GBA,Huevos de gallina,Docena,Año 2018 - Octubre,62.35,2018,Octubre,201810.0
GBA,Papa,kg,Año 2018 - Octubre,21.83,2018,Octubre,201810.0
GBA,Azúcar,kg,Año 2018 - Octubre,28.03,2018,Octubre,201810.0
GBA,Detergente líquido,750 cc,Año 2018 - Octubre,33.9,2018,Octubre,201810.0
GBA,Lavandina,1.000 cc,Año 2018 - Octubre,26.11,2018,Octubre,201810.0
GBA,Jabón de tocador,125 g,Año 2018 - Octubre,21.96,2018,Octubre,201810.0
Pampeana,Pan francés,kg,Año 2018 - Octubre,57.98,2018,Octubre,201810.0
Pampeana,Harina de trigo común,kg,Año 2018 - Octubre,30.03,2018,Octubre,201810.0
Pampeana,Arroz blanco simple,kg,Año 2018 - Octubre,38.42,2018,Octubre,201810.0
Pampeana,Fideos secos tipo guisero,500 g,Año 2018 - Octubre,34.98,2018,Octubre,201810.0
Pampeana,Carne picada común,kg,Año 2018 - Octubre,113.95,2018,Octubre,201810.0
Pampeana,Pollo entero,kg,Año 2018 - Octubre,64.0,2018,Octubre,201810.0
Pampeana,Aceite de girasol,"1,5 litros",Año 2018 - Octubre,99.55,2018,Octubre,201810.0
Pampeana,Leche fresca entera sachet,Litro,Año 2018 - Octubre,32.64,2018,Octubre,201810.0
Pampeana,Huevos de gallina,Docena,Año 2018 - Octubre,60.54,2018,Octubre,201810.0
Pampeana,Papa,kg,Año 2018 - Octubre,20.77,2018,Octubre,201810.0
Pampeana,Azúcar,kg,Año 2018 - Octubre,27.8,2018,Octubre,201810.0
Pampeana,Detergente líquido,750 cc,Año 2018 - Octubre,36.02,2018,Octubre,201810.0
Pampeana,Lavandina,1.000 cc,Año 2018 - Octubre,23.7,2018,Octubre,201810.0
Pampeana,Jabón de tocador,125 g,Año 2018 - Octubre,22.65,2018,Octubre,201810.0
Noreste,Pan francés,kg,Año 2018 - Octubre,53.23,2018,Octubre,201810.0
Noreste,Harina de trigo común,kg,Año 2018 - Octubre,28.14,2018,Octubre,201810.0
Noreste,Arroz blanco simple,kg,Año 2018 - Octubre,33.16,2018,Octubre,201810.0
Noreste,Fideos secos tipo guisero,500 g,Año 2018 - Octubre,28.93,2018,Octubre,201810.0
Noreste,Carne picada común,kg,Año 2018 - Octubre,108.33,2018,Octubre,201810.0
Noreste,Pollo entero,kg,Año 2018 - Octubre,61.0,2018,Octubre,201810.0
Noreste,Aceite de girasol,"1,5 litros",Año 2018 - Octubre,93.28,2018,Octubre,201810.0
Noreste,Leche fresca entera sachet,Litro,Año 2018 - Octubre,32.18,2018,Octubre,201810.0
Noreste,Huevos de gallina,Docena,Año 2018 - Octubre,54.08,2018,Octubre,201810.0
Noreste,Papa,kg,Año 2018 - Octubre,20.08,2018,Octubre,201810.0
Noreste,Azúcar,kg,Año 2018 - Octubre,25.79,2018,Octubre,201810.0
Noreste,Detergente líquido,750 cc,Año 2018 - Octubre,29.93,2018,Octubre,201810.0
Noreste,Lavandina,1.000 cc,Año 2018 - Octubre,25.38,2018,Octubre,201810.0
Noreste,Jabón de tocador,125 g,Año 2018 - Octubre,21.63,2018,Octubre,201810.0
Noroeste,Pan francés,kg,Año 2018 - Octubre,55.52,2018,Octubre,201810.0
Noroeste,Harina de trigo común,kg,Año 2018 - Octubre,28.39,2018,Octubre,201810.0
Noroeste,Arroz blanco simple,kg,Año 2018 - Octubre,33.88,2018,Octubre,201810.0
Noroeste,Fideos secos tipo guisero,500 g,Año 2018 - Octubre,28.39,2018,Octubre,201810.0
Noroeste,Carne picada común,kg,Año 2018 - Octubre,114.74,2018,Octubre,201810.0
Noroeste,Pollo entero,kg,Año 2018 - Octubre,63.78,2018,Octubre,201810.0
Noroeste,Aceite de girasol,"1,5 litros",Año 2018 - Octubre,93.79,2018,Octubre,201810.0
Noroeste,Leche fresca entera sachet,Litro,Año 2018 - Octubre,31.85,2018,Octubre,201810.0
Noroeste,Huevos de gallina,Docena,Año 2018 - Octubre,56.39,2018,Octubre,201810.0
Noroeste,Papa,kg,Año 2018 - Octubre,17.56,2018,Octubre,201810.0
Noroeste,Azúcar,kg,Año 2018 - Octubre,23.35,2018,Octubre,201810.0
Noroeste,Detergente líquido,750 cc,Año 2018 - Octubre,33.89,2018,Octubre,201810.0
Noroeste,Lavandina,1.000 cc,Año 2018 - Octubre,25.48,2018,Octubre,201810.0
Noroeste,Jabón de tocador,125 g,Año 2018 - Octubre,22.21,2018,Octubre,201810.0
Cuyo,Pan francés,kg,Año 2018 - Octubre,52.21,2018,Octubre,201810.0
Cuyo,Harina de trigo común,kg,Año 2018 - Octubre,29.17,2018,Octubre,201810.0
Cuyo,Arroz blanco simple,kg,Año 2018 - Octubre,37.78,2018,Octubre,201810.0
Cuyo,Fideos secos tipo guisero,500 g,Año 2018 - Octubre,34.43,2018,Octubre,201810.0
Cuyo,Carne picada común,kg,Año 2018 - Octubre,107.5,2018,Octubre,201810.0
Cuyo,Pollo entero,kg,Año 2018 - Octubre,65.55,2018,Octubre,201810.0
Cuyo,Aceite de girasol,"1,5 litros",Año 2018 - Octubre,93.78,2018,Octubre,201810.0
Cuyo,Leche fresca entera sachet,Litro,Año 2018 - Octubre,33.89,2018,Octubre,201810.0
Cuyo,Huevos de gallina,Docena,Año 2018 - Octubre,65.46,2018,Octubre,201810.0
Cuyo,Papa,kg,Año 2018 - Octubre,20.0,2018,Octubre,201810.0
Cuyo,Azúcar,kg,Año 2018 - Octubre,26.66,2018,Octubre,201810.0
Cuyo,Detergente líquido,750 cc,Año 2018 - Octubre,34.66,2018,Octubre,201810.0
Cuyo,Lavandina,1.000 cc,Año 2018 - Octubre,24.89,2018,Octubre,201810.0
Cuyo,Jabón de tocador,125 g,Año 2018 - Octubre,22.4,2018,Octubre,201810.0
Patagonia,Pan francés,kg,Año 2018 - Octubre,67.27,2018,Octubre,201810.0
Patagonia,Harina de trigo común,kg,Año 2018 - Octubre,31.11,2018,Octubre,201810.0
Patagonia,Arroz blanco simple,kg,Año 2018 - Octubre,41.55,2018,Octubre,201810.0
Patagonia,Fideos secos tipo guisero,500 g,Año 2018 - Octubre,36.34,2018,Octubre,201810.0
Patagonia,Carne picada común,kg,Año 2018 - Octubre,141.82,2018,Octubre,201810.0
Patagonia,Pollo entero,kg,Año 2018 - Octubre,69.5,2018,Octubre,201810.0
Patagonia,Aceite de girasol,"1,5 litros",Año 2018 - Octubre,93.29,2018,Octubre,201810.0
Patagonia,Leche fresca entera sachet,Litro,Año 2018 - Octubre,33.28,2018,Octubre,201810.0
Patagonia,Huevos de gallina,Docena,Año 2018 - Octubre,73.34,2018,Octubre,201810.0
Patagonia,Papa,kg,Año 2018 - Octubre,26.63,2018,Octubre,201810.0
Patagonia,Azúcar,kg,Año 2018 - Octubre,30.47,2018,Octubre,201810.0
Patagonia,Detergente líquido,750 cc,Año 2018 - Octubre,55.18,2018,Octubre,201810.0
Patagonia,Lavandina,1.000 cc,Año 2018 - Octubre,27.32,2018,Octubre,201810.0
Patagonia,Jabón de tocador,125 g,Año 2018 - Octubre,23.66,2018,Octubre,201810.0
GBA,Pan francés,kg,Año 2018 - Noviembre,72.63,2018,Noviembre,201811.0
GBA,Harina de trigo común,kg,Año 2018 - Noviembre,30.23,2018,Noviembre,201811.0
GBA,Arroz blanco simple,kg,Año 2018 - Noviembre,37.65,2018,Noviembre,201811.0
GBA,Fideos secos tipo guisero,500 g,Año 2018 - Noviembre,40.34,2018,Noviembre,201811.0
GBA,Carne picada común,kg,Año 2018 - Noviembre,106.89,2018,Noviembre,201811.0
GBA,Pollo entero,kg,Año 2018 - Noviembre,62.77,2018,Noviembre,201811.0
GBA,Aceite de girasol,"1,5 litros",Año 2018 - Noviembre,97.83,2018,Noviembre,201811.0
GBA,Leche fresca entera sachet,Litro,Año 2018 - Noviembre,31.3,2018,Noviembre,201811.0
GBA,Huevos de gallina,Docena,Año 2018 - Noviembre,62.84,2018,Noviembre,201811.0
GBA,Papa,kg,Año 2018 - Noviembre,28.64,2018,Noviembre,201811.0
GBA,Azúcar,kg,Año 2018 - Noviembre,28.26,2018,Noviembre,201811.0
GBA,Detergente líquido,750 cc,Año 2018 - Noviembre,35.65,2018,Noviembre,201811.0
GBA,Lavandina,1.000 cc,Año 2018 - Noviembre,27.11,2018,Noviembre,201811.0
GBA,Jabón de tocador,125 g,Año 2018 - Noviembre,22.94,2018,Noviembre,201811.0
Pampeana,Pan francés,kg,Año 2018 - Noviembre,58.73,2018,Noviembre,201811.0
Pampeana,Harina de trigo común,kg,Año 2018 - Noviembre,30.84,2018,Noviembre,201811.0
Pampeana,Arroz blanco simple,kg,Año 2018 - Noviembre,39.71,2018,Noviembre,201811.0
Pampeana,Fideos secos tipo guisero,500 g,Año 2018 - Noviembre,36.49,2018,Noviembre,201811.0
Pampeana,Carne picada común,kg,Año 2018 - Noviembre,114.24,2018,Noviembre,201811.0
Pampeana,Pollo entero,kg,Año 2018 - Noviembre,65.28,2018,Noviembre,201811.0
Pampeana,Aceite de girasol,"1,5 litros",Año 2018 - Noviembre,100.75,2018,Noviembre,201811.0
Pampeana,Leche fresca entera sachet,Litro,Año 2018 - Noviembre,33.5,2018,Noviembre,201811.0
Pampeana,Huevos de gallina,Docena,Año 2018 - Noviembre,62.15,2018,Noviembre,201811.0
Pampeana,Papa,kg,Año 2018 - Noviembre,28.35,2018,Noviembre,201811.0
Pampeana,Azúcar,kg,Año 2018 - Noviembre,28.07,2018,Noviembre,201811.0
Pampeana,Detergente líquido,750 cc,Año 2018 - Noviembre,37.82,2018,Noviembre,201811.0
Pampeana,Lavandina,1.000 cc,Año 2018 - Noviembre,25.37,2018,Noviembre,201811.0
Pampeana,Jabón de tocador,125 g,Año 2018 - Noviembre,23.57,2018,Noviembre,201811.0
Noreste,Pan francés,kg,Año 2018 - Noviembre,53.55,2018,Noviembre,201811.0
Noreste,Harina de trigo común,kg,Año 2018 - Noviembre,28.74,2018,Noviembre,201811.0
Noreste,Arroz blanco simple,kg,Año 2018 - Noviembre,35.7,2018,Noviembre,201811.0
Noreste,Fideos secos tipo guisero,500 g,Año 2018 - Noviembre,30.6,2018,Noviembre,201811.0
Noreste,Carne picada común,kg,Año 2018 - Noviembre,110.18,2018,Noviembre,201811.0
Noreste,Pollo entero,kg,Año 2018 - Noviembre,62.0,2018,Noviembre,201811.0
Noreste,Aceite de girasol,"1,5 litros",Año 2018 - Noviembre,94.93,2018,Noviembre,201811.0
Noreste,Leche fresca entera sachet,Litro,Año 2018 - Noviembre,33.04,2018,Noviembre,201811.0
Noreste,Huevos de gallina,Docena,Año 2018 - Noviembre,54.22,2018,Noviembre,201811.0
Noreste,Papa,kg,Año 2018 - Noviembre,23.47,2018,Noviembre,201811.0
Noreste,Azúcar,kg,Año 2018 - Noviembre,26.17,2018,Noviembre,201811.0
Noreste,Detergente líquido,750 cc,Año 2018 - Noviembre,31.86,2018,Noviembre,201811.0
Noreste,Lavandina,1.000 cc,Año 2018 - Noviembre,26.47,2018,Noviembre,201811.0
Noreste,Jabón de tocador,125 g,Año 2018 - Noviembre,22.48,2018,Noviembre,201811.0
Noroeste,Pan francés,kg,Año 2018 - Noviembre,56.9,2018,Noviembre,201811.0
Noroeste,Harina de trigo común,kg,Año 2018 - Noviembre,28.72,2018,Noviembre,201811.0
Noroeste,Arroz blanco simple,kg,Año 2018 - Noviembre,34.93,2018,Noviembre,201811.0
Noroeste,Fideos secos tipo guisero,500 g,Año 2018 - Noviembre,29.47,2018,Noviembre,201811.0
Noroeste,Carne picada común,kg,Año 2018 - Noviembre,117.96,2018,Noviembre,201811.0
Noroeste,Pollo entero,kg,Año 2018 - Noviembre,64.94,2018,Noviembre,201811.0
Noroeste,Aceite de girasol,"1,5 litros",Año 2018 - Noviembre,96.39,2018,Noviembre,201811.0
Noroeste,Leche fresca entera sachet,Litro,Año 2018 - Noviembre,33.02,2018,Noviembre,201811.0
Noroeste,Huevos de gallina,Docena,Año 2018 - Noviembre,56.69,2018,Noviembre,201811.0
Noroeste,Papa,kg,Año 2018 - Noviembre,18.04,2018,Noviembre,201811.0
Noroeste,Azúcar,kg,Año 2018 - Noviembre,23.56,2018,Noviembre,201811.0
Noroeste,Detergente líquido,750 cc,Año 2018 - Noviembre,36.0,2018,Noviembre,201811.0
Noroeste,Lavandina,1.000 cc,Año 2018 - Noviembre,26.62,2018,Noviembre,201811.0
Noroeste,Jabón de tocador,125 g,Año 2018 - Noviembre,23.26,2018,Noviembre,201811.0
Cuyo,Pan francés,kg,Año 2018 - Noviembre,52.35,2018,Noviembre,201811.0
Cuyo,Harina de trigo común,kg,Año 2018 - Noviembre,29.13,2018,Noviembre,201811.0
Cuyo,Arroz blanco simple,kg,Año 2018 - Noviembre,38.07,2018,Noviembre,201811.0
Cuyo,Fideos secos tipo guisero,500 g,Año 2018 - Noviembre,35.45,2018,Noviembre,201811.0
Cuyo,Carne picada común,kg,Año 2018 - Noviembre,108.0,2018,Noviembre,201811.0
Cuyo,Pollo entero,kg,Año 2018 - Noviembre,66.01,2018,Noviembre,201811.0
Cuyo,Aceite de girasol,"1,5 litros",Año 2018 - Noviembre,95.99,2018,Noviembre,201811.0
Cuyo,Leche fresca entera sachet,Litro,Año 2018 - Noviembre,34.4,2018,Noviembre,201811.0
Cuyo,Huevos de gallina,Docena,Año 2018 - Noviembre,66.04,2018,Noviembre,201811.0
Cuyo,Papa,kg,Año 2018 - Noviembre,25.16,2018,Noviembre,201811.0
Cuyo,Azúcar,kg,Año 2018 - Noviembre,26.49,2018,Noviembre,201811.0
Cuyo,Detergente líquido,750 cc,Año 2018 - Noviembre,37.94,2018,Noviembre,201811.0
Cuyo,Lavandina,1.000 cc,Año 2018 - Noviembre,25.21,2018,Noviembre,201811.0
Cuyo,Jabón de tocador,125 g,Año 2018 - Noviembre,23.47,2018,Noviembre,201811.0
Patagonia,Pan francés,kg,Año 2018 - Noviembre,68.94,2018,Noviembre,201811.0
Patagonia,Harina de trigo común,kg,Año 2018 - Noviembre,33.82,2018,Noviembre,201811.0
Patagonia,Arroz blanco simple,kg,Año 2018 - Noviembre,44.11,2018,Noviembre,201811.0
Patagonia,Fideos secos tipo guisero,500 g,Año 2018 - Noviembre,39.31,2018,Noviembre,201811.0
Patagonia,Carne picada común,kg,Año 2018 - Noviembre,141.8,2018,Noviembre,201811.0
Patagonia,Pollo entero,kg,Año 2018 - Noviembre,71.78,2018,Noviembre,201811.0
Patagonia,Aceite de girasol,"1,5 litros",Año 2018 - Noviembre,97.91,2018,Noviembre,201811.0
Patagonia,Leche fresca entera sachet,Litro,Año 2018 - Noviembre,35.68,2018,Noviembre,201811.0
Patagonia,Huevos de gallina,Docena,Año 2018 - Noviembre,73.83,2018,Noviembre,201811.0
Patagonia,Papa,kg,Año 2018 - Noviembre,35.82,2018,Noviembre,201811.0
Patagonia,Azúcar,kg,Año 2018 - Noviembre,30.71,2018,Noviembre,201811.0
Patagonia,Detergente líquido,750 cc,Año 2018 - Noviembre,61.89,2018,Noviembre,201811.0
Patagonia,Lavandina,1.000 cc,Año 2018 - Noviembre,27.81,2018,Noviembre,201811.0
Patagonia,Jabón de tocador,125 g,Año 2018 - Noviembre,24.75,2018,Noviembre,201811.0
GBA,Pan francés,kg,Año 2018 - Diciembre,73.49,2018,Diciembre,201812.0
GBA,Harina de trigo común,kg,Año 2018 - Diciembre,30.32,2018,Diciembre,201812.0
GBA,Arroz blanco simple,kg,Año 2018 - Diciembre,38.61,2018,Diciembre,201812.0
GBA,Fideos secos tipo guisero,500 g,Año 2018 - Diciembre,41.28,2018,Diciembre,201812.0
GBA,Carne picada común,kg,Año 2018 - Diciembre,106.47,2018,Diciembre,201812.0
GBA,Pollo entero,kg,Año 2018 - Diciembre,64.28,2018,Diciembre,201812.0
GBA,Aceite de girasol,"1,5 litros",Año 2018 - Diciembre,97.76,2018,Diciembre,201812.0
GBA,Leche fresca entera sachet,Litro,Año 2018 - Diciembre,33.52,2018,Diciembre,201812.0
GBA,Huevos de gallina,Docena,Año 2018 - Diciembre,62.86,2018,Diciembre,201812.0
GBA,Papa,kg,Año 2018 - Diciembre,23.45,2018,Diciembre,201812.0
GBA,Azúcar,kg,Año 2018 - Diciembre,28.81,2018,Diciembre,201812.0
GBA,Detergente líquido,750 cc,Año 2018 - Diciembre,37.47,2018,Diciembre,201812.0
GBA,Lavandina,1.000 cc,Año 2018 - Diciembre,28.46,2018,Diciembre,201812.0
GBA,Jabón de tocador,125 g,Año 2018 - Diciembre,23.48,2018,Diciembre,201812.0
Pampeana,Pan francés,kg,Año 2018 - Diciembre,59.36,2018,Diciembre,201812.0
Pampeana,Harina de trigo común,kg,Año 2018 - Diciembre,30.71,2018,Diciembre,201812.0
Pampeana,Arroz blanco simple,kg,Año 2018 - Diciembre,40.91,2018,Diciembre,201812.0
Pampeana,Fideos secos tipo guisero,500 g,Año 2018 - Diciembre,37.78,2018,Diciembre,201812.0
Pampeana,Carne picada común,kg,Año 2018 - Diciembre,114.88,2018,Diciembre,201812.0
Pampeana,Pollo entero,kg,Año 2018 - Diciembre,67.72,2018,Diciembre,201812.0
Pampeana,Aceite de girasol,"1,5 litros",Año 2018 - Diciembre,102.17,2018,Diciembre,201812.0
Pampeana,Leche fresca entera sachet,Litro,Año 2018 - Diciembre,35.82,2018,Diciembre,201812.0
Pampeana,Huevos de gallina,Docena,Año 2018 - Diciembre,62.34,2018,Diciembre,201812.0
Pampeana,Papa,kg,Año 2018 - Diciembre,22.95,2018,Diciembre,201812.0
Pampeana,Azúcar,kg,Año 2018 - Diciembre,28.32,2018,Diciembre,201812.0
Pampeana,Detergente líquido,750 cc,Año 2018 - Diciembre,39.07,2018,Diciembre,201812.0
Pampeana,Lavandina,1.000 cc,Año 2018 - Diciembre,27.39,2018,Diciembre,201812.0
Pampeana,Jabón de tocador,125 g,Año 2018 - Diciembre,24.58,2018,Diciembre,201812.0
Noreste,Pan francés,kg,Año 2018 - Diciembre,54.25,2018,Diciembre,201812.0
Noreste,Harina de trigo común,kg,Año 2018 - Diciembre,29.42,2018,Diciembre,201812.0
Noreste,Arroz blanco simple,kg,Año 2018 - Diciembre,36.61,2018,Diciembre,201812.0
Noreste,Fideos secos tipo guisero,500 g,Año 2018 - Diciembre,31.23,2018,Diciembre,201812.0
Noreste,Carne picada común,kg,Año 2018 - Diciembre,112.94,2018,Diciembre,201812.0
Noreste,Pollo entero,kg,Año 2018 - Diciembre,64.73,2018,Diciembre,201812.0
Noreste,Aceite de girasol,"1,5 litros",Año 2018 - Diciembre,96.26,2018,Diciembre,201812.0
Noreste,Leche fresca entera sachet,Litro,Año 2018 - Diciembre,34.67,2018,Diciembre,201812.0
Noreste,Huevos de gallina,Docena,Año 2018 - Diciembre,54.87,2018,Diciembre,201812.0
Noreste,Papa,kg,Año 2018 - Diciembre,21.47,2018,Diciembre,201812.0
Noreste,Azúcar,kg,Año 2018 - Diciembre,25.85,2018,Diciembre,201812.0
Noreste,Detergente líquido,750 cc,Año 2018 - Diciembre,35.06,2018,Diciembre,201812.0
Noreste,Lavandina,1.000 cc,Año 2018 - Diciembre,27.02,2018,Diciembre,201812.0
Noreste,Jabón de tocador,125 g,Año 2018 - Diciembre,23.39,2018,Diciembre,201812.0
Noroeste,Pan francés,kg,Año 2018 - Diciembre,57.68,2018,Diciembre,201812.0
Noroeste,Harina de trigo común,kg,Año 2018 - Diciembre,28.91,2018,Diciembre,201812.0
Noroeste,Arroz blanco simple,kg,Año 2018 - Diciembre,35.57,2018,Diciembre,201812.0
Noroeste,Fideos secos tipo guisero,500 g,Año 2018 - Diciembre,30.31,2018,Diciembre,201812.0
Noroeste,Carne picada común,kg,Año 2018 - Diciembre,118.49,2018,Diciembre,201812.0
Noroeste,Pollo entero,kg,Año 2018 - Diciembre,66.55,2018,Diciembre,201812.0
Noroeste,Aceite de girasol,"1,5 litros",Año 2018 - Diciembre,97.55,2018,Diciembre,201812.0
Noroeste,Leche fresca entera sachet,Litro,Año 2018 - Diciembre,35.0,2018,Diciembre,201812.0
Noroeste,Huevos de gallina,Docena,Año 2018 - Diciembre,57.58,2018,Diciembre,201812.0
Noroeste,Papa,kg,Año 2018 - Diciembre,15.29,2018,Diciembre,201812.0
Noroeste,Azúcar,kg,Año 2018 - Diciembre,24.03,2018,Diciembre,201812.0
Noroeste,Detergente líquido,750 cc,Año 2018 - Diciembre,36.71,2018,Diciembre,201812.0
Noroeste,Lavandina,1.000 cc,Año 2018 - Diciembre,27.99,2018,Diciembre,201812.0
Noroeste,Jabón de tocador,125 g,Año 2018 - Diciembre,24.22,2018,Diciembre,201812.0
Cuyo,Pan francés,kg,Año 2018 - Diciembre,53.27,2018,Diciembre,201812.0
Cuyo,Harina de trigo común,kg,Año 2018 - Diciembre,29.89,2018,Diciembre,201812.0
Cuyo,Arroz blanco simple,kg,Año 2018 - Diciembre,38.57,2018,Diciembre,201812.0
Cuyo,Fideos secos tipo guisero,500 g,Año 2018 - Diciembre,35.73,2018,Diciembre,201812.0
Cuyo,Carne picada común,kg,Año 2018 - Diciembre,107.69,2018,Diciembre,201812.0
Cuyo,Pollo entero,kg,Año 2018 - Diciembre,67.86,2018,Diciembre,201812.0
Cuyo,Aceite de girasol,"1,5 litros",Año 2018 - Diciembre,95.88,2018,Diciembre,201812.0
Cuyo,Leche fresca entera sachet,Litro,Año 2018 - Diciembre,36.93,2018,Diciembre,201812.0
Cuyo,Huevos de gallina,Docena,Año 2018 - Diciembre,66.22,2018,Diciembre,201812.0
Cuyo,Papa,kg,Año 2018 - Diciembre,18.0,2018,Diciembre,201812.0
Cuyo,Azúcar,kg,Año 2018 - Diciembre,27.61,2018,Diciembre,201812.0
Cuyo,Detergente líquido,750 cc,Año 2018 - Diciembre,39.48,2018,Diciembre,201812.0
Cuyo,Lavandina,1.000 cc,Año 2018 - Diciembre,28.79,2018,Diciembre,201812.0
Cuyo,Jabón de tocador,125 g,Año 2018 - Diciembre,24.49,2018,Diciembre,201812.0
Patagonia,Pan francés,kg,Año 2018 - Diciembre,68.72,2018,Diciembre,201812.0
Patagonia,Harina de trigo común,kg,Año 2018 - Diciembre,34.01,2018,Diciembre,201812.0
Patagonia,Arroz blanco simple,kg,Año 2018 - Diciembre,45.15,2018,Diciembre,201812.0
Patagonia,Fideos secos tipo guisero,500 g,Año 2018 - Diciembre,40.48,2018,Diciembre,201812.0
Patagonia,Carne picada común,kg,Año 2018 - Diciembre,143.07,2018,Diciembre,201812.0
Patagonia,Pollo entero,kg,Año 2018 - Diciembre,72.83,2018,Diciembre,201812.0
Patagonia,Aceite de girasol,"1,5 litros",Año 2018 - Diciembre,97.77,2018,Diciembre,201812.0
Patagonia,Leche fresca entera sachet,Litro,Año 2018 - Diciembre,37.75,2018,Diciembre,201812.0
Patagonia,Huevos de gallina,Docena,Año 2018 - Diciembre,74.96,2018,Diciembre,201812.0
Patagonia,Papa,kg,Año 2018 - Diciembre,32.26,2018,Diciembre,201812.0
Patagonia,Azúcar,kg,Año 2018 - Diciembre,31.07,2018,Diciembre,201812.0
Patagonia,Detergente líquido,750 cc,Año 2018 - Diciembre,62.28,2018,Diciembre,201812.0
Patagonia,Lavandina,1.000 cc,Año 2018 - Diciembre,29.66,2018,Diciembre,201812.0
Patagonia,Jabón de tocador,125 g,Año 2018 - Diciembre,24.98,2018,Diciembre,201812.0
GBA,Pan francés,kg,Año 2019 - Enero,75.04,2019,Enero,201901.0
GBA,Harina de trigo común,kg,Año 2019 - Enero,30.81,2019,Enero,201901.0
GBA,Arroz blanco simple,kg,Año 2019 - Enero,39.39,2019,Enero,201901.0
GBA,Fideos secos tipo guisero,500 g,Año 2019 - Enero,42.15,2019,Enero,201901.0
GBA,Carne picada común,kg,Año 2019 - Enero,113.53,2019,Enero,201901.0
GBA,Pollo entero,kg,Año 2019 - Enero,66.32,2019,Enero,201901.0
GBA,Aceite de girasol,"1,5 litros",Año 2019 - Enero,98.05,2019,Enero,201901.0
GBA,Leche fresca entera sachet,Litro,Año 2019 - Enero,35.36,2019,Enero,201901.0
GBA,Huevos de gallina,Docena,Año 2019 - Enero,63.66,2019,Enero,201901.0
GBA,Papa,kg,Año 2019 - Enero,22.45,2019,Enero,201901.0
GBA,Azúcar,kg,Año 2019 - Enero,29.64,2019,Enero,201901.0
GBA,Detergente líquido,750 cc,Año 2019 - Enero,40.28,2019,Enero,201901.0
GBA,Lavandina,1.000 cc,Año 2019 - Enero,30.17,2019,Enero,201901.0
GBA,Jabón de tocador,125 g,Año 2019 - Enero,24.69,2019,Enero,201901.0
Pampeana,Pan francés,kg,Año 2019 - Enero,60.57,2019,Enero,201901.0
Pampeana,Harina de trigo común,kg,Año 2019 - Enero,30.34,2019,Enero,201901.0
Pampeana,Arroz blanco simple,kg,Año 2019 - Enero,41.89,2019,Enero,201901.0
Pampeana,Fideos secos tipo guisero,500 g,Año 2019 - Enero,38.67,2019,Enero,201901.0
Pampeana,Carne picada común,kg,Año 2019 - Enero,120.34,2019,Enero,201901.0
Pampeana,Pollo entero,kg,Año 2019 - Enero,69.21,2019,Enero,201901.0
Pampeana,Aceite de girasol,"1,5 litros",Año 2019 - Enero,102.66,2019,Enero,201901.0
Pampeana,Leche fresca entera sachet,Litro,Año 2019 - Enero,38.2,2019,Enero,201901.0
Pampeana,Huevos de gallina,Docena,Año 2019 - Enero,62.48,2019,Enero,201901.0
Pampeana,Papa,kg,Año 2019 - Enero,21.4,2019,Enero,201901.0
Pampeana,Azúcar,kg,Año 2019 - Enero,28.87,2019,Enero,201901.0
Pampeana,Detergente líquido,750 cc,Año 2019 - Enero,41.3,2019,Enero,201901.0
Pampeana,Lavandina,1.000 cc,Año 2019 - Enero,28.92,2019,Enero,201901.0
Pampeana,Jabón de tocador,125 g,Año 2019 - Enero,25.3,2019,Enero,201901.0
Noreste,Pan francés,kg,Año 2019 - Enero,55.23,2019,Enero,201901.0
Noreste,Harina de trigo común,kg,Año 2019 - Enero,29.73,2019,Enero,201901.0
Noreste,Arroz blanco simple,kg,Año 2019 - Enero,38.66,2019,Enero,201901.0
Noreste,Fideos secos tipo guisero,500 g,Año 2019 - Enero,32.07,2019,Enero,201901.0
Noreste,Carne picada común,kg,Año 2019 - Enero,114.72,2019,Enero,201901.0
Noreste,Pollo entero,kg,Año 2019 - Enero,65.79,2019,Enero,201901.0
Noreste,Aceite de girasol,"1,5 litros",Año 2019 - Enero,98.97,2019,Enero,201901.0
Noreste,Leche fresca entera sachet,Litro,Año 2019 - Enero,36.99,2019,Enero,201901.0
Noreste,Huevos de gallina,Docena,Año 2019 - Enero,56.82,2019,Enero,201901.0
Noreste,Papa,kg,Año 2019 - Enero,20.87,2019,Enero,201901.0
Noreste,Azúcar,kg,Año 2019 - Enero,27.05,2019,Enero,201901.0
Noreste,Detergente líquido,750 cc,Año 2019 - Enero,37.62,2019,Enero,201901.0
Noreste,Lavandina,1.000 cc,Año 2019 - Enero,28.7,2019,Enero,201901.0
Noreste,Jabón de tocador,125 g,Año 2019 - Enero,23.69,2019,Enero,201901.0
Noroeste,Pan francés,kg,Año 2019 - Enero,58.28,2019,Enero,201901.0
Noroeste,Harina de trigo común,kg,Año 2019 - Enero,29.06,2019,Enero,201901.0
Noroeste,Arroz blanco simple,kg,Año 2019 - Enero,36.75,2019,Enero,201901.0
Noroeste,Fideos secos tipo guisero,500 g,Año 2019 - Enero,31.76,2019,Enero,201901.0
Noroeste,Carne picada común,kg,Año 2019 - Enero,124.76,2019,Enero,201901.0
Noroeste,Pollo entero,kg,Año 2019 - Enero,67.55,2019,Enero,201901.0
Noroeste,Aceite de girasol,"1,5 litros",Año 2019 - Enero,98.63,2019,Enero,201901.0
Noroeste,Leche fresca entera sachet,Litro,Año 2019 - Enero,37.11,2019,Enero,201901.0
Noroeste,Huevos de gallina,Docena,Año 2019 - Enero,57.76,2019,Enero,201901.0
Noroeste,Papa,kg,Año 2019 - Enero,15.9,2019,Enero,201901.0
Noroeste,Azúcar,kg,Año 2019 - Enero,24.64,2019,Enero,201901.0
Noroeste,Detergente líquido,750 cc,Año 2019 - Enero,39.84,2019,Enero,201901.0
Noroeste,Lavandina,1.000 cc,Año 2019 - Enero,28.9,2019,Enero,201901.0
Noroeste,Jabón de tocador,125 g,Año 2019 - Enero,24.78,2019,Enero,201901.0
Cuyo,Pan francés,kg,Año 2019 - Enero,54.35,2019,Enero,201901.0
Cuyo,Harina de trigo común,kg,Año 2019 - Enero,29.86,2019,Enero,201901.0
Cuyo,Arroz blanco simple,kg,Año 2019 - Enero,38.91,2019,Enero,201901.0
Cuyo,Fideos secos tipo guisero,500 g,Año 2019 - Enero,38.58,2019,Enero,201901.0
Cuyo,Carne picada común,kg,Año 2019 - Enero,113.36,2019,Enero,201901.0
Cuyo,Pollo entero,kg,Año 2019 - Enero,68.93,2019,Enero,201901.0
Cuyo,Aceite de girasol,"1,5 litros",Año 2019 - Enero,97.92,2019,Enero,201901.0
Cuyo,Leche fresca entera sachet,Litro,Año 2019 - Enero,40.16,2019,Enero,201901.0
Cuyo,Huevos de gallina,Docena,Año 2019 - Enero,65.65,2019,Enero,201901.0
Cuyo,Papa,kg,Año 2019 - Enero,16.55,2019,Enero,201901.0
Cuyo,Azúcar,kg,Año 2019 - Enero,28.46,2019,Enero,201901.0
Cuyo,Detergente líquido,750 cc,Año 2019 - Enero,41.15,2019,Enero,201901.0
Cuyo,Lavandina,1.000 cc,Año 2019 - Enero,30.53,2019,Enero,201901.0
Cuyo,Jabón de tocador,125 g,Año 2019 - Enero,25.46,2019,Enero,201901.0
Patagonia,Pan francés,kg,Año 2019 - Enero,70.83,2019,Enero,201901.0
Patagonia,Harina de trigo común,kg,Año 2019 - Enero,33.73,2019,Enero,201901.0
Patagonia,Arroz blanco simple,kg,Año 2019 - Enero,46.4,2019,Enero,201901.0
Patagonia,Fideos secos tipo guisero,500 g,Año 2019 - Enero,41.69,2019,Enero,201901.0
Patagonia,Carne picada común,kg,Año 2019 - Enero,151.18,2019,Enero,201901.0
Patagonia,Pollo entero,kg,Año 2019 - Enero,75.17,2019,Enero,201901.0
Patagonia,Aceite de girasol,"1,5 litros",Año 2019 - Enero,97.96,2019,Enero,201901.0
Patagonia,Leche fresca entera sachet,Litro,Año 2019 - Enero,40.86,2019,Enero,201901.0
Patagonia,Huevos de gallina,Docena,Año 2019 - Enero,74.28,2019,Enero,201901.0
Patagonia,Papa,kg,Año 2019 - Enero,30.34,2019,Enero,201901.0
Patagonia,Azúcar,kg,Año 2019 - Enero,32.28,2019,Enero,201901.0
Patagonia,Detergente líquido,750 cc,Año 2019 - Enero,65.92,2019,Enero,201901.0
Patagonia,Lavandina,1.000 cc,Año 2019 - Enero,31.62,2019,Enero,201901.0
Patagonia,Jabón de tocador,125 g,Año 2019 - Enero,26.86,2019,Enero,201901.0
GBA,Pan francés,kg,Año 2019 - Febrero,76.94,2019,Febrero,201902.0
GBA,Harina de trigo común,kg,Año 2019 - Febrero,31.28,2019,Febrero,201902.0
GBA,Arroz blanco simple,kg,Año 2019 - Febrero,40.6,2019,Febrero,201902.0
GBA,Fideos secos tipo guisero,500 g,Año 2019 - Febrero,43.21,2019,Febrero,201902.0
GBA,Carne picada común,kg,Año 2019 - Febrero,126.42,2019,Febrero,201902.0
GBA,Pollo entero,kg,Año 2019 - Febrero,72.08,2019,Febrero,201902.0
GBA,Aceite de girasol,"1,5 litros",Año 2019 - Febrero,97.98,2019,Febrero,201902.0
GBA,Leche fresca entera sachet,Litro,Año 2019 - Febrero,36.25,2019,Febrero,201902.0
GBA,Huevos de gallina,Docena,Año 2019 - Febrero,64.9,2019,Febrero,201902.0
GBA,Papa,kg,Año 2019 - Febrero,20.33,2019,Febrero,201902.0
GBA,Azúcar,kg,Año 2019 - Febrero,30.14,2019,Febrero,201902.0
GBA,Detergente líquido,750 cc,Año 2019 - Febrero,42.81,2019,Febrero,201902.0
GBA,Lavandina,1.000 cc,Año 2019 - Febrero,31.27,2019,Febrero,201902.0
GBA,Jabón de tocador,125 g,Año 2019 - Febrero,25.45,2019,Febrero,201902.0
Pampeana,Pan francés,kg,Año 2019 - Febrero,62.07,2019,Febrero,201902.0
Pampeana,Harina de trigo común,kg,Año 2019 - Febrero,30.66,2019,Febrero,201902.0
Pampeana,Arroz blanco simple,kg,Año 2019 - Febrero,42.54,2019,Febrero,201902.0
Pampeana,Fideos secos tipo guisero,500 g,Año 2019 - Febrero,39.79,2019,Febrero,201902.0
Pampeana,Carne picada común,kg,Año 2019 - Febrero,140.06,2019,Febrero,201902.0
Pampeana,Pollo entero,kg,Año 2019 - Febrero,73.68,2019,Febrero,201902.0
Pampeana,Aceite de girasol,"1,5 litros",Año 2019 - Febrero,102.68,2019,Febrero,201902.0
Pampeana,Leche fresca entera sachet,Litro,Año 2019 - Febrero,39.5,2019,Febrero,201902.0
Pampeana,Huevos de gallina,Docena,Año 2019 - Febrero,65.08,2019,Febrero,201902.0
Pampeana,Papa,kg,Año 2019 - Febrero,19.95,2019,Febrero,201902.0
Pampeana,Azúcar,kg,Año 2019 - Febrero,30.15,2019,Febrero,201902.0
Pampeana,Detergente líquido,750 cc,Año 2019 - Febrero,43.58,2019,Febrero,201902.0
Pampeana,Lavandina,1.000 cc,Año 2019 - Febrero,30.17,2019,Febrero,201902.0
Pampeana,Jabón de tocador,125 g,Año 2019 - Febrero,26.24,2019,Febrero,201902.0
Noreste,Pan francés,kg,Año 2019 - Febrero,56.22,2019,Febrero,201902.0
Noreste,Harina de trigo común,kg,Año 2019 - Febrero,30.56,2019,Febrero,201902.0
Noreste,Arroz blanco simple,kg,Año 2019 - Febrero,40.84,2019,Febrero,201902.0
Noreste,Fideos secos tipo guisero,500 g,Año 2019 - Febrero,32.79,2019,Febrero,201902.0
Noreste,Carne picada común,kg,Año 2019 - Febrero,128.76,2019,Febrero,201902.0
Noreste,Pollo entero,kg,Año 2019 - Febrero,69.61,2019,Febrero,201902.0
Noreste,Aceite de girasol,"1,5 litros",Año 2019 - Febrero,99.73,2019,Febrero,201902.0
Noreste,Leche fresca entera sachet,Litro,Año 2019 - Febrero,39.27,2019,Febrero,201902.0
Noreste,Huevos de gallina,Docena,Año 2019 - Febrero,58.93,2019,Febrero,201902.0
Noreste,Papa,kg,Año 2019 - Febrero,19.81,2019,Febrero,201902.0
Noreste,Azúcar,kg,Año 2019 - Febrero,28.77,2019,Febrero,201902.0
Noreste,Detergente líquido,750 cc,Año 2019 - Febrero,39.47,2019,Febrero,201902.0
Noreste,Lavandina,1.000 cc,Año 2019 - Febrero,30.85,2019,Febrero,201902.0
Noreste,Jabón de tocador,125 g,Año 2019 - Febrero,25.42,2019,Febrero,201902.0
Noroeste,Pan francés,kg,Año 2019 - Febrero,59.55,2019,Febrero,201902.0
Noroeste,Harina de trigo común,kg,Año 2019 - Febrero,29.17,2019,Febrero,201902.0
Noroeste,Arroz blanco simple,kg,Año 2019 - Febrero,37.28,2019,Febrero,201902.0
Noroeste,Fideos secos tipo guisero,500 g,Año 2019 - Febrero,31.84,2019,Febrero,201902.0
Noroeste,Carne picada común,kg,Año 2019 - Febrero,141.59,2019,Febrero,201902.0
Noroeste,Pollo entero,kg,Año 2019 - Febrero,70.65,2019,Febrero,201902.0
Noroeste,Aceite de girasol,"1,5 litros",Año 2019 - Febrero,99.35,2019,Febrero,201902.0
Noroeste,Leche fresca entera sachet,Litro,Año 2019 - Febrero,38.12,2019,Febrero,201902.0
Noroeste,Huevos de gallina,Docena,Año 2019 - Febrero,59.83,2019,Febrero,201902.0
Noroeste,Papa,kg,Año 2019 - Febrero,15.44,2019,Febrero,201902.0
Noroeste,Azúcar,kg,Año 2019 - Febrero,25.97,2019,Febrero,201902.0
Noroeste,Detergente líquido,750 cc,Año 2019 - Febrero,41.52,2019,Febrero,201902.0
Noroeste,Lavandina,1.000 cc,Año 2019 - Febrero,29.47,2019,Febrero,201902.0
Noroeste,Jabón de tocador,125 g,Año 2019 - Febrero,25.49,2019,Febrero,201902.0
Cuyo,Pan francés,kg,Año 2019 - Febrero,55.36,2019,Febrero,201902.0
Cuyo,Harina de trigo común,kg,Año 2019 - Febrero,29.85,2019,Febrero,201902.0
Cuyo,Arroz blanco simple,kg,Año 2019 - Febrero,39.8,2019,Febrero,201902.0
Cuyo,Fideos secos tipo guisero,500 g,Año 2019 - Febrero,38.28,2019,Febrero,201902.0
Cuyo,Carne picada común,kg,Año 2019 - Febrero,133.51,2019,Febrero,201902.0
Cuyo,Pollo entero,kg,Año 2019 - Febrero,71.57,2019,Febrero,201902.0
Cuyo,Aceite de girasol,"1,5 litros",Año 2019 - Febrero,96.55,2019,Febrero,201902.0
Cuyo,Leche fresca entera sachet,Litro,Año 2019 - Febrero,40.86,2019,Febrero,201902.0
Cuyo,Huevos de gallina,Docena,Año 2019 - Febrero,68.69,2019,Febrero,201902.0
Cuyo,Papa,kg,Año 2019 - Febrero,16.78,2019,Febrero,201902.0
Cuyo,Azúcar,kg,Año 2019 - Febrero,28.96,2019,Febrero,201902.0
Cuyo,Detergente líquido,750 cc,Año 2019 - Febrero,44.16,2019,Febrero,201902.0
Cuyo,Lavandina,1.000 cc,Año 2019 - Febrero,32.56,2019,Febrero,201902.0
Cuyo,Jabón de tocador,125 g,Año 2019 - Febrero,26.1,2019,Febrero,201902.0
Patagonia,Pan francés,kg,Año 2019 - Febrero,71.58,2019,Febrero,201902.0
Patagonia,Harina de trigo común,kg,Año 2019 - Febrero,33.96,2019,Febrero,201902.0
Patagonia,Arroz blanco simple,kg,Año 2019 - Febrero,47.36,2019,Febrero,201902.0
Patagonia,Fideos secos tipo guisero,500 g,Año 2019 - Febrero,42.55,2019,Febrero,201902.0
Patagonia,Carne picada común,kg,Año 2019 - Febrero,165.15,2019,Febrero,201902.0
Patagonia,Pollo entero,kg,Año 2019 - Febrero,77.74,2019,Febrero,201902.0
Patagonia,Aceite de girasol,"1,5 litros",Año 2019 - Febrero,98.38,2019,Febrero,201902.0
Patagonia,Leche fresca entera sachet,Litro,Año 2019 - Febrero,41.58,2019,Febrero,201902.0
Patagonia,Huevos de gallina,Docena,Año 2019 - Febrero,76.72,2019,Febrero,201902.0
Patagonia,Papa,kg,Año 2019 - Febrero,29.06,2019,Febrero,201902.0
Patagonia,Azúcar,kg,Año 2019 - Febrero,32.43,2019,Febrero,201902.0
Patagonia,Detergente líquido,750 cc,Año 2019 - Febrero,69.74,2019,Febrero,201902.0
Patagonia,Lavandina,1.000 cc,Año 2019 - Febrero,32.71,2019,Febrero,201902.0
Patagonia,Jabón de tocador,125 g,Año 2019 - Febrero,28.41,2019,Febrero,201902.0
GBA,Pan francés,kg,Año 2019 - Marzo,79.9,2019,Marzo,201903.0
GBA,Harina de trigo común,kg,Año 2019 - Marzo,31.56,2019,Marzo,201903.0
GBA,Arroz blanco simple,kg,Año 2019 - Marzo,40.94,2019,Marzo,201903.0
GBA,Fideos secos tipo guisero,500 g,Año 2019 - Marzo,43.89,2019,Marzo,201903.0
GBA,Carne picada común,kg,Año 2019 - Marzo,134.04,2019,Marzo,201903.0
GBA,Pollo entero,kg,Año 2019 - Marzo,90.41,2019,Marzo,201903.0
GBA,Aceite de girasol,"1,5 litros",Año 2019 - Marzo,98.91,2019,Marzo,201903.0
GBA,Leche fresca entera sachet,Litro,Año 2019 - Marzo,39.65,2019,Marzo,201903.0
GBA,Huevos de gallina,Docena,Año 2019 - Marzo,69.59,2019,Marzo,201903.0
GBA,Papa,kg,Año 2019 - Marzo,21.22,2019,Marzo,201903.0
GBA,Azúcar,kg,Año 2019 - Marzo,31.63,2019,Marzo,201903.0
GBA,Detergente líquido,750 cc,Año 2019 - Marzo,44.34,2019,Marzo,201903.0
GBA,Lavandina,1.000 cc,Año 2019 - Marzo,33.68,2019,Marzo,201903.0
GBA,Jabón de tocador,125 g,Año 2019 - Marzo,26.17,2019,Marzo,201903.0
Pampeana,Pan francés,kg,Año 2019 - Marzo,63.34,2019,Marzo,201903.0
Pampeana,Harina de trigo común,kg,Año 2019 - Marzo,31.22,2019,Marzo,201903.0
Pampeana,Arroz blanco simple,kg,Año 2019 - Marzo,43.9,2019,Marzo,201903.0
Pampeana,Fideos secos tipo guisero,500 g,Año 2019 - Marzo,40.09,2019,Marzo,201903.0
Pampeana,Carne picada común,kg,Año 2019 - Marzo,151.69,2019,Marzo,201903.0
Pampeana,Pollo entero,kg,Año 2019 - Marzo,90.95,2019,Marzo,201903.0
Pampeana,Aceite de girasol,"1,5 litros",Año 2019 - Marzo,103.23,2019,Marzo,201903.0
Pampeana,Leche fresca entera sachet,Litro,Año 2019 - Marzo,42.99,2019,Marzo,201903.0
Pampeana,Huevos de gallina,Docena,Año 2019 - Marzo,69.92,2019,Marzo,201903.0
Pampeana,Papa,kg,Año 2019 - Marzo,20.57,2019,Marzo,201903.0
Pampeana,Azúcar,kg,Año 2019 - Marzo,31.96,2019,Marzo,201903.0
Pampeana,Detergente líquido,750 cc,Año 2019 - Marzo,45.71,2019,Marzo,201903.0
Pampeana,Lavandina,1.000 cc,Año 2019 - Marzo,31.57,2019,Marzo,201903.0
Pampeana,Jabón de tocador,125 g,Año 2019 - Marzo,27.45,2019,Marzo,201903.0
Noreste,Pan francés,kg,Año 2019 - Marzo,57.36,2019,Marzo,201903.0
Noreste,Harina de trigo común,kg,Año 2019 - Marzo,30.66,2019,Marzo,201903.0
Noreste,Arroz blanco simple,kg,Año 2019 - Marzo,42.37,2019,Marzo,201903.0
Noreste,Fideos secos tipo guisero,500 g,Año 2019 - Marzo,33.07,2019,Marzo,201903.0
Noreste,Carne picada común,kg,Año 2019 - Marzo,138.74,2019,Marzo,201903.0
Noreste,Pollo entero,kg,Año 2019 - Marzo,84.63,2019,Marzo,201903.0
Noreste,Aceite de girasol,"1,5 litros",Año 2019 - Marzo,100.26,2019,Marzo,201903.0
Noreste,Leche fresca entera sachet,Litro,Año 2019 - Marzo,43.09,2019,Marzo,201903.0
Noreste,Huevos de gallina,Docena,Año 2019 - Marzo,62.67,2019,Marzo,201903.0
Noreste,Papa,kg,Año 2019 - Marzo,20.72,2019,Marzo,201903.0
Noreste,Azúcar,kg,Año 2019 - Marzo,30.36,2019,Marzo,201903.0
Noreste,Detergente líquido,750 cc,Año 2019 - Marzo,41.44,2019,Marzo,201903.0
Noreste,Lavandina,1.000 cc,Año 2019 - Marzo,32.76,2019,Marzo,201903.0
Noreste,Jabón de tocador,125 g,Año 2019 - Marzo,26.52,2019,Marzo,201903.0
Noroeste,Pan francés,kg,Año 2019 - Marzo,63.14,2019,Marzo,201903.0
Noroeste,Harina de trigo común,kg,Año 2019 - Marzo,29.78,2019,Marzo,201903.0
Noroeste,Arroz blanco simple,kg,Año 2019 - Marzo,38.23,2019,Marzo,201903.0
Noroeste,Fideos secos tipo guisero,500 g,Año 2019 - Marzo,32.46,2019,Marzo,201903.0
Noroeste,Carne picada común,kg,Año 2019 - Marzo,154.54,2019,Marzo,201903.0
Noroeste,Pollo entero,kg,Año 2019 - Marzo,87.27,2019,Marzo,201903.0
Noroeste,Aceite de girasol,"1,5 litros",Año 2019 - Marzo,100.86,2019,Marzo,201903.0
Noroeste,Leche fresca entera sachet,Litro,Año 2019 - Marzo,41.73,2019,Marzo,201903.0
Noroeste,Huevos de gallina,Docena,Año 2019 - Marzo,66.05,2019,Marzo,201903.0
Noroeste,Papa,kg,Año 2019 - Marzo,16.8,2019,Marzo,201903.0
Noroeste,Azúcar,kg,Año 2019 - Marzo,27.66,2019,Marzo,201903.0
Noroeste,Detergente líquido,750 cc,Año 2019 - Marzo,42.89,2019,Marzo,201903.0
Noroeste,Lavandina,1.000 cc,Año 2019 - Marzo,30.1,2019,Marzo,201903.0
Noroeste,Jabón de tocador,125 g,Año 2019 - Marzo,25.98,2019,Marzo,201903.0
Cuyo,Pan francés,kg,Año 2019 - Marzo,57.67,2019,Marzo,201903.0
Cuyo,Harina de trigo común,kg,Año 2019 - Marzo,29.88,2019,Marzo,201903.0
Cuyo,Arroz blanco simple,kg,Año 2019 - Marzo,41.05,2019,Marzo,201903.0
Cuyo,Fideos secos tipo guisero,500 g,Año 2019 - Marzo,39.68,2019,Marzo,201903.0
Cuyo,Carne picada común,kg,Año 2019 - Marzo,145.66,2019,Marzo,201903.0
Cuyo,Pollo entero,kg,Año 2019 - Marzo,91.65,2019,Marzo,201903.0
Cuyo,Aceite de girasol,"1,5 litros",Año 2019 - Marzo,97.3,2019,Marzo,201903.0
Cuyo,Leche fresca entera sachet,Litro,Año 2019 - Marzo,44.03,2019,Marzo,201903.0
Cuyo,Huevos de gallina,Docena,Año 2019 - Marzo,76.85,2019,Marzo,201903.0
Cuyo,Papa,kg,Año 2019 - Marzo,19.74,2019,Marzo,201903.0
Cuyo,Azúcar,kg,Año 2019 - Marzo,31.22,2019,Marzo,201903.0
Cuyo,Detergente líquido,750 cc,Año 2019 - Marzo,44.97,2019,Marzo,201903.0
Cuyo,Lavandina,1.000 cc,Año 2019 - Marzo,33.74,2019,Marzo,201903.0
Cuyo,Jabón de tocador,125 g,Año 2019 - Marzo,26.79,2019,Marzo,201903.0
Patagonia,Pan francés,kg,Año 2019 - Marzo,73.09,2019,Marzo,201903.0
Patagonia,Harina de trigo común,kg,Año 2019 - Marzo,33.93,2019,Marzo,201903.0
Patagonia,Arroz blanco simple,kg,Año 2019 - Marzo,49.17,2019,Marzo,201903.0
Patagonia,Fideos secos tipo guisero,500 g,Año 2019 - Marzo,42.92,2019,Marzo,201903.0
Patagonia,Carne picada común,kg,Año 2019 - Marzo,185.96,2019,Marzo,201903.0
Patagonia,Pollo entero,kg,Año 2019 - Marzo,92.65,2019,Marzo,201903.0
Patagonia,Aceite de girasol,"1,5 litros",Año 2019 - Marzo,99.62,2019,Marzo,201903.0
Patagonia,Leche fresca entera sachet,Litro,Año 2019 - Marzo,45.91,2019,Marzo,201903.0
Patagonia,Huevos de gallina,Docena,Año 2019 - Marzo,81.56,2019,Marzo,201903.0
Patagonia,Papa,kg,Año 2019 - Marzo,30.07,2019,Marzo,201903.0
Patagonia,Azúcar,kg,Año 2019 - Marzo,35.05,2019,Marzo,201903.0
Patagonia,Detergente líquido,750 cc,Año 2019 - Marzo,71.98,2019,Marzo,201903.0
Patagonia,Lavandina,1.000 cc,Año 2019 - Marzo,34.61,2019,Marzo,201903.0
Patagonia,Jabón de tocador,125 g,Año 2019 - Marzo,29.05,2019,Marzo,201903.0
GBA,Pan francés,kg,Año 2019 - Abril,81.56,2019,Abril,201904.0
GBA,Harina de trigo común,kg,Año 2019 - Abril,31.69,2019,Abril,201904.0
GBA,Arroz blanco simple,kg,Año 2019 - Abril,42.2,2019,Abril,201904.0
GBA,Fideos secos tipo guisero,500 g,Año 2019 - Abril,46.99,2019,Abril,201904.0
GBA,Carne picada común,kg,Año 2019 - Abril,135.35,2019,Abril,201904.0
GBA,Pollo entero,kg,Año 2019 - Abril,91.78,2019,Abril,201904.0
GBA,Aceite de girasol,"1,5 litros",Año 2019 - Abril,101.13,2019,Abril,201904.0
GBA,Leche fresca entera sachet,Litro,Año 2019 - Abril,42.25,2019,Abril,201904.0
GBA,Huevos de gallina,Docena,Año 2019 - Abril,73.78,2019,Abril,201904.0
GBA,Papa,kg,Año 2019 - Abril,20.83,2019,Abril,201904.0
GBA,Azúcar,kg,Año 2019 - Abril,33.86,2019,Abril,201904.0
GBA,Detergente líquido,750 cc,Año 2019 - Abril,46.01,2019,Abril,201904.0
GBA,Lavandina,1.000 cc,Año 2019 - Abril,34.68,2019,Abril,201904.0
GBA,Jabón de tocador,125 g,Año 2019 - Abril,27.17,2019,Abril,201904.0
Pampeana,Pan francés,kg,Año 2019 - Abril,64.71,2019,Abril,201904.0
Pampeana,Harina de trigo común,kg,Año 2019 - Abril,32.02,2019,Abril,201904.0
Pampeana,Arroz blanco simple,kg,Año 2019 - Abril,44.88,2019,Abril,201904.0
Pampeana,Fideos secos tipo guisero,500 g,Año 2019 - Abril,41.45,2019,Abril,201904.0
Pampeana,Carne picada común,kg,Año 2019 - Abril,152.17,2019,Abril,201904.0
Pampeana,Pollo entero,kg,Año 2019 - Abril,93.19,2019,Abril,201904.0
Pampeana,Aceite de girasol,"1,5 litros",Año 2019 - Abril,107.25,2019,Abril,201904.0
Pampeana,Leche fresca entera sachet,Litro,Año 2019 - Abril,46.09,2019,Abril,201904.0
Pampeana,Huevos de gallina,Docena,Año 2019 - Abril,72.45,2019,Abril,201904.0
Pampeana,Papa,kg,Año 2019 - Abril,19.75,2019,Abril,201904.0
Pampeana,Azúcar,kg,Año 2019 - Abril,33.96,2019,Abril,201904.0
Pampeana,Detergente líquido,750 cc,Año 2019 - Abril,47.29,2019,Abril,201904.0
Pampeana,Lavandina,1.000 cc,Año 2019 - Abril,32.98,2019,Abril,201904.0
Pampeana,Jabón de tocador,125 g,Año 2019 - Abril,28.43,2019,Abril,201904.0
Noreste,Pan francés,kg,Año 2019 - Abril,58.86,2019,Abril,201904.0
Noreste,Harina de trigo común,kg,Año 2019 - Abril,31.18,2019,Abril,201904.0
Noreste,Arroz blanco simple,kg,Año 2019 - Abril,43.85,2019,Abril,201904.0
Noreste,Fideos secos tipo guisero,500 g,Año 2019 - Abril,35.51,2019,Abril,201904.0
Noreste,Carne picada común,kg,Año 2019 - Abril,143.0,2019,Abril,201904.0
Noreste,Pollo entero,kg,Año 2019 - Abril,92.27,2019,Abril,201904.0
Noreste,Aceite de girasol,"1,5 litros",Año 2019 - Abril,104.43,2019,Abril,201904.0
Noreste,Leche fresca entera sachet,Litro,Año 2019 - Abril,46.24,2019,Abril,201904.0
Noreste,Huevos de gallina,Docena,Año 2019 - Abril,65.56,2019,Abril,201904.0
Noreste,Papa,kg,Año 2019 - Abril,20.04,2019,Abril,201904.0
Noreste,Azúcar,kg,Año 2019 - Abril,32.2,2019,Abril,201904.0
Noreste,Detergente líquido,750 cc,Año 2019 - Abril,43.41,2019,Abril,201904.0
Noreste,Lavandina,1.000 cc,Año 2019 - Abril,34.19,2019,Abril,201904.0
Noreste,Jabón de tocador,125 g,Año 2019 - Abril,26.85,2019,Abril,201904.0
Noroeste,Pan francés,kg,Año 2019 - Abril,64.93,2019,Abril,201904.0
Noroeste,Harina de trigo común,kg,Año 2019 - Abril,30.63,2019,Abril,201904.0
Noroeste,Arroz blanco simple,kg,Año 2019 - Abril,39.42,2019,Abril,201904.0
Noroeste,Fideos secos tipo guisero,500 g,Año 2019 - Abril,34.01,2019,Abril,201904.0
Noroeste,Carne picada común,kg,Año 2019 - Abril,155.82,2019,Abril,201904.0
Noroeste,Pollo entero,kg,Año 2019 - Abril,91.45,2019,Abril,201904.0
Noroeste,Aceite de girasol,"1,5 litros",Año 2019 - Abril,105.44,2019,Abril,201904.0
Noroeste,Leche fresca entera sachet,Litro,Año 2019 - Abril,45.44,2019,Abril,201904.0
Noroeste,Huevos de gallina,Docena,Año 2019 - Abril,68.09,2019,Abril,201904.0
Noroeste,Papa,kg,Año 2019 - Abril,16.28,2019,Abril,201904.0
Noroeste,Azúcar,kg,Año 2019 - Abril,29.81,2019,Abril,201904.0
Noroeste,Detergente líquido,750 cc,Año 2019 - Abril,44.96,2019,Abril,201904.0
Noroeste,Lavandina,1.000 cc,Año 2019 - Abril,32.11,2019,Abril,201904.0
Noroeste,Jabón de tocador,125 g,Año 2019 - Abril,27.17,2019,Abril,201904.0
Cuyo,Pan francés,kg,Año 2019 - Abril,59.5,2019,Abril,201904.0
Cuyo,Harina de trigo común,kg,Año 2019 - Abril,30.08,2019,Abril,201904.0
Cuyo,Arroz blanco simple,kg,Año 2019 - Abril,43.35,2019,Abril,201904.0
Cuyo,Fideos secos tipo guisero,500 g,Año 2019 - Abril,41.34,2019,Abril,201904.0
Cuyo,Carne picada común,kg,Año 2019 - Abril,147.41,2019,Abril,201904.0
Cuyo,Pollo entero,kg,Año 2019 - Abril,95.84,2019,Abril,201904.0
Cuyo,Aceite de girasol,"1,5 litros",Año 2019 - Abril,101.41,2019,Abril,201904.0
Cuyo,Leche fresca entera sachet,Litro,Año 2019 - Abril,47.31,2019,Abril,201904.0
Cuyo,Huevos de gallina,Docena,Año 2019 - Abril,80.47,2019,Abril,201904.0
Cuyo,Papa,kg,Año 2019 - Abril,19.1,2019,Abril,201904.0
Cuyo,Azúcar,kg,Año 2019 - Abril,33.68,2019,Abril,201904.0
Cuyo,Detergente líquido,750 cc,Año 2019 - Abril,46.84,2019,Abril,201904.0
Cuyo,Lavandina,1.000 cc,Año 2019 - Abril,34.14,2019,Abril,201904.0
Cuyo,Jabón de tocador,125 g,Año 2019 - Abril,28.1,2019,Abril,201904.0
Patagonia,Pan francés,kg,Año 2019 - Abril,75.61,2019,Abril,201904.0
Patagonia,Harina de trigo común,kg,Año 2019 - Abril,34.41,2019,Abril,201904.0
Patagonia,Arroz blanco simple,kg,Año 2019 - Abril,51.81,2019,Abril,201904.0
Patagonia,Fideos secos tipo guisero,500 g,Año 2019 - Abril,46.08,2019,Abril,201904.0
Patagonia,Carne picada común,kg,Año 2019 - Abril,189.76,2019,Abril,201904.0
Patagonia,Pollo entero,kg,Año 2019 - Abril,101.49,2019,Abril,201904.0
Patagonia,Aceite de girasol,"1,5 litros",Año 2019 - Abril,104.53,2019,Abril,201904.0
Patagonia,Leche fresca entera sachet,Litro,Año 2019 - Abril,49.61,2019,Abril,201904.0
Patagonia,Huevos de gallina,Docena,Año 2019 - Abril,84.71,2019,Abril,201904.0
Patagonia,Papa,kg,Año 2019 - Abril,29.5,2019,Abril,201904.0
Patagonia,Azúcar,kg,Año 2019 - Abril,37.03,2019,Abril,201904.0
Patagonia,Detergente líquido,750 cc,Año 2019 - Abril,75.2,2019,Abril,201904.0
Patagonia,Lavandina,1.000 cc,Año 2019 - Abril,35.76,2019,Abril,201904.0
Patagonia,Jabón de tocador,125 g,Año 2019 - Abril,30.01,2019,Abril,201904.0
GBA,Pan francés,kg,Año 2019 - Mayo,83.89,2019,Mayo,201905.0
GBA,Harina de trigo común,kg,Año 2019 - Mayo,33.15,2019,Mayo,201905.0
GBA,Arroz blanco simple,kg,Año 2019 - Mayo,44.27,2019,Mayo,201905.0
GBA,Fideos secos tipo guisero,500 g,Año 2019 - Mayo,48.3,2019,Mayo,201905.0
GBA,Carne picada común,kg,Año 2019 - Mayo,137.67,2019,Mayo,201905.0
GBA,Pollo entero,kg,Año 2019 - Mayo,84.65,2019,Mayo,201905.0
GBA,Aceite de girasol,"1,5 litros",Año 2019 - Mayo,106.54,2019,Mayo,201905.0
GBA,Leche fresca entera sachet,Litro,Año 2019 - Mayo,44.32,2019,Mayo,201905.0
GBA,Huevos de gallina,Docena,Año 2019 - Mayo,75.56,2019,Mayo,201905.0
GBA,Papa,kg,Año 2019 - Mayo,21.06,2019,Mayo,201905.0
GBA,Azúcar,kg,Año 2019 - Mayo,36.17,2019,Mayo,201905.0
GBA,Detergente líquido,750 cc,Año 2019 - Mayo,48.33,2019,Mayo,201905.0
GBA,Lavandina,1.000 cc,Año 2019 - Mayo,36.35,2019,Mayo,201905.0
GBA,Jabón de tocador,125 g,Año 2019 - Mayo,28.34,2019,Mayo,201905.0
Pampeana,Pan francés,kg,Año 2019 - Mayo,67.0,2019,Mayo,201905.0
Pampeana,Harina de trigo común,kg,Año 2019 - Mayo,32.98,2019,Mayo,201905.0
Pampeana,Arroz blanco simple,kg,Año 2019 - Mayo,46.46,2019,Mayo,201905.0
Pampeana,Fideos secos tipo guisero,500 g,Año 2019 - Mayo,43.4,2019,Mayo,201905.0
Pampeana,Carne picada común,kg,Año 2019 - Mayo,155.3,2019,Mayo,201905.0
Pampeana,Pollo entero,kg,Año 2019 - Mayo,88.35,2019,Mayo,201905.0
Pampeana,Aceite de girasol,"1,5 litros",Año 2019 - Mayo,110.14,2019,Mayo,201905.0
Pampeana,Leche fresca entera sachet,Litro,Año 2019 - Mayo,48.29,2019,Mayo,201905.0
Pampeana,Huevos de gallina,Docena,Año 2019 - Mayo,73.98,2019,Mayo,201905.0
Pampeana,Papa,kg,Año 2019 - Mayo,19.89,2019,Mayo,201905.0
Pampeana,Azúcar,kg,Año 2019 - Mayo,35.69,2019,Mayo,201905.0
Pampeana,Detergente líquido,750 cc,Año 2019 - Mayo,49.06,2019,Mayo,201905.0
Pampeana,Lavandina,1.000 cc,Año 2019 - Mayo,33.74,2019,Mayo,201905.0
Pampeana,Jabón de tocador,125 g,Año 2019 - Mayo,29.28,2019,Mayo,201905.0
Noreste,Pan francés,kg,Año 2019 - Mayo,60.08,2019,Mayo,201905.0
Noreste,Harina de trigo común,kg,Año 2019 - Mayo,31.49,2019,Mayo,201905.0
Noreste,Arroz blanco simple,kg,Año 2019 - Mayo,45.7,2019,Mayo,201905.0
Noreste,Fideos secos tipo guisero,500 g,Año 2019 - Mayo,36.73,2019,Mayo,201905.0
Noreste,Carne picada común,kg,Año 2019 - Mayo,145.5,2019,Mayo,201905.0
Noreste,Pollo entero,kg,Año 2019 - Mayo,90.0,2019,Mayo,201905.0
Noreste,Aceite de girasol,"1,5 litros",Año 2019 - Mayo,107.57,2019,Mayo,201905.0
Noreste,Leche fresca entera sachet,Litro,Año 2019 - Mayo,48.78,2019,Mayo,201905.0
Noreste,Huevos de gallina,Docena,Año 2019 - Mayo,66.59,2019,Mayo,201905.0
Noreste,Papa,kg,Año 2019 - Mayo,20.65,2019,Mayo,201905.0
Noreste,Azúcar,kg,Año 2019 - Mayo,33.73,2019,Mayo,201905.0
Noreste,Detergente líquido,750 cc,Año 2019 - Mayo,45.17,2019,Mayo,201905.0
Noreste,Lavandina,1.000 cc,Año 2019 - Mayo,35.37,2019,Mayo,201905.0
Noreste,Jabón de tocador,125 g,Año 2019 - Mayo,27.25,2019,Mayo,201905.0
Noroeste,Pan francés,kg,Año 2019 - Mayo,66.7,2019,Mayo,201905.0
Noroeste,Harina de trigo común,kg,Año 2019 - Mayo,31.27,2019,Mayo,201905.0
Noroeste,Arroz blanco simple,kg,Año 2019 - Mayo,40.69,2019,Mayo,201905.0
Noroeste,Fideos secos tipo guisero,500 g,Año 2019 - Mayo,34.66,2019,Mayo,201905.0
Noroeste,Carne picada común,kg,Año 2019 - Mayo,159.77,2019,Mayo,201905.0
Noroeste,Pollo entero,kg,Año 2019 - Mayo,85.41,2019,Mayo,201905.0
Noroeste,Aceite de girasol,"1,5 litros",Año 2019 - Mayo,108.31,2019,Mayo,201905.0
Noroeste,Leche fresca entera sachet,Litro,Año 2019 - Mayo,47.77,2019,Mayo,201905.0
Noroeste,Huevos de gallina,Docena,Año 2019 - Mayo,69.11,2019,Mayo,201905.0
Noroeste,Papa,kg,Año 2019 - Mayo,16.34,2019,Mayo,201905.0
Noroeste,Azúcar,kg,Año 2019 - Mayo,31.0,2019,Mayo,201905.0
Noroeste,Detergente líquido,750 cc,Año 2019 - Mayo,47.25,2019,Mayo,201905.0
Noroeste,Lavandina,1.000 cc,Año 2019 - Mayo,34.05,2019,Mayo,201905.0
Noroeste,Jabón de tocador,125 g,Año 2019 - Mayo,28.21,2019,Mayo,201905.0
Cuyo,Pan francés,kg,Año 2019 - Mayo,60.98,2019,Mayo,201905.0
Cuyo,Harina de trigo común,kg,Año 2019 - Mayo,31.9,2019,Mayo,201905.0
Cuyo,Arroz blanco simple,kg,Año 2019 - Mayo,44.65,2019,Mayo,201905.0
Cuyo,Fideos secos tipo guisero,500 g,Año 2019 - Mayo,43.4,2019,Mayo,201905.0
Cuyo,Carne picada común,kg,Año 2019 - Mayo,148.25,2019,Mayo,201905.0
Cuyo,Pollo entero,kg,Año 2019 - Mayo,90.02,2019,Mayo,201905.0
Cuyo,Aceite de girasol,"1,5 litros",Año 2019 - Mayo,103.11,2019,Mayo,201905.0
Cuyo,Leche fresca entera sachet,Litro,Año 2019 - Mayo,49.09,2019,Mayo,201905.0
Cuyo,Huevos de gallina,Docena,Año 2019 - Mayo,83.12,2019,Mayo,201905.0
Cuyo,Papa,kg,Año 2019 - Mayo,18.83,2019,Mayo,201905.0
Cuyo,Azúcar,kg,Año 2019 - Mayo,35.92,2019,Mayo,201905.0
Cuyo,Detergente líquido,750 cc,Año 2019 - Mayo,49.75,2019,Mayo,201905.0
Cuyo,Lavandina,1.000 cc,Año 2019 - Mayo,35.05,2019,Mayo,201905.0
Cuyo,Jabón de tocador,125 g,Año 2019 - Mayo,29.33,2019,Mayo,201905.0
Patagonia,Pan francés,kg,Año 2019 - Mayo,78.78,2019,Mayo,201905.0
Patagonia,Harina de trigo común,kg,Año 2019 - Mayo,35.36,2019,Mayo,201905.0
Patagonia,Arroz blanco simple,kg,Año 2019 - Mayo,53.94,2019,Mayo,201905.0
Patagonia,Fideos secos tipo guisero,500 g,Año 2019 - Mayo,46.84,2019,Mayo,201905.0
Patagonia,Carne picada común,kg,Año 2019 - Mayo,197.06,2019,Mayo,201905.0
Patagonia,Pollo entero,kg,Año 2019 - Mayo,100.27,2019,Mayo,201905.0
Patagonia,Aceite de girasol,"1,5 litros",Año 2019 - Mayo,108.88,2019,Mayo,201905.0
Patagonia,Leche fresca entera sachet,Litro,Año 2019 - Mayo,51.8,2019,Mayo,201905.0
Patagonia,Huevos de gallina,Docena,Año 2019 - Mayo,87.36,2019,Mayo,201905.0
Patagonia,Papa,kg,Año 2019 - Mayo,30.26,2019,Mayo,201905.0
Patagonia,Azúcar,kg,Año 2019 - Mayo,39.02,2019,Mayo,201905.0
Patagonia,Detergente líquido,750 cc,Año 2019 - Mayo,75.82,2019,Mayo,201905.0
Patagonia,Lavandina,1.000 cc,Año 2019 - Mayo,37.03,2019,Mayo,201905.0
Patagonia,Jabón de tocador,125 g,Año 2019 - Mayo,31.41,2019,Mayo,201905.0
GBA,Pan francés,kg,Año 2019 - Junio,87.52,2019,Junio,201906.0
GBA,Harina de trigo común,kg,Año 2019 - Junio,34.3,2019,Junio,201906.0
GBA,Arroz blanco simple,kg,Año 2019 - Junio,45.36,2019,Junio,201906.0
GBA,Fideos secos tipo guisero,500 g,Año 2019 - Junio,48.47,2019,Junio,201906.0
GBA,Carne picada común,kg,Año 2019 - Junio,137.31,2019,Junio,201906.0
GBA,Pollo entero,kg,Año 2019 - Junio,84.0,2019,Junio,201906.0
GBA,Aceite de girasol,"1,5 litros",Año 2019 - Junio,108.98,2019,Junio,201906.0
GBA,Leche fresca entera sachet,Litro,Año 2019 - Junio,44.77,2019,Junio,201906.0
GBA,Huevos de gallina,Docena,Año 2019 - Junio,77.65,2019,Junio,201906.0
GBA,Papa,kg,Año 2019 - Junio,22.62,2019,Junio,201906.0
GBA,Azúcar,kg,Año 2019 - Junio,38.05,2019,Junio,201906.0
GBA,Detergente líquido,750 cc,Año 2019 - Junio,50.29,2019,Junio,201906.0
GBA,Lavandina,1.000 cc,Año 2019 - Junio,38.0,2019,Junio,201906.0
GBA,Jabón de tocador,125 g,Año 2019 - Junio,28.96,2019,Junio,201906.0
Pampeana,Pan francés,kg,Año 2019 - Junio,69.59,2019,Junio,201906.0
Pampeana,Harina de trigo común,kg,Año 2019 - Junio,33.97,2019,Junio,201906.0
Pampeana,Arroz blanco simple,kg,Año 2019 - Junio,47.63,2019,Junio,201906.0
Pampeana,Fideos secos tipo guisero,500 g,Año 2019 - Junio,43.85,2019,Junio,201906.0
Pampeana,Carne picada común,kg,Año 2019 - Junio,159.38,2019,Junio,201906.0
Pampeana,Pollo entero,kg,Año 2019 - Junio,86.4,2019,Junio,201906.0
Pampeana,Aceite de girasol,"1,5 litros",Año 2019 - Junio,112.49,2019,Junio,201906.0
Pampeana,Leche fresca entera sachet,Litro,Año 2019 - Junio,49.01,2019,Junio,201906.0
Pampeana,Huevos de gallina,Docena,Año 2019 - Junio,75.08,2019,Junio,201906.0
Pampeana,Papa,kg,Año 2019 - Junio,21.49,2019,Junio,201906.0
Pampeana,Azúcar,kg,Año 2019 - Junio,37.37,2019,Junio,201906.0
Pampeana,Detergente líquido,750 cc,Año 2019 - Junio,50.94,2019,Junio,201906.0
Pampeana,Lavandina,1.000 cc,Año 2019 - Junio,35.71,2019,Junio,201906.0
Pampeana,Jabón de tocador,125 g,Año 2019 - Junio,30.04,2019,Junio,201906.0
Noreste,Pan francés,kg,Año 2019 - Junio,62.04,2019,Junio,201906.0
Noreste,Harina de trigo común,kg,Año 2019 - Junio,32.67,2019,Junio,201906.0
Noreste,Arroz blanco simple,kg,Año 2019 - Junio,46.49,2019,Junio,201906.0
Noreste,Fideos secos tipo guisero,500 g,Año 2019 - Junio,37.47,2019,Junio,201906.0
Noreste,Carne picada común,kg,Año 2019 - Junio,151.78,2019,Junio,201906.0
Noreste,Pollo entero,kg,Año 2019 - Junio,89.01,2019,Junio,201906.0
Noreste,Aceite de girasol,"1,5 litros",Año 2019 - Junio,111.4,2019,Junio,201906.0
Noreste,Leche fresca entera sachet,Litro,Año 2019 - Junio,50.29,2019,Junio,201906.0
Noreste,Huevos de gallina,Docena,Año 2019 - Junio,67.45,2019,Junio,201906.0
Noreste,Papa,kg,Año 2019 - Junio,21.42,2019,Junio,201906.0
Noreste,Azúcar,kg,Año 2019 - Junio,34.98,2019,Junio,201906.0
Noreste,Detergente líquido,750 cc,Año 2019 - Junio,45.58,2019,Junio,201906.0
Noreste,Lavandina,1.000 cc,Año 2019 - Junio,34.68,2019,Junio,201906.0
Noreste,Jabón de tocador,125 g,Año 2019 - Junio,27.99,2019,Junio,201906.0
Noroeste,Pan francés,kg,Año 2019 - Junio,69.36,2019,Junio,201906.0
Noroeste,Harina de trigo común,kg,Año 2019 - Junio,32.22,2019,Junio,201906.0
Noroeste,Arroz blanco simple,kg,Año 2019 - Junio,41.65,2019,Junio,201906.0
Noroeste,Fideos secos tipo guisero,500 g,Año 2019 - Junio,35.71,2019,Junio,201906.0
Noroeste,Carne picada común,kg,Año 2019 - Junio,162.19,2019,Junio,201906.0
Noroeste,Pollo entero,kg,Año 2019 - Junio,82.72,2019,Junio,201906.0
Noroeste,Aceite de girasol,"1,5 litros",Año 2019 - Junio,110.27,2019,Junio,201906.0
Noroeste,Leche fresca entera sachet,Litro,Año 2019 - Junio,48.89,2019,Junio,201906.0
Noroeste,Huevos de gallina,Docena,Año 2019 - Junio,69.79,2019,Junio,201906.0
Noroeste,Papa,kg,Año 2019 - Junio,17.48,2019,Junio,201906.0
Noroeste,Azúcar,kg,Año 2019 - Junio,32.31,2019,Junio,201906.0
Noroeste,Detergente líquido,750 cc,Año 2019 - Junio,48.6,2019,Junio,201906.0
Noroeste,Lavandina,1.000 cc,Año 2019 - Junio,34.67,2019,Junio,201906.0
Noroeste,Jabón de tocador,125 g,Año 2019 - Junio,28.9,2019,Junio,201906.0
Cuyo,Pan francés,kg,Año 2019 - Junio,62.91,2019,Junio,201906.0
Cuyo,Harina de trigo común,kg,Año 2019 - Junio,33.28,2019,Junio,201906.0
Cuyo,Arroz blanco simple,kg,Año 2019 - Junio,45.9,2019,Junio,201906.0
Cuyo,Fideos secos tipo guisero,500 g,Año 2019 - Junio,43.96,2019,Junio,201906.0
Cuyo,Carne picada común,kg,Año 2019 - Junio,149.01,2019,Junio,201906.0
Cuyo,Pollo entero,kg,Año 2019 - Junio,87.33,2019,Junio,201906.0
Cuyo,Aceite de girasol,"1,5 litros",Año 2019 - Junio,106.46,2019,Junio,201906.0
Cuyo,Leche fresca entera sachet,Litro,Año 2019 - Junio,49.69,2019,Junio,201906.0
Cuyo,Huevos de gallina,Docena,Año 2019 - Junio,82.44,2019,Junio,201906.0
Cuyo,Papa,kg,Año 2019 - Junio,19.66,2019,Junio,201906.0
Cuyo,Azúcar,kg,Año 2019 - Junio,37.23,2019,Junio,201906.0
Cuyo,Detergente líquido,750 cc,Año 2019 - Junio,51.4,2019,Junio,201906.0
Cuyo,Lavandina,1.000 cc,Año 2019 - Junio,34.67,2019,Junio,201906.0
Cuyo,Jabón de tocador,125 g,Año 2019 - Junio,30.23,2019,Junio,201906.0
Patagonia,Pan francés,kg,Año 2019 - Junio,82.38,2019,Junio,201906.0
Patagonia,Harina de trigo común,kg,Año 2019 - Junio,36.08,2019,Junio,201906.0
Patagonia,Arroz blanco simple,kg,Año 2019 - Junio,54.22,2019,Junio,201906.0
Patagonia,Fideos secos tipo guisero,500 g,Año 2019 - Junio,48.37,2019,Junio,201906.0
Patagonia,Carne picada común,kg,Año 2019 - Junio,204.73,2019,Junio,201906.0
Patagonia,Pollo entero,kg,Año 2019 - Junio,97.65,2019,Junio,201906.0
Patagonia,Aceite de girasol,"1,5 litros",Año 2019 - Junio,111.52,2019,Junio,201906.0
Patagonia,Leche fresca entera sachet,Litro,Año 2019 - Junio,52.6,2019,Junio,201906.0
Patagonia,Huevos de gallina,Docena,Año 2019 - Junio,88.74,2019,Junio,201906.0
Patagonia,Papa,kg,Año 2019 - Junio,31.1,2019,Junio,201906.0
Patagonia,Azúcar,kg,Año 2019 - Junio,40.92,2019,Junio,201906.0
Patagonia,Detergente líquido,750 cc,Año 2019 - Junio,80.26,2019,Junio,201906.0
Patagonia,Lavandina,1.000 cc,Año 2019 - Junio,38.7,2019,Junio,201906.0
Patagonia,Jabón de tocador,125 g,Año 2019 - Junio,31.97,2019,Junio,201906.0
GBA,Pan francés,kg,Año 2019 - Julio,88.68,2019,Julio,201907.0
GBA,Harina de trigo común,kg,Año 2019 - Julio,34.85,2019,Julio,201907.0
GBA,Arroz blanco simple,kg,Año 2019 - Julio,45.83,2019,Julio,201907.0
GBA,Fideos secos tipo guisero,500 g,Año 2019 - Julio,49.29,2019,Julio,201907.0
GBA,Carne picada común,kg,Año 2019 - Julio,141.22,2019,Julio,201907.0
GBA,Pollo entero,kg,Año 2019 - Julio,80.72,2019,Julio,201907.0
GBA,Aceite de girasol,"1,5 litros",Año 2019 - Julio,112.8,2019,Julio,201907.0
GBA,Leche fresca entera sachet,Litro,Año 2019 - Julio,46.88,2019,Julio,201907.0
GBA,Huevos de gallina,Docena,Año 2019 - Julio,77.75,2019,Julio,201907.0
GBA,Papa,kg,Año 2019 - Julio,24.22,2019,Julio,201907.0
GBA,Azúcar,kg,Año 2019 - Julio,39.17,2019,Julio,201907.0
GBA,Detergente líquido,750 cc,Año 2019 - Julio,51.29,2019,Julio,201907.0
GBA,Lavandina,1.000 cc,Año 2019 - Julio,38.63,2019,Julio,201907.0
GBA,Jabón de tocador,125 g,Año 2019 - Julio,30.15,2019,Julio,201907.0
Pampeana,Pan francés,kg,Año 2019 - Julio,71.76,2019,Julio,201907.0
Pampeana,Harina de trigo común,kg,Año 2019 - Julio,34.42,2019,Julio,201907.0
Pampeana,Arroz blanco simple,kg,Año 2019 - Julio,49.14,2019,Julio,201907.0
Pampeana,Fideos secos tipo guisero,500 g,Año 2019 - Julio,44.39,2019,Julio,201907.0
Pampeana,Carne picada común,kg,Año 2019 - Julio,160.42,2019,Julio,201907.0
Pampeana,Pollo entero,kg,Año 2019 - Julio,83.79,2019,Julio,201907.0
Pampeana,Aceite de girasol,"1,5 litros",Año 2019 - Julio,116.68,2019,Julio,201907.0
Pampeana,Leche fresca entera sachet,Litro,Año 2019 - Julio,50.65,2019,Julio,201907.0
Pampeana,Huevos de gallina,Docena,Año 2019 - Julio,75.81,2019,Julio,201907.0
Pampeana,Papa,kg,Año 2019 - Julio,23.29,2019,Julio,201907.0
Pampeana,Azúcar,kg,Año 2019 - Julio,38.46,2019,Julio,201907.0
Pampeana,Detergente líquido,750 cc,Año 2019 - Julio,52.3,2019,Julio,201907.0
Pampeana,Lavandina,1.000 cc,Año 2019 - Julio,36.22,2019,Julio,201907.0
Pampeana,Jabón de tocador,125 g,Año 2019 - Julio,31.1,2019,Julio,201907.0
Noreste,Pan francés,kg,Año 2019 - Julio,63.44,2019,Julio,201907.0
Noreste,Harina de trigo común,kg,Año 2019 - Julio,34.31,2019,Julio,201907.0
Noreste,Arroz blanco simple,kg,Año 2019 - Julio,46.89,2019,Julio,201907.0
Noreste,Fideos secos tipo guisero,500 g,Año 2019 - Julio,38.05,2019,Julio,201907.0
Noreste,Carne picada común,kg,Año 2019 - Julio,154.82,2019,Julio,201907.0
Noreste,Pollo entero,kg,Año 2019 - Julio,87.02,2019,Julio,201907.0
Noreste,Aceite de girasol,"1,5 litros",Año 2019 - Julio,111.83,2019,Julio,201907.0
Noreste,Leche fresca entera sachet,Litro,Año 2019 - Julio,51.68,2019,Julio,201907.0
Noreste,Huevos de gallina,Docena,Año 2019 - Julio,67.67,2019,Julio,201907.0
Noreste,Papa,kg,Año 2019 - Julio,22.1,2019,Julio,201907.0
Noreste,Azúcar,kg,Año 2019 - Julio,35.49,2019,Julio,201907.0
Noreste,Detergente líquido,750 cc,Año 2019 - Julio,48.17,2019,Julio,201907.0
Noreste,Lavandina,1.000 cc,Año 2019 - Julio,35.48,2019,Julio,201907.0
Noreste,Jabón de tocador,125 g,Año 2019 - Julio,29.09,2019,Julio,201907.0
Noroeste,Pan francés,kg,Año 2019 - Julio,70.62,2019,Julio,201907.0
Noroeste,Harina de trigo común,kg,Año 2019 - Julio,32.93,2019,Julio,201907.0
Noroeste,Arroz blanco simple,kg,Año 2019 - Julio,42.65,2019,Julio,201907.0
Noroeste,Fideos secos tipo guisero,500 g,Año 2019 - Julio,36.01,2019,Julio,201907.0
Noroeste,Carne picada común,kg,Año 2019 - Julio,161.75,2019,Julio,201907.0
Noroeste,Pollo entero,kg,Año 2019 - Julio,81.12,2019,Julio,201907.0
Noroeste,Aceite de girasol,"1,5 litros",Año 2019 - Julio,112.61,2019,Julio,201907.0
Noroeste,Leche fresca entera sachet,Litro,Año 2019 - Julio,50.01,2019,Julio,201907.0
Noroeste,Huevos de gallina,Docena,Año 2019 - Julio,71.85,2019,Julio,201907.0
Noroeste,Papa,kg,Año 2019 - Julio,18.23,2019,Julio,201907.0
Noroeste,Azúcar,kg,Año 2019 - Julio,33.05,2019,Julio,201907.0
Noroeste,Detergente líquido,750 cc,Año 2019 - Julio,49.86,2019,Julio,201907.0
Noroeste,Lavandina,1.000 cc,Año 2019 - Julio,35.55,2019,Julio,201907.0
Noroeste,Jabón de tocador,125 g,Año 2019 - Julio,29.53,2019,Julio,201907.0
Cuyo,Pan francés,kg,Año 2019 - Julio,63.45,2019,Julio,201907.0
Cuyo,Harina de trigo común,kg,Año 2019 - Julio,33.73,2019,Julio,201907.0
Cuyo,Arroz blanco simple,kg,Año 2019 - Julio,47.26,2019,Julio,201907.0
Cuyo,Fideos secos tipo guisero,500 g,Año 2019 - Julio,45.42,2019,Julio,201907.0
Cuyo,Carne picada común,kg,Año 2019 - Julio,151.0,2019,Julio,201907.0
Cuyo,Pollo entero,kg,Año 2019 - Julio,86.0,2019,Julio,201907.0
Cuyo,Aceite de girasol,"1,5 litros",Año 2019 - Julio,111.3,2019,Julio,201907.0
Cuyo,Leche fresca entera sachet,Litro,Año 2019 - Julio,51.37,2019,Julio,201907.0
Cuyo,Huevos de gallina,Docena,Año 2019 - Julio,82.29,2019,Julio,201907.0
Cuyo,Papa,kg,Año 2019 - Julio,20.47,2019,Julio,201907.0
Cuyo,Azúcar,kg,Año 2019 - Julio,38.23,2019,Julio,201907.0
Cuyo,Detergente líquido,750 cc,Año 2019 - Julio,51.85,2019,Julio,201907.0
Cuyo,Lavandina,1.000 cc,Año 2019 - Julio,35.86,2019,Julio,201907.0
Cuyo,Jabón de tocador,125 g,Año 2019 - Julio,30.42,2019,Julio,201907.0
Patagonia,Pan francés,kg,Año 2019 - Julio,85.22,2019,Julio,201907.0
Patagonia,Harina de trigo común,kg,Año 2019 - Julio,36.62,2019,Julio,201907.0
Patagonia,Arroz blanco simple,kg,Año 2019 - Julio,54.95,2019,Julio,201907.0
Patagonia,Fideos secos tipo guisero,500 g,Año 2019 - Julio,49.66,2019,Julio,201907.0
Patagonia,Carne picada común,kg,Año 2019 - Julio,204.21,2019,Julio,201907.0
Patagonia,Pollo entero,kg,Año 2019 - Julio,94.72,2019,Julio,201907.0
Patagonia,Aceite de girasol,"1,5 litros",Año 2019 - Julio,115.96,2019,Julio,201907.0
Patagonia,Leche fresca entera sachet,Litro,Año 2019 - Julio,54.21,2019,Julio,201907.0
Patagonia,Huevos de gallina,Docena,Año 2019 - Julio,88.7,2019,Julio,201907.0
Patagonia,Papa,kg,Año 2019 - Julio,32.01,2019,Julio,201907.0
Patagonia,Azúcar,kg,Año 2019 - Julio,42.54,2019,Julio,201907.0
Patagonia,Detergente líquido,750 cc,Año 2019 - Julio,85.0,2019,Julio,201907.0
Patagonia,Lavandina,1.000 cc,Año 2019 - Julio,39.86,2019,Julio,201907.0
Patagonia,Jabón de tocador,125 g,Año 2019 - Julio,32.8,2019,Julio,201907.0
GBA,Pan francés,kg,Año 2019 - Agosto,92.16,2019,Agosto,201908.0
GBA,Harina de trigo común,kg,Año 2019 - Agosto,36.04,2019,Agosto,201908.0
GBA,Arroz blanco simple,kg,Año 2019 - Agosto,48.48,2019,Agosto,201908.0
GBA,Fideos secos tipo guisero,500 g,Año 2019 - Agosto,49.95,2019,Agosto,201908.0
GBA,Carne picada común,kg,Año 2019 - Agosto,147.85,2019,Agosto,201908.0
GBA,Pollo entero,kg,Año 2019 - Agosto,83.88,2019,Agosto,201908.0
GBA,Aceite de girasol,"1,5 litros",Año 2019 - Agosto,117.5,2019,Agosto,201908.0
GBA,Leche fresca entera sachet,Litro,Año 2019 - Agosto,48.37,2019,Agosto,201908.0
GBA,Huevos de gallina,Docena,Año 2019 - Agosto,79.43,2019,Agosto,201908.0
GBA,Papa,kg,Año 2019 - Agosto,25.53,2019,Agosto,201908.0
GBA,Azúcar,kg,Año 2019 - Agosto,41.22,2019,Agosto,201908.0
GBA,Detergente líquido,750 cc,Año 2019 - Agosto,53.31,2019,Agosto,201908.0
GBA,Lavandina,1.000 cc,Año 2019 - Agosto,39.61,2019,Agosto,201908.0
GBA,Jabón de tocador,125 g,Año 2019 - Agosto,31.34,2019,Agosto,201908.0
Pampeana,Pan francés,kg,Año 2019 - Agosto,75.44,2019,Agosto,201908.0
Pampeana,Harina de trigo común,kg,Año 2019 - Agosto,35.88,2019,Agosto,201908.0
Pampeana,Arroz blanco simple,kg,Año 2019 - Agosto,51.24,2019,Agosto,201908.0
Pampeana,Fideos secos tipo guisero,500 g,Año 2019 - Agosto,45.11,2019,Agosto,201908.0
Pampeana,Carne picada común,kg,Año 2019 - Agosto,166.94,2019,Agosto,201908.0
Pampeana,Pollo entero,kg,Año 2019 - Agosto,86.19,2019,Agosto,201908.0
Pampeana,Aceite de girasol,"1,5 litros",Año 2019 - Agosto,122.02,2019,Agosto,201908.0
Pampeana,Leche fresca entera sachet,Litro,Año 2019 - Agosto,52.53,2019,Agosto,201908.0
Pampeana,Huevos de gallina,Docena,Año 2019 - Agosto,76.29,2019,Agosto,201908.0
Pampeana,Papa,kg,Año 2019 - Agosto,24.65,2019,Agosto,201908.0
Pampeana,Azúcar,kg,Año 2019 - Agosto,38.92,2019,Agosto,201908.0
Pampeana,Detergente líquido,750 cc,Año 2019 - Agosto,54.15,2019,Agosto,201908.0
Pampeana,Lavandina,1.000 cc,Año 2019 - Agosto,37.67,2019,Agosto,201908.0
Pampeana,Jabón de tocador,125 g,Año 2019 - Agosto,32.5,2019,Agosto,201908.0
Noreste,Pan francés,kg,Año 2019 - Agosto,67.43,2019,Agosto,201908.0
Noreste,Harina de trigo común,kg,Año 2019 - Agosto,35.44,2019,Agosto,201908.0
Noreste,Arroz blanco simple,kg,Año 2019 - Agosto,48.72,2019,Agosto,201908.0
Noreste,Fideos secos tipo guisero,500 g,Año 2019 - Agosto,40.17,2019,Agosto,201908.0
Noreste,Carne picada común,kg,Año 2019 - Agosto,161.59,2019,Agosto,201908.0
Noreste,Pollo entero,kg,Año 2019 - Agosto,88.2,2019,Agosto,201908.0
Noreste,Aceite de girasol,"1,5 litros",Año 2019 - Agosto,120.38,2019,Agosto,201908.0
Noreste,Leche fresca entera sachet,Litro,Año 2019 - Agosto,54.26,2019,Agosto,201908.0
Noreste,Huevos de gallina,Docena,Año 2019 - Agosto,68.12,2019,Agosto,201908.0
Noreste,Papa,kg,Año 2019 - Agosto,23.76,2019,Agosto,201908.0
Noreste,Azúcar,kg,Año 2019 - Agosto,36.42,2019,Agosto,201908.0
Noreste,Detergente líquido,750 cc,Año 2019 - Agosto,51.7,2019,Agosto,201908.0
Noreste,Lavandina,1.000 cc,Año 2019 - Agosto,37.36,2019,Agosto,201908.0
Noreste,Jabón de tocador,125 g,Año 2019 - Agosto,30.98,2019,Agosto,201908.0
Noroeste,Pan francés,kg,Año 2019 - Agosto,74.15,2019,Agosto,201908.0
Noroeste,Harina de trigo común,kg,Año 2019 - Agosto,34.39,2019,Agosto,201908.0
Noroeste,Arroz blanco simple,kg,Año 2019 - Agosto,45.41,2019,Agosto,201908.0
Noroeste,Fideos secos tipo guisero,500 g,Año 2019 - Agosto,38.12,2019,Agosto,201908.0
Noroeste,Carne picada común,kg,Año 2019 - Agosto,168.94,2019,Agosto,201908.0
Noroeste,Pollo entero,kg,Año 2019 - Agosto,82.52,2019,Agosto,201908.0
Noroeste,Aceite de girasol,"1,5 litros",Año 2019 - Agosto,121.69,2019,Agosto,201908.0
Noroeste,Leche fresca entera sachet,Litro,Año 2019 - Agosto,52.97,2019,Agosto,201908.0
Noroeste,Huevos de gallina,Docena,Año 2019 - Agosto,72.42,2019,Agosto,201908.0
Noroeste,Papa,kg,Año 2019 - Agosto,20.02,2019,Agosto,201908.0
Noroeste,Azúcar,kg,Año 2019 - Agosto,33.62,2019,Agosto,201908.0
Noroeste,Detergente líquido,750 cc,Año 2019 - Agosto,52.73,2019,Agosto,201908.0
Noroeste,Lavandina,1.000 cc,Año 2019 - Agosto,37.38,2019,Agosto,201908.0
Noroeste,Jabón de tocador,125 g,Año 2019 - Agosto,31.32,2019,Agosto,201908.0
Cuyo,Pan francés,kg,Año 2019 - Agosto,67.7,2019,Agosto,201908.0
Cuyo,Harina de trigo común,kg,Año 2019 - Agosto,35.23,2019,Agosto,201908.0
Cuyo,Arroz blanco simple,kg,Año 2019 - Agosto,50.93,2019,Agosto,201908.0
Cuyo,Fideos secos tipo guisero,500 g,Año 2019 - Agosto,45.59,2019,Agosto,201908.0
Cuyo,Carne picada común,kg,Año 2019 - Agosto,156.84,2019,Agosto,201908.0
Cuyo,Pollo entero,kg,Año 2019 - Agosto,88.01,2019,Agosto,201908.0
Cuyo,Aceite de girasol,"1,5 litros",Año 2019 - Agosto,116.32,2019,Agosto,201908.0
Cuyo,Leche fresca entera sachet,Litro,Año 2019 - Agosto,53.12,2019,Agosto,201908.0
Cuyo,Huevos de gallina,Docena,Año 2019 - Agosto,81.66,2019,Agosto,201908.0
Cuyo,Papa,kg,Año 2019 - Agosto,22.73,2019,Agosto,201908.0
Cuyo,Azúcar,kg,Año 2019 - Agosto,39.29,2019,Agosto,201908.0
Cuyo,Detergente líquido,750 cc,Año 2019 - Agosto,54.38,2019,Agosto,201908.0
Cuyo,Lavandina,1.000 cc,Año 2019 - Agosto,37.32,2019,Agosto,201908.0
Cuyo,Jabón de tocador,125 g,Año 2019 - Agosto,32.71,2019,Agosto,201908.0
Patagonia,Pan francés,kg,Año 2019 - Agosto,88.02,2019,Agosto,201908.0
Patagonia,Harina de trigo común,kg,Año 2019 - Agosto,38.05,2019,Agosto,201908.0
Patagonia,Arroz blanco simple,kg,Año 2019 - Agosto,55.88,2019,Agosto,201908.0
Patagonia,Fideos secos tipo guisero,500 g,Año 2019 - Agosto,49.72,2019,Agosto,201908.0
Patagonia,Carne picada común,kg,Año 2019 - Agosto,213.67,2019,Agosto,201908.0
Patagonia,Pollo entero,kg,Año 2019 - Agosto,97.95,2019,Agosto,201908.0
Patagonia,Aceite de girasol,"1,5 litros",Año 2019 - Agosto,116.82,2019,Agosto,201908.0
Patagonia,Leche fresca entera sachet,Litro,Año 2019 - Agosto,56.12,2019,Agosto,201908.0
Patagonia,Huevos de gallina,Docena,Año 2019 - Agosto,89.6,2019,Agosto,201908.0
Patagonia,Papa,kg,Año 2019 - Agosto,34.81,2019,Agosto,201908.0
Patagonia,Azúcar,kg,Año 2019 - Agosto,43.13,2019,Agosto,201908.0
Patagonia,Detergente líquido,750 cc,Año 2019 - Agosto,87.47,2019,Agosto,201908.0
Patagonia,Lavandina,1.000 cc,Año 2019 - Agosto,40.05,2019,Agosto,201908.0
Patagonia,Jabón de tocador,125 g,Año 2019 - Agosto,34.76,2019,Agosto,201908.0
GBA,Pan francés,kg,Año 2019 - Septiembre,98.61,2019,Septiembre,201909.0
GBA,Harina de trigo común,kg,Año 2019 - Septiembre,38.34,2019,Septiembre,201909.0
GBA,Arroz blanco simple,kg,Año 2019 - Septiembre,49.5,2019,Septiembre,201909.0
GBA,Fideos secos tipo guisero,500 g,Año 2019 - Septiembre,51.45,2019,Septiembre,201909.0
GBA,Carne picada común,kg,Año 2019 - Septiembre,156.25,2019,Septiembre,201909.0
GBA,Pollo entero,kg,Año 2019 - Septiembre,95.89,2019,Septiembre,201909.0
GBA,Aceite de girasol,"1,5 litros",Año 2019 - Septiembre,124.08,2019,Septiembre,201909.0
GBA,Leche fresca entera sachet,Litro,Año 2019 - Septiembre,47.98,2019,Septiembre,201909.0
GBA,Huevos de gallina,Docena,Año 2019 - Septiembre,82.22,2019,Septiembre,201909.0
GBA,Papa,kg,Año 2019 - Septiembre,28.09,2019,Septiembre,201909.0
GBA,Azúcar,kg,Año 2019 - Septiembre,42.13,2019,Septiembre,201909.0
GBA,Detergente líquido,750 cc,Año 2019 - Septiembre,58.75,2019,Septiembre,201909.0
GBA,Lavandina,1.000 cc,Año 2019 - Septiembre,42.22,2019,Septiembre,201909.0
GBA,Jabón de tocador,125 g,Año 2019 - Septiembre,33.79,2019,Septiembre,201909.0
Pampeana,Pan francés,kg,Año 2019 - Septiembre,80.17,2019,Septiembre,201909.0
Pampeana,Harina de trigo común,kg,Año 2019 - Septiembre,38.29,2019,Septiembre,201909.0
Pampeana,Arroz blanco simple,kg,Año 2019 - Septiembre,54.73,2019,Septiembre,201909.0
Pampeana,Fideos secos tipo guisero,500 g,Año 2019 - Septiembre,46.24,2019,Septiembre,201909.0
Pampeana,Carne picada común,kg,Año 2019 - Septiembre,177.99,2019,Septiembre,201909.0
Pampeana,Pollo entero,kg,Año 2019 - Septiembre,98.02,2019,Septiembre,201909.0
Pampeana,Aceite de girasol,"1,5 litros",Año 2019 - Septiembre,130.19,2019,Septiembre,201909.0
Pampeana,Leche fresca entera sachet,Litro,Año 2019 - Septiembre,52.61,2019,Septiembre,201909.0
Pampeana,Huevos de gallina,Docena,Año 2019 - Septiembre,78.81,2019,Septiembre,201909.0
Pampeana,Papa,kg,Año 2019 - Septiembre,26.89,2019,Septiembre,201909.0
Pampeana,Azúcar,kg,Año 2019 - Septiembre,39.42,2019,Septiembre,201909.0
Pampeana,Detergente líquido,750 cc,Año 2019 - Septiembre,60.59,2019,Septiembre,201909.0
Pampeana,Lavandina,1.000 cc,Año 2019 - Septiembre,40.69,2019,Septiembre,201909.0
Pampeana,Jabón de tocador,125 g,Año 2019 - Septiembre,35.54,2019,Septiembre,201909.0
Noreste,Pan francés,kg,Año 2019 - Septiembre,70.66,2019,Septiembre,201909.0
Noreste,Harina de trigo común,kg,Año 2019 - Septiembre,37.05,2019,Septiembre,201909.0
Noreste,Arroz blanco simple,kg,Año 2019 - Septiembre,49.73,2019,Septiembre,201909.0
Noreste,Fideos secos tipo guisero,500 g,Año 2019 - Septiembre,40.97,2019,Septiembre,201909.0
Noreste,Carne picada común,kg,Año 2019 - Septiembre,177.44,2019,Septiembre,201909.0
Noreste,Pollo entero,kg,Año 2019 - Septiembre,94.53,2019,Septiembre,201909.0
Noreste,Aceite de girasol,"1,5 litros",Año 2019 - Septiembre,129.53,2019,Septiembre,201909.0
Noreste,Leche fresca entera sachet,Litro,Año 2019 - Septiembre,54.79,2019,Septiembre,201909.0
Noreste,Huevos de gallina,Docena,Año 2019 - Septiembre,68.96,2019,Septiembre,201909.0
Noreste,Papa,kg,Año 2019 - Septiembre,25.89,2019,Septiembre,201909.0
Noreste,Azúcar,kg,Año 2019 - Septiembre,37.11,2019,Septiembre,201909.0
Noreste,Detergente líquido,750 cc,Año 2019 - Septiembre,55.62,2019,Septiembre,201909.0
Noreste,Lavandina,1.000 cc,Año 2019 - Septiembre,41.21,2019,Septiembre,201909.0
Noreste,Jabón de tocador,125 g,Año 2019 - Septiembre,34.37,2019,Septiembre,201909.0
Noroeste,Pan francés,kg,Año 2019 - Septiembre,79.65,2019,Septiembre,201909.0
Noroeste,Harina de trigo común,kg,Año 2019 - Septiembre,36.9,2019,Septiembre,201909.0
Noroeste,Arroz blanco simple,kg,Año 2019 - Septiembre,48.52,2019,Septiembre,201909.0
Noroeste,Fideos secos tipo guisero,500 g,Año 2019 - Septiembre,39.53,2019,Septiembre,201909.0
Noroeste,Carne picada común,kg,Año 2019 - Septiembre,178.9,2019,Septiembre,201909.0
Noroeste,Pollo entero,kg,Año 2019 - Septiembre,92.26,2019,Septiembre,201909.0
Noroeste,Aceite de girasol,"1,5 litros",Año 2019 - Septiembre,129.88,2019,Septiembre,201909.0
Noroeste,Leche fresca entera sachet,Litro,Año 2019 - Septiembre,52.58,2019,Septiembre,201909.0
Noroeste,Huevos de gallina,Docena,Año 2019 - Septiembre,73.23,2019,Septiembre,201909.0
Noroeste,Papa,kg,Año 2019 - Septiembre,22.3,2019,Septiembre,201909.0
Noroeste,Azúcar,kg,Año 2019 - Septiembre,34.67,2019,Septiembre,201909.0
Noroeste,Detergente líquido,750 cc,Año 2019 - Septiembre,59.25,2019,Septiembre,201909.0
Noroeste,Lavandina,1.000 cc,Año 2019 - Septiembre,41.01,2019,Septiembre,201909.0
Noroeste,Jabón de tocador,125 g,Año 2019 - Septiembre,34.01,2019,Septiembre,201909.0
Cuyo,Pan francés,kg,Año 2019 - Septiembre,70.94,2019,Septiembre,201909.0
Cuyo,Harina de trigo común,kg,Año 2019 - Septiembre,37.91,2019,Septiembre,201909.0
Cuyo,Arroz blanco simple,kg,Año 2019 - Septiembre,53.47,2019,Septiembre,201909.0
Cuyo,Fideos secos tipo guisero,500 g,Año 2019 - Septiembre,47.03,2019,Septiembre,201909.0
Cuyo,Carne picada común,kg,Año 2019 - Septiembre,164.53,2019,Septiembre,201909.0
Cuyo,Pollo entero,kg,Año 2019 - Septiembre,95.9,2019,Septiembre,201909.0
Cuyo,Aceite de girasol,"1,5 litros",Año 2019 - Septiembre,122.6,2019,Septiembre,201909.0
Cuyo,Leche fresca entera sachet,Litro,Año 2019 - Septiembre,53.68,2019,Septiembre,201909.0
Cuyo,Huevos de gallina,Docena,Año 2019 - Septiembre,82.45,2019,Septiembre,201909.0
Cuyo,Papa,kg,Año 2019 - Septiembre,24.95,2019,Septiembre,201909.0
Cuyo,Azúcar,kg,Año 2019 - Septiembre,39.66,2019,Septiembre,201909.0
Cuyo,Detergente líquido,750 cc,Año 2019 - Septiembre,59.16,2019,Septiembre,201909.0
Cuyo,Lavandina,1.000 cc,Año 2019 - Septiembre,41.53,2019,Septiembre,201909.0
Cuyo,Jabón de tocador,125 g,Año 2019 - Septiembre,35.99,2019,Septiembre,201909.0
Patagonia,Pan francés,kg,Año 2019 - Septiembre,93.29,2019,Septiembre,201909.0
Patagonia,Harina de trigo común,kg,Año 2019 - Septiembre,40.05,2019,Septiembre,201909.0
Patagonia,Arroz blanco simple,kg,Año 2019 - Septiembre,57.83,2019,Septiembre,201909.0
Patagonia,Fideos secos tipo guisero,500 g,Año 2019 - Septiembre,50.4,2019,Septiembre,201909.0
Patagonia,Carne picada común,kg,Año 2019 - Septiembre,221.87,2019,Septiembre,201909.0
Patagonia,Pollo entero,kg,Año 2019 - Septiembre,102.7,2019,Septiembre,201909.0
Patagonia,Aceite de girasol,"1,5 litros",Año 2019 - Septiembre,119.7,2019,Septiembre,201909.0
Patagonia,Leche fresca entera sachet,Litro,Año 2019 - Septiembre,54.93,2019,Septiembre,201909.0
Patagonia,Huevos de gallina,Docena,Año 2019 - Septiembre,89.96,2019,Septiembre,201909.0
Patagonia,Papa,kg,Año 2019 - Septiembre,37.21,2019,Septiembre,201909.0
Patagonia,Azúcar,kg,Año 2019 - Septiembre,44.63,2019,Septiembre,201909.0
Patagonia,Detergente líquido,750 cc,Año 2019 - Septiembre,94.14,2019,Septiembre,201909.0
Patagonia,Lavandina,1.000 cc,Año 2019 - Septiembre,43.86,2019,Septiembre,201909.0
Patagonia,Jabón de tocador,125 g,Año 2019 - Septiembre,37.11,2019,Septiembre,201909.0
GBA,Pan francés,kg,Año 2019 - Octubre,100.62,2019,Octubre,201910.0
GBA,Harina de trigo común,kg,Año 2019 - Octubre,38.9,2019,Octubre,201910.0
GBA,Arroz blanco simple,kg,Año 2019 - Octubre,50.38,2019,Octubre,201910.0
GBA,Fideos secos tipo guisero,500 g,Año 2019 - Octubre,52.06,2019,Octubre,201910.0
GBA,Carne picada común,kg,Año 2019 - Octubre,157.13,2019,Octubre,201910.0
GBA,Pollo entero,kg,Año 2019 - Octubre,98.32,2019,Octubre,201910.0
GBA,Aceite de girasol,"1,5 litros",Año 2019 - Octubre,127.47,2019,Octubre,201910.0
GBA,Leche fresca entera sachet,Litro,Año 2019 - Octubre,48.97,2019,Octubre,201910.0
GBA,Huevos de gallina,Docena,Año 2019 - Octubre,84.33,2019,Octubre,201910.0
GBA,Papa,kg,Año 2019 - Octubre,27.23,2019,Octubre,201910.0
GBA,Azúcar,kg,Año 2019 - Octubre,42.31,2019,Octubre,201910.0
GBA,Detergente líquido,750 cc,Año 2019 - Octubre,60.92,2019,Octubre,201910.0
GBA,Lavandina,1.000 cc,Año 2019 - Octubre,43.53,2019,Octubre,201910.0
GBA,Jabón de tocador,125 g,Año 2019 - Octubre,34.87,2019,Octubre,201910.0
Pampeana,Pan francés,kg,Año 2019 - Octubre,81.54,2019,Octubre,201910.0
Pampeana,Harina de trigo común,kg,Año 2019 - Octubre,39.43,2019,Octubre,201910.0
Pampeana,Arroz blanco simple,kg,Año 2019 - Octubre,55.86,2019,Octubre,201910.0
Pampeana,Fideos secos tipo guisero,500 g,Año 2019 - Octubre,47.99,2019,Octubre,201910.0
Pampeana,Carne picada común,kg,Año 2019 - Octubre,179.14,2019,Octubre,201910.0
Pampeana,Pollo entero,kg,Año 2019 - Octubre,103.12,2019,Octubre,201910.0
Pampeana,Aceite de girasol,"1,5 litros",Año 2019 - Octubre,134.82,2019,Octubre,201910.0
Pampeana,Leche fresca entera sachet,Litro,Año 2019 - Octubre,53.02,2019,Octubre,201910.0
Pampeana,Huevos de gallina,Docena,Año 2019 - Octubre,81.3,2019,Octubre,201910.0
Pampeana,Papa,kg,Año 2019 - Octubre,26.65,2019,Octubre,201910.0
Pampeana,Azúcar,kg,Año 2019 - Octubre,39.94,2019,Octubre,201910.0
Pampeana,Detergente líquido,750 cc,Año 2019 - Octubre,62.24,2019,Octubre,201910.0
Pampeana,Lavandina,1.000 cc,Año 2019 - Octubre,41.56,2019,Octubre,201910.0
Pampeana,Jabón de tocador,125 g,Año 2019 - Octubre,36.5,2019,Octubre,201910.0
Noreste,Pan francés,kg,Año 2019 - Octubre,71.9,2019,Octubre,201910.0
Noreste,Harina de trigo común,kg,Año 2019 - Octubre,37.23,2019,Octubre,201910.0
Noreste,Arroz blanco simple,kg,Año 2019 - Octubre,50.9,2019,Octubre,201910.0
Noreste,Fideos secos tipo guisero,500 g,Año 2019 - Octubre,41.79,2019,Octubre,201910.0
Noreste,Carne picada común,kg,Año 2019 - Octubre,181.76,2019,Octubre,201910.0
Noreste,Pollo entero,kg,Año 2019 - Octubre,101.21,2019,Octubre,201910.0
Noreste,Aceite de girasol,"1,5 litros",Año 2019 - Octubre,133.82,2019,Octubre,201910.0
Noreste,Leche fresca entera sachet,Litro,Año 2019 - Octubre,55.94,2019,Octubre,201910.0
Noreste,Huevos de gallina,Docena,Año 2019 - Octubre,70.52,2019,Octubre,201910.0
Noreste,Papa,kg,Año 2019 - Octubre,25.75,2019,Octubre,201910.0
Noreste,Azúcar,kg,Año 2019 - Octubre,37.45,2019,Octubre,201910.0
Noreste,Detergente líquido,750 cc,Año 2019 - Octubre,57.0,2019,Octubre,201910.0
Noreste,Lavandina,1.000 cc,Año 2019 - Octubre,41.96,2019,Octubre,201910.0
Noreste,Jabón de tocador,125 g,Año 2019 - Octubre,35.42,2019,Octubre,201910.0
Noroeste,Pan francés,kg,Año 2019 - Octubre,80.39,2019,Octubre,201910.0
Noroeste,Harina de trigo común,kg,Año 2019 - Octubre,37.77,2019,Octubre,201910.0
Noroeste,Arroz blanco simple,kg,Año 2019 - Octubre,50.12,2019,Octubre,201910.0
Noroeste,Fideos secos tipo guisero,500 g,Año 2019 - Octubre,40.72,2019,Octubre,201910.0
Noroeste,Carne picada común,kg,Año 2019 - Octubre,180.73,2019,Octubre,201910.0
Noroeste,Pollo entero,kg,Año 2019 - Octubre,99.69,2019,Octubre,201910.0
Noroeste,Aceite de girasol,"1,5 litros",Año 2019 - Octubre,131.25,2019,Octubre,201910.0
Noroeste,Leche fresca entera sachet,Litro,Año 2019 - Octubre,53.04,2019,Octubre,201910.0
Noroeste,Huevos de gallina,Docena,Año 2019 - Octubre,73.99,2019,Octubre,201910.0
Noroeste,Papa,kg,Año 2019 - Octubre,20.55,2019,Octubre,201910.0
Noroeste,Azúcar,kg,Año 2019 - Octubre,34.83,2019,Octubre,201910.0
Noroeste,Detergente líquido,750 cc,Año 2019 - Octubre,59.44,2019,Octubre,201910.0
Noroeste,Lavandina,1.000 cc,Año 2019 - Octubre,41.62,2019,Octubre,201910.0
Noroeste,Jabón de tocador,125 g,Año 2019 - Octubre,34.78,2019,Octubre,201910.0
Cuyo,Pan francés,kg,Año 2019 - Octubre,72.16,2019,Octubre,201910.0
Cuyo,Harina de trigo común,kg,Año 2019 - Octubre,37.83,2019,Octubre,201910.0
Cuyo,Arroz blanco simple,kg,Año 2019 - Octubre,54.95,2019,Octubre,201910.0
Cuyo,Fideos secos tipo guisero,500 g,Año 2019 - Octubre,50.0,2019,Octubre,201910.0
Cuyo,Carne picada común,kg,Año 2019 - Octubre,168.17,2019,Octubre,201910.0
Cuyo,Pollo entero,kg,Año 2019 - Octubre,101.46,2019,Octubre,201910.0
Cuyo,Aceite de girasol,"1,5 litros",Año 2019 - Octubre,124.21,2019,Octubre,201910.0
Cuyo,Leche fresca entera sachet,Litro,Año 2019 - Octubre,55.6,2019,Octubre,201910.0
Cuyo,Huevos de gallina,Docena,Año 2019 - Octubre,82.6,2019,Octubre,201910.0
Cuyo,Papa,kg,Año 2019 - Octubre,25.16,2019,Octubre,201910.0
Cuyo,Azúcar,kg,Año 2019 - Octubre,40.15,2019,Octubre,201910.0
Cuyo,Detergente líquido,750 cc,Año 2019 - Octubre,61.2,2019,Octubre,201910.0
Cuyo,Lavandina,1.000 cc,Año 2019 - Octubre,42.05,2019,Octubre,201910.0
Cuyo,Jabón de tocador,125 g,Año 2019 - Octubre,36.85,2019,Octubre,201910.0
Patagonia,Pan francés,kg,Año 2019 - Octubre,96.75,2019,Octubre,201910.0
Patagonia,Harina de trigo común,kg,Año 2019 - Octubre,41.25,2019,Octubre,201910.0
Patagonia,Arroz blanco simple,kg,Año 2019 - Octubre,58.72,2019,Octubre,201910.0
Patagonia,Fideos secos tipo guisero,500 g,Año 2019 - Octubre,53.81,2019,Octubre,201910.0
Patagonia,Carne picada común,kg,Año 2019 - Octubre,220.45,2019,Octubre,201910.0
Patagonia,Pollo entero,kg,Año 2019 - Octubre,106.25,2019,Octubre,201910.0
Patagonia,Aceite de girasol,"1,5 litros",Año 2019 - Octubre,127.76,2019,Octubre,201910.0
Patagonia,Leche fresca entera sachet,Litro,Año 2019 - Octubre,55.77,2019,Octubre,201910.0
Patagonia,Huevos de gallina,Docena,Año 2019 - Octubre,90.31,2019,Octubre,201910.0
Patagonia,Papa,kg,Año 2019 - Octubre,37.42,2019,Octubre,201910.0
Patagonia,Azúcar,kg,Año 2019 - Octubre,45.33,2019,Octubre,201910.0
Patagonia,Detergente líquido,750 cc,Año 2019 - Octubre,99.0,2019,Octubre,201910.0
Patagonia,Lavandina,1.000 cc,Año 2019 - Octubre,45.68,2019,Octubre,201910.0
Patagonia,Jabón de tocador,125 g,Año 2019 - Octubre,39.02,2019,Octubre,201910.0
GBA,Pan francés,kg,Año 2019 - Noviembre,106.12,2019,Noviembre,201911.0
GBA,Harina de trigo común,kg,Año 2019 - Noviembre,39.48,2019,Noviembre,201911.0
GBA,Arroz blanco simple,kg,Año 2019 - Noviembre,54.75,2019,Noviembre,201911.0
GBA,Fideos secos tipo guisero,500 g,Año 2019 - Noviembre,53.09,2019,Noviembre,201911.0
GBA,Carne picada común,kg,Año 2019 - Noviembre,168.39,2019,Noviembre,201911.0
GBA,Pollo entero,kg,Año 2019 - Noviembre,101.17,2019,Noviembre,201911.0
GBA,Aceite de girasol,"1,5 litros",Año 2019 - Noviembre,130.85,2019,Noviembre,201911.0
GBA,Leche fresca entera sachet,Litro,Año 2019 - Noviembre,50.04,2019,Noviembre,201911.0
GBA,Huevos de gallina,Docena,Año 2019 - Noviembre,87.83,2019,Noviembre,201911.0
GBA,Papa,kg,Año 2019 - Noviembre,28.35,2019,Noviembre,201911.0
GBA,Azúcar,kg,Año 2019 - Noviembre,43.12,2019,Noviembre,201911.0
GBA,Detergente líquido,750 cc,Año 2019 - Noviembre,63.01,2019,Noviembre,201911.0
GBA,Lavandina,1.000 cc,Año 2019 - Noviembre,44.68,2019,Noviembre,201911.0
GBA,Jabón de tocador,125 g,Año 2019 - Noviembre,36.08,2019,Noviembre,201911.0
Pampeana,Pan francés,kg,Año 2019 - Noviembre,84.09,2019,Noviembre,201911.0
Pampeana,Harina de trigo común,kg,Año 2019 - Noviembre,40.22,2019,Noviembre,201911.0
Pampeana,Arroz blanco simple,kg,Año 2019 - Noviembre,58.57,2019,Noviembre,201911.0
Pampeana,Fideos secos tipo guisero,500 g,Año 2019 - Noviembre,48.66,2019,Noviembre,201911.0
Pampeana,Carne picada común,kg,Año 2019 - Noviembre,192.05,2019,Noviembre,201911.0
Pampeana,Pollo entero,kg,Año 2019 - Noviembre,105.03,2019,Noviembre,201911.0
Pampeana,Aceite de girasol,"1,5 litros",Año 2019 - Noviembre,137.7,2019,Noviembre,201911.0
Pampeana,Leche fresca entera sachet,Litro,Año 2019 - Noviembre,54.23,2019,Noviembre,201911.0
Pampeana,Huevos de gallina,Docena,Año 2019 - Noviembre,83.47,2019,Noviembre,201911.0
Pampeana,Papa,kg,Año 2019 - Noviembre,27.26,2019,Noviembre,201911.0
Pampeana,Azúcar,kg,Año 2019 - Noviembre,40.89,2019,Noviembre,201911.0
Pampeana,Detergente líquido,750 cc,Año 2019 - Noviembre,63.46,2019,Noviembre,201911.0
Pampeana,Lavandina,1.000 cc,Año 2019 - Noviembre,42.57,2019,Noviembre,201911.0
Pampeana,Jabón de tocador,125 g,Año 2019 - Noviembre,38.74,2019,Noviembre,201911.0
Noreste,Pan francés,kg,Año 2019 - Noviembre,74.73,2019,Noviembre,201911.0
Noreste,Harina de trigo común,kg,Año 2019 - Noviembre,38.66,2019,Noviembre,201911.0
Noreste,Arroz blanco simple,kg,Año 2019 - Noviembre,54.22,2019,Noviembre,201911.0
Noreste,Fideos secos tipo guisero,500 g,Año 2019 - Noviembre,43.54,2019,Noviembre,201911.0
Noreste,Carne picada común,kg,Año 2019 - Noviembre,197.39,2019,Noviembre,201911.0
Noreste,Pollo entero,kg,Año 2019 - Noviembre,105.78,2019,Noviembre,201911.0
Noreste,Aceite de girasol,"1,5 litros",Año 2019 - Noviembre,136.91,2019,Noviembre,201911.0
Noreste,Leche fresca entera sachet,Litro,Año 2019 - Noviembre,56.73,2019,Noviembre,201911.0
Noreste,Huevos de gallina,Docena,Año 2019 - Noviembre,73.2,2019,Noviembre,201911.0
Noreste,Papa,kg,Año 2019 - Noviembre,25.27,2019,Noviembre,201911.0
Noreste,Azúcar,kg,Año 2019 - Noviembre,38.6,2019,Noviembre,201911.0
Noreste,Detergente líquido,750 cc,Año 2019 - Noviembre,58.33,2019,Noviembre,201911.0
Noreste,Lavandina,1.000 cc,Año 2019 - Noviembre,43.84,2019,Noviembre,201911.0
Noreste,Jabón de tocador,125 g,Año 2019 - Noviembre,36.95,2019,Noviembre,201911.0
Noroeste,Pan francés,kg,Año 2019 - Noviembre,82.71,2019,Noviembre,201911.0
Noroeste,Harina de trigo común,kg,Año 2019 - Noviembre,37.92,2019,Noviembre,201911.0
Noroeste,Arroz blanco simple,kg,Año 2019 - Noviembre,53.59,2019,Noviembre,201911.0
Noroeste,Fideos secos tipo guisero,500 g,Año 2019 - Noviembre,41.38,2019,Noviembre,201911.0
Noroeste,Carne picada común,kg,Año 2019 - Noviembre,197.11,2019,Noviembre,201911.0
Noroeste,Pollo entero,kg,Año 2019 - Noviembre,101.33,2019,Noviembre,201911.0
Noroeste,Aceite de girasol,"1,5 litros",Año 2019 - Noviembre,134.99,2019,Noviembre,201911.0
Noroeste,Leche fresca entera sachet,Litro,Año 2019 - Noviembre,54.4,2019,Noviembre,201911.0
Noroeste,Huevos de gallina,Docena,Año 2019 - Noviembre,75.15,2019,Noviembre,201911.0
Noroeste,Papa,kg,Año 2019 - Noviembre,19.91,2019,Noviembre,201911.0
Noroeste,Azúcar,kg,Año 2019 - Noviembre,35.41,2019,Noviembre,201911.0
Noroeste,Detergente líquido,750 cc,Año 2019 - Noviembre,60.43,2019,Noviembre,201911.0
Noroeste,Lavandina,1.000 cc,Año 2019 - Noviembre,43.33,2019,Noviembre,201911.0
Noroeste,Jabón de tocador,125 g,Año 2019 - Noviembre,37.26,2019,Noviembre,201911.0
Cuyo,Pan francés,kg,Año 2019 - Noviembre,75.87,2019,Noviembre,201911.0
Cuyo,Harina de trigo común,kg,Año 2019 - Noviembre,38.05,2019,Noviembre,201911.0
Cuyo,Arroz blanco simple,kg,Año 2019 - Noviembre,57.6,2019,Noviembre,201911.0
Cuyo,Fideos secos tipo guisero,500 g,Año 2019 - Noviembre,50.63,2019,Noviembre,201911.0
Cuyo,Carne picada común,kg,Año 2019 - Noviembre,185.1,2019,Noviembre,201911.0
Cuyo,Pollo entero,kg,Año 2019 - Noviembre,105.61,2019,Noviembre,201911.0
Cuyo,Aceite de girasol,"1,5 litros",Año 2019 - Noviembre,126.58,2019,Noviembre,201911.0
Cuyo,Leche fresca entera sachet,Litro,Año 2019 - Noviembre,57.29,2019,Noviembre,201911.0
Cuyo,Huevos de gallina,Docena,Año 2019 - Noviembre,83.74,2019,Noviembre,201911.0
Cuyo,Papa,kg,Año 2019 - Noviembre,25.1,2019,Noviembre,201911.0
Cuyo,Azúcar,kg,Año 2019 - Noviembre,41.02,2019,Noviembre,201911.0
Cuyo,Detergente líquido,750 cc,Año 2019 - Noviembre,63.84,2019,Noviembre,201911.0
Cuyo,Lavandina,1.000 cc,Año 2019 - Noviembre,43.78,2019,Noviembre,201911.0
Cuyo,Jabón de tocador,125 g,Año 2019 - Noviembre,39.84,2019,Noviembre,201911.0
Patagonia,Pan francés,kg,Año 2019 - Noviembre,100.59,2019,Noviembre,201911.0
Patagonia,Harina de trigo común,kg,Año 2019 - Noviembre,42.43,2019,Noviembre,201911.0
Patagonia,Arroz blanco simple,kg,Año 2019 - Noviembre,63.73,2019,Noviembre,201911.0
Patagonia,Fideos secos tipo guisero,500 g,Año 2019 - Noviembre,56.17,2019,Noviembre,201911.0
Patagonia,Carne picada común,kg,Año 2019 - Noviembre,229.97,2019,Noviembre,201911.0
Patagonia,Pollo entero,kg,Año 2019 - Noviembre,111.18,2019,Noviembre,201911.0
Patagonia,Aceite de girasol,"1,5 litros",Año 2019 - Noviembre,130.87,2019,Noviembre,201911.0
Patagonia,Leche fresca entera sachet,Litro,Año 2019 - Noviembre,59.57,2019,Noviembre,201911.0
Patagonia,Huevos de gallina,Docena,Año 2019 - Noviembre,92.27,2019,Noviembre,201911.0
Patagonia,Papa,kg,Año 2019 - Noviembre,38.48,2019,Noviembre,201911.0
Patagonia,Azúcar,kg,Año 2019 - Noviembre,45.89,2019,Noviembre,201911.0
Patagonia,Detergente líquido,750 cc,Año 2019 - Noviembre,102.68,2019,Noviembre,201911.0
Patagonia,Lavandina,1.000 cc,Año 2019 - Noviembre,46.98,2019,Noviembre,201911.0
Patagonia,Jabón de tocador,125 g,Año 2019 - Noviembre,42.42,2019,Noviembre,201911.0
GBA,Pan francés,kg,Año 2019 - Diciembre,108.02,2019,Diciembre,201912.0
GBA,Harina de trigo común,kg,Año 2019 - Diciembre,40.24,2019,Diciembre,201912.0
GBA,Arroz blanco simple,kg,Año 2019 - Diciembre,57.46,2019,Diciembre,201912.0
GBA,Fideos secos tipo guisero,500 g,Año 2019 - Diciembre,53.79,2019,Diciembre,201912.0
GBA,Carne picada común,kg,Año 2019 - Diciembre,178.35,2019,Diciembre,201912.0
GBA,Pollo entero,kg,Año 2019 - Diciembre,102.48,2019,Diciembre,201912.0
GBA,Aceite de girasol,"1,5 litros",Año 2019 - Diciembre,132.73,2019,Diciembre,201912.0
GBA,Leche fresca entera sachet,Litro,Año 2019 - Diciembre,50.98,2019,Diciembre,201912.0
GBA,Huevos de gallina,Docena,Año 2019 - Diciembre,90.9,2019,Diciembre,201912.0
GBA,Papa,kg,Año 2019 - Diciembre,27.6,2019,Diciembre,201912.0
GBA,Azúcar,kg,Año 2019 - Diciembre,44.18,2019,Diciembre,201912.0
GBA,Detergente líquido,750 cc,Año 2019 - Diciembre,63.55,2019,Diciembre,201912.0
GBA,Lavandina,1.000 cc,Año 2019 - Diciembre,46.38,2019,Diciembre,201912.0
GBA,Jabón de tocador,125 g,Año 2019 - Diciembre,37.49,2019,Diciembre,201912.0
Pampeana,Pan francés,kg,Año 2019 - Diciembre,85.63,2019,Diciembre,201912.0
Pampeana,Harina de trigo común,kg,Año 2019 - Diciembre,40.63,2019,Diciembre,201912.0
Pampeana,Arroz blanco simple,kg,Año 2019 - Diciembre,61.29,2019,Diciembre,201912.0
Pampeana,Fideos secos tipo guisero,500 g,Año 2019 - Diciembre,49.18,2019,Diciembre,201912.0
Pampeana,Carne picada común,kg,Año 2019 - Diciembre,198.64,2019,Diciembre,201912.0
Pampeana,Pollo entero,kg,Año 2019 - Diciembre,107.36,2019,Diciembre,201912.0
Pampeana,Aceite de girasol,"1,5 litros",Año 2019 - Diciembre,141.13,2019,Diciembre,201912.0
Pampeana,Leche fresca entera sachet,Litro,Año 2019 - Diciembre,54.62,2019,Diciembre,201912.0
Pampeana,Huevos de gallina,Docena,Año 2019 - Diciembre,85.93,2019,Diciembre,201912.0
Pampeana,Papa,kg,Año 2019 - Diciembre,27.4,2019,Diciembre,201912.0
Pampeana,Azúcar,kg,Año 2019 - Diciembre,42.84,2019,Diciembre,201912.0
Pampeana,Detergente líquido,750 cc,Año 2019 - Diciembre,64.69,2019,Diciembre,201912.0
Pampeana,Lavandina,1.000 cc,Año 2019 - Diciembre,43.63,2019,Diciembre,201912.0
Pampeana,Jabón de tocador,125 g,Año 2019 - Diciembre,39.54,2019,Diciembre,201912.0
Noreste,Pan francés,kg,Año 2019 - Diciembre,75.17,2019,Diciembre,201912.0
Noreste,Harina de trigo común,kg,Año 2019 - Diciembre,40.08,2019,Diciembre,201912.0
Noreste,Arroz blanco simple,kg,Año 2019 - Diciembre,56.48,2019,Diciembre,201912.0
Noreste,Fideos secos tipo guisero,500 g,Año 2019 - Diciembre,43.95,2019,Diciembre,201912.0
Noreste,Carne picada común,kg,Año 2019 - Diciembre,206.78,2019,Diciembre,201912.0
Noreste,Pollo entero,kg,Año 2019 - Diciembre,110.64,2019,Diciembre,201912.0
Noreste,Aceite de girasol,"1,5 litros",Año 2019 - Diciembre,139.77,2019,Diciembre,201912.0
Noreste,Leche fresca entera sachet,Litro,Año 2019 - Diciembre,57.24,2019,Diciembre,201912.0
Noreste,Huevos de gallina,Docena,Año 2019 - Diciembre,75.63,2019,Diciembre,201912.0
Noreste,Papa,kg,Año 2019 - Diciembre,26.86,2019,Diciembre,201912.0
Noreste,Azúcar,kg,Año 2019 - Diciembre,40.71,2019,Diciembre,201912.0
Noreste,Detergente líquido,750 cc,Año 2019 - Diciembre,61.06,2019,Diciembre,201912.0
Noreste,Lavandina,1.000 cc,Año 2019 - Diciembre,44.22,2019,Diciembre,201912.0
Noreste,Jabón de tocador,125 g,Año 2019 - Diciembre,38.34,2019,Diciembre,201912.0
Noroeste,Pan francés,kg,Año 2019 - Diciembre,85.79,2019,Diciembre,201912.0
Noroeste,Harina de trigo común,kg,Año 2019 - Diciembre,38.52,2019,Diciembre,201912.0
Noroeste,Arroz blanco simple,kg,Año 2019 - Diciembre,56.04,2019,Diciembre,201912.0
Noroeste,Fideos secos tipo guisero,500 g,Año 2019 - Diciembre,42.25,2019,Diciembre,201912.0
Noroeste,Carne picada común,kg,Año 2019 - Diciembre,201.3,2019,Diciembre,201912.0
Noroeste,Pollo entero,kg,Año 2019 - Diciembre,104.03,2019,Diciembre,201912.0
Noroeste,Aceite de girasol,"1,5 litros",Año 2019 - Diciembre,139.34,2019,Diciembre,201912.0
Noroeste,Leche fresca entera sachet,Litro,Año 2019 - Diciembre,54.17,2019,Diciembre,201912.0
Noroeste,Huevos de gallina,Docena,Año 2019 - Diciembre,76.69,2019,Diciembre,201912.0
Noroeste,Papa,kg,Año 2019 - Diciembre,19.4,2019,Diciembre,201912.0
Noroeste,Azúcar,kg,Año 2019 - Diciembre,37.18,2019,Diciembre,201912.0
Noroeste,Detergente líquido,750 cc,Año 2019 - Diciembre,62.0,2019,Diciembre,201912.0
Noroeste,Lavandina,1.000 cc,Año 2019 - Diciembre,44.89,2019,Diciembre,201912.0
Noroeste,Jabón de tocador,125 g,Año 2019 - Diciembre,38.28,2019,Diciembre,201912.0
Cuyo,Pan francés,kg,Año 2019 - Diciembre,76.21,2019,Diciembre,201912.0
Cuyo,Harina de trigo común,kg,Año 2019 - Diciembre,38.59,2019,Diciembre,201912.0
Cuyo,Arroz blanco simple,kg,Año 2019 - Diciembre,58.37,2019,Diciembre,201912.0
Cuyo,Fideos secos tipo guisero,500 g,Año 2019 - Diciembre,50.9,2019,Diciembre,201912.0
Cuyo,Carne picada común,kg,Año 2019 - Diciembre,190.37,2019,Diciembre,201912.0
Cuyo,Pollo entero,kg,Año 2019 - Diciembre,107.87,2019,Diciembre,201912.0
Cuyo,Aceite de girasol,"1,5 litros",Año 2019 - Diciembre,130.74,2019,Diciembre,201912.0
Cuyo,Leche fresca entera sachet,Litro,Año 2019 - Diciembre,58.3,2019,Diciembre,201912.0
Cuyo,Huevos de gallina,Docena,Año 2019 - Diciembre,85.6,2019,Diciembre,201912.0
Cuyo,Papa,kg,Año 2019 - Diciembre,22.76,2019,Diciembre,201912.0
Cuyo,Azúcar,kg,Año 2019 - Diciembre,43.16,2019,Diciembre,201912.0
Cuyo,Detergente líquido,750 cc,Año 2019 - Diciembre,65.69,2019,Diciembre,201912.0
Cuyo,Lavandina,1.000 cc,Año 2019 - Diciembre,45.84,2019,Diciembre,201912.0
Cuyo,Jabón de tocador,125 g,Año 2019 - Diciembre,40.72,2019,Diciembre,201912.0
Patagonia,Pan francés,kg,Año 2019 - Diciembre,105.31,2019,Diciembre,201912.0
Patagonia,Harina de trigo común,kg,Año 2019 - Diciembre,43.17,2019,Diciembre,201912.0
Patagonia,Arroz blanco simple,kg,Año 2019 - Diciembre,66.16,2019,Diciembre,201912.0
Patagonia,Fideos secos tipo guisero,500 g,Año 2019 - Diciembre,56.91,2019,Diciembre,201912.0
Patagonia,Carne picada común,kg,Año 2019 - Diciembre,238.45,2019,Diciembre,201912.0
Patagonia,Pollo entero,kg,Año 2019 - Diciembre,112.99,2019,Diciembre,201912.0
Patagonia,Aceite de girasol,"1,5 litros",Año 2019 - Diciembre,133.15,2019,Diciembre,201912.0
Patagonia,Leche fresca entera sachet,Litro,Año 2019 - Diciembre,60.99,2019,Diciembre,201912.0
Patagonia,Huevos de gallina,Docena,Año 2019 - Diciembre,97.86,2019,Diciembre,201912.0
Patagonia,Papa,kg,Año 2019 - Diciembre,38.71,2019,Diciembre,201912.0
Patagonia,Azúcar,kg,Año 2019 - Diciembre,47.91,2019,Diciembre,201912.0
Patagonia,Detergente líquido,750 cc,Año 2019 - Diciembre,106.76,2019,Diciembre,201912.0
Patagonia,Lavandina,1.000 cc,Año 2019 - Diciembre,48.34,2019,Diciembre,201912.0
Patagonia,Jabón de tocador,125 g,Año 2019 - Diciembre,44.58,2019,Diciembre,201912.0
GBA,Pan francés,kg,Año 2020 - Enero ,111.25,2020,Enero ,
GBA,Harina de trigo común,kg,Año 2020 - Enero ,42.07,2020,Enero ,
GBA,Arroz blanco simple,kg,Año 2020 - Enero ,63.84,2020,Enero ,
GBA,Fideos secos tipo guisero,500 g,Año 2020 - Enero ,56.92,2020,Enero ,
GBA,Carne picada común,kg,Año 2020 - Enero ,202.41,2020,Enero ,
GBA,Pollo entero,kg,Año 2020 - Enero ,107.04,2020,Enero ,
GBA,Aceite de girasol,"1,5 litros",Año 2020 - Enero ,144.33,2020,Enero ,
GBA,Leche fresca entera sachet,Litro,Año 2020 - Enero ,55.02,2020,Enero ,
GBA,Huevos de gallina,Docena,Año 2020 - Enero ,93.89,2020,Enero ,
GBA,Papa,kg,Año 2020 - Enero ,31.24,2020,Enero ,
GBA,Azúcar,kg,Año 2020 - Enero ,50.66,2020,Enero ,
GBA,Detergente líquido,750 cc,Año 2020 - Enero ,63.3,2020,Enero ,
GBA,Lavandina,1.000 cc,Año 2020 - Enero ,47.36,2020,Enero ,
GBA,Jabón de tocador,125 g,Año 2020 - Enero ,38.79,2020,Enero ,
Pampeana,Pan francés,kg,Año 2020 - Enero ,88.32,2020,Enero ,
Pampeana,Harina de trigo común,kg,Año 2020 - Enero ,42.74,2020,Enero ,
Pampeana,Arroz blanco simple,kg,Año 2020 - Enero ,66.91,2020,Enero ,
Pampeana,Fideos secos tipo guisero,500 g,Año 2020 - Enero ,52.64,2020,Enero ,
Pampeana,Carne picada común,kg,Año 2020 - Enero ,210.95,2020,Enero ,
Pampeana,Pollo entero,kg,Año 2020 - Enero ,111.42,2020,Enero ,
Pampeana,Aceite de girasol,"1,5 litros",Año 2020 - Enero ,154.69,2020,Enero ,
Pampeana,Leche fresca entera sachet,Litro,Año 2020 - Enero ,58.1,2020,Enero ,
Pampeana,Huevos de gallina,Docena,Año 2020 - Enero ,89.82,2020,Enero ,
Pampeana,Papa,kg,Año 2020 - Enero ,29.96,2020,Enero ,
Pampeana,Azúcar,kg,Año 2020 - Enero ,48.88,2020,Enero ,
Pampeana,Detergente líquido,750 cc,Año 2020 - Enero ,65.59,2020,Enero ,
Pampeana,Lavandina,1.000 cc,Año 2020 - Enero ,45.55,2020,Enero ,
Pampeana,Jabón de tocador,125 g,Año 2020 - Enero ,40.59,2020,Enero ,
Noreste,Pan francés,kg,Año 2020 - Enero ,78.48,2020,Enero ,
Noreste,Harina de trigo común,kg,Año 2020 - Enero ,42.74,2020,Enero ,
Noreste,Arroz blanco simple,kg,Año 2020 - Enero ,62.02,2020,Enero ,
Noreste,Fideos secos tipo guisero,500 g,Año 2020 - Enero ,47.89,2020,Enero ,
Noreste,Carne picada común,kg,Año 2020 - Enero ,216.23,2020,Enero ,
Noreste,Pollo entero,kg,Año 2020 - Enero ,111.7,2020,Enero ,
Noreste,Aceite de girasol,"1,5 litros",Año 2020 - Enero ,152.32,2020,Enero ,
Noreste,Leche fresca entera sachet,Litro,Año 2020 - Enero ,62.56,2020,Enero ,
Noreste,Huevos de gallina,Docena,Año 2020 - Enero ,80.62,2020,Enero ,
Noreste,Papa,kg,Año 2020 - Enero ,30.11,2020,Enero ,
Noreste,Azúcar,kg,Año 2020 - Enero ,47.98,2020,Enero ,
Noreste,Detergente líquido,750 cc,Año 2020 - Enero ,61.49,2020,Enero ,
Noreste,Lavandina,1.000 cc,Año 2020 - Enero ,46.49,2020,Enero ,
Noreste,Jabón de tocador,125 g,Año 2020 - Enero ,39.42,2020,Enero ,
Noroeste,Pan francés,kg,Año 2020 - Enero ,86.85,2020,Enero ,
Noroeste,Harina de trigo común,kg,Año 2020 - Enero ,40.4,2020,Enero ,
Noroeste,Arroz blanco simple,kg,Año 2020 - Enero ,60.44,2020,Enero ,
Noroeste,Fideos secos tipo guisero,500 g,Año 2020 - Enero ,44.73,2020,Enero ,
Noroeste,Carne picada común,kg,Año 2020 - Enero ,209.87,2020,Enero ,
Noroeste,Pollo entero,kg,Año 2020 - Enero ,106.37,2020,Enero ,
Noroeste,Aceite de girasol,"1,5 litros",Año 2020 - Enero ,147.41,2020,Enero ,
Noroeste,Leche fresca entera sachet,Litro,Año 2020 - Enero ,57.59,2020,Enero ,
Noroeste,Huevos de gallina,Docena,Año 2020 - Enero ,78.48,2020,Enero ,
Noroeste,Papa,kg,Año 2020 - Enero ,23.31,2020,Enero ,
Noroeste,Azúcar,kg,Año 2020 - Enero ,42.49,2020,Enero ,
Noroeste,Detergente líquido,750 cc,Año 2020 - Enero ,64.12,2020,Enero ,
Noroeste,Lavandina,1.000 cc,Año 2020 - Enero ,46.97,2020,Enero ,
Noroeste,Jabón de tocador,125 g,Año 2020 - Enero ,38.92,2020,Enero ,
Cuyo,Pan francés,kg,Año 2020 - Enero ,78.47,2020,Enero ,
Cuyo,Harina de trigo común,kg,Año 2020 - Enero ,40.47,2020,Enero ,
Cuyo,Arroz blanco simple,kg,Año 2020 - Enero ,65.26,2020,Enero ,
Cuyo,Fideos secos tipo guisero,500 g,Año 2020 - Enero ,53.28,2020,Enero ,
Cuyo,Carne picada común,kg,Año 2020 - Enero ,195.46,2020,Enero ,
Cuyo,Pollo entero,kg,Año 2020 - Enero ,112.19,2020,Enero ,
Cuyo,Aceite de girasol,"1,5 litros",Año 2020 - Enero ,141.75,2020,Enero ,
Cuyo,Leche fresca entera sachet,Litro,Año 2020 - Enero ,61.45,2020,Enero ,
Cuyo,Huevos de gallina,Docena,Año 2020 - Enero ,89.67,2020,Enero ,
Cuyo,Papa,kg,Año 2020 - Enero ,24.24,2020,Enero ,
Cuyo,Azúcar,kg,Año 2020 - Enero ,50.43,2020,Enero ,
Cuyo,Detergente líquido,750 cc,Año 2020 - Enero ,66.12,2020,Enero ,
Cuyo,Lavandina,1.000 cc,Año 2020 - Enero ,46.44,2020,Enero ,
Cuyo,Jabón de tocador,125 g,Año 2020 - Enero ,42.05,2020,Enero ,
Patagonia,Pan francés,kg,Año 2020 - Enero ,111.71,2020,Enero ,
Patagonia,Harina de trigo común,kg,Año 2020 - Enero ,45.35,2020,Enero ,
Patagonia,Arroz blanco simple,kg,Año 2020 - Enero ,70.15,2020,Enero ,
Patagonia,Fideos secos tipo guisero,500 g,Año 2020 - Enero ,59.26,2020,Enero ,
Patagonia,Carne picada común,kg,Año 2020 - Enero ,252.95,2020,Enero ,
Patagonia,Pollo entero,kg,Año 2020 - Enero ,120.01,2020,Enero ,
Patagonia,Aceite de girasol,"1,5 litros",Año 2020 - Enero ,145.28,2020,Enero ,
Patagonia,Leche fresca entera sachet,Litro,Año 2020 - Enero ,62.83,2020,Enero ,
Patagonia,Huevos de gallina,Docena,Año 2020 - Enero ,105.86,2020,Enero ,
Patagonia,Papa,kg,Año 2020 - Enero ,39.66,2020,Enero ,
Patagonia,Azúcar,kg,Año 2020 - Enero ,55.51,2020,Enero ,
Patagonia,Detergente líquido,750 cc,Año 2020 - Enero ,112.48,2020,Enero ,
Patagonia,Lavandina,1.000 cc,Año 2020 - Enero ,50.46,2020,Enero ,
Patagonia,Jabón de tocador,125 g,Año 2020 - Enero ,46.27,2020,Enero ,
GBA,Pan francés,kg,Año 2020 - Febrero,112.99,2020,Febrero,202002.0
GBA,Harina de trigo común,kg,Año 2020 - Febrero,43.62,2020,Febrero,202002.0
GBA,Arroz blanco simple,kg,Año 2020 - Febrero,66.04,2020,Febrero,202002.0
GBA,Fideos secos tipo guisero,500 g,Año 2020 - Febrero,58.85,2020,Febrero,202002.0
GBA,Carne picada común,kg,Año 2020 - Febrero,209.42,2020,Febrero,202002.0
GBA,Pollo entero,kg,Año 2020 - Febrero,108.47,2020,Febrero,202002.0
GBA,Aceite de girasol,"1,5 litros",Año 2020 - Febrero,149.44,2020,Febrero,202002.0
GBA,Leche fresca entera sachet,Litro,Año 2020 - Febrero,54.01,2020,Febrero,202002.0
GBA,Huevos de gallina,Docena,Año 2020 - Febrero,96.04,2020,Febrero,202002.0
GBA,Papa,kg,Año 2020 - Febrero,33.23,2020,Febrero,202002.0
GBA,Azúcar,kg,Año 2020 - Febrero,56.99,2020,Febrero,202002.0
GBA,Detergente líquido,750 cc,Año 2020 - Febrero,64.91,2020,Febrero,202002.0
GBA,Lavandina,1.000 cc,Año 2020 - Febrero,47.71,2020,Febrero,202002.0
GBA,Jabón de tocador,125 g,Año 2020 - Febrero,40.6,2020,Febrero,202002.0
Pampeana,Pan francés,kg,Año 2020 - Febrero,89.91,2020,Febrero,202002.0
Pampeana,Harina de trigo común,kg,Año 2020 - Febrero,43.71,2020,Febrero,202002.0
Pampeana,Arroz blanco simple,kg,Año 2020 - Febrero,70.81,2020,Febrero,202002.0
Pampeana,Fideos secos tipo guisero,500 g,Año 2020 - Febrero,54.38,2020,Febrero,202002.0
Pampeana,Carne picada común,kg,Año 2020 - Febrero,215.94,2020,Febrero,202002.0
Pampeana,Pollo entero,kg,Año 2020 - Febrero,111.93,2020,Febrero,202002.0
Pampeana,Aceite de girasol,"1,5 litros",Año 2020 - Febrero,158.38,2020,Febrero,202002.0
Pampeana,Leche fresca entera sachet,Litro,Año 2020 - Febrero,59.46,2020,Febrero,202002.0
Pampeana,Huevos de gallina,Docena,Año 2020 - Febrero,93.88,2020,Febrero,202002.0
Pampeana,Papa,kg,Año 2020 - Febrero,32.62,2020,Febrero,202002.0
Pampeana,Azúcar,kg,Año 2020 - Febrero,56.88,2020,Febrero,202002.0
Pampeana,Detergente líquido,750 cc,Año 2020 - Febrero,66.51,2020,Febrero,202002.0
Pampeana,Lavandina,1.000 cc,Año 2020 - Febrero,45.97,2020,Febrero,202002.0
Pampeana,Jabón de tocador,125 g,Año 2020 - Febrero,41.51,2020,Febrero,202002.0
Noreste,Pan francés,kg,Año 2020 - Febrero,80.45,2020,Febrero,202002.0
Noreste,Harina de trigo común,kg,Año 2020 - Febrero,43.24,2020,Febrero,202002.0
Noreste,Arroz blanco simple,kg,Año 2020 - Febrero,62.89,2020,Febrero,202002.0
Noreste,Fideos secos tipo guisero,500 g,Año 2020 - Febrero,48.72,2020,Febrero,202002.0
Noreste,Carne picada común,kg,Año 2020 - Febrero,228.49,2020,Febrero,202002.0
Noreste,Pollo entero,kg,Año 2020 - Febrero,111.57,2020,Febrero,202002.0
Noreste,Aceite de girasol,"1,5 litros",Año 2020 - Febrero,159.17,2020,Febrero,202002.0
Noreste,Leche fresca entera sachet,Litro,Año 2020 - Febrero,61.57,2020,Febrero,202002.0
Noreste,Huevos de gallina,Docena,Año 2020 - Febrero,82.35,2020,Febrero,202002.0
Noreste,Papa,kg,Año 2020 - Febrero,32.1,2020,Febrero,202002.0
Noreste,Azúcar,kg,Año 2020 - Febrero,56.86,2020,Febrero,202002.0
Noreste,Detergente líquido,750 cc,Año 2020 - Febrero,61.03,2020,Febrero,202002.0
Noreste,Lavandina,1.000 cc,Año 2020 - Febrero,47.68,2020,Febrero,202002.0
Noreste,Jabón de tocador,125 g,Año 2020 - Febrero,40.19,2020,Febrero,202002.0
Noroeste,Pan francés,kg,Año 2020 - Febrero,87.93,2020,Febrero,202002.0
Noroeste,Harina de trigo común,kg,Año 2020 - Febrero,41.33,2020,Febrero,202002.0
Noroeste,Arroz blanco simple,kg,Año 2020 - Febrero,64.28,2020,Febrero,202002.0
Noroeste,Fideos secos tipo guisero,500 g,Año 2020 - Febrero,46.08,2020,Febrero,202002.0
Noroeste,Carne picada común,kg,Año 2020 - Febrero,216.24,2020,Febrero,202002.0
Noroeste,Pollo entero,kg,Año 2020 - Febrero,106.09,2020,Febrero,202002.0
Noroeste,Aceite de girasol,"1,5 litros",Año 2020 - Febrero,154.16,2020,Febrero,202002.0
Noroeste,Leche fresca entera sachet,Litro,Año 2020 - Febrero,59.42,2020,Febrero,202002.0
Noroeste,Huevos de gallina,Docena,Año 2020 - Febrero,81.76,2020,Febrero,202002.0
Noroeste,Papa,kg,Año 2020 - Febrero,28.12,2020,Febrero,202002.0
Noroeste,Azúcar,kg,Año 2020 - Febrero,51.55,2020,Febrero,202002.0
Noroeste,Detergente líquido,750 cc,Año 2020 - Febrero,65.49,2020,Febrero,202002.0
Noroeste,Lavandina,1.000 cc,Año 2020 - Febrero,47.72,2020,Febrero,202002.0
Noroeste,Jabón de tocador,125 g,Año 2020 - Febrero,40.44,2020,Febrero,202002.0
Cuyo,Pan francés,kg,Año 2020 - Febrero,80.5,2020,Febrero,202002.0
Cuyo,Harina de trigo común,kg,Año 2020 - Febrero,42.11,2020,Febrero,202002.0
Cuyo,Arroz blanco simple,kg,Año 2020 - Febrero,71.03,2020,Febrero,202002.0
Cuyo,Fideos secos tipo guisero,500 g,Año 2020 - Febrero,54.49,2020,Febrero,202002.0
Cuyo,Carne picada común,kg,Año 2020 - Febrero,201.11,2020,Febrero,202002.0
Cuyo,Pollo entero,kg,Año 2020 - Febrero,111.45,2020,Febrero,202002.0
Cuyo,Aceite de girasol,"1,5 litros",Año 2020 - Febrero,147.72,2020,Febrero,202002.0
Cuyo,Leche fresca entera sachet,Litro,Año 2020 - Febrero,61.66,2020,Febrero,202002.0
Cuyo,Huevos de gallina,Docena,Año 2020 - Febrero,94.38,2020,Febrero,202002.0
Cuyo,Papa,kg,Año 2020 - Febrero,33.55,2020,Febrero,202002.0
Cuyo,Azúcar,kg,Año 2020 - Febrero,57.36,2020,Febrero,202002.0
Cuyo,Detergente líquido,750 cc,Año 2020 - Febrero,67.07,2020,Febrero,202002.0
Cuyo,Lavandina,1.000 cc,Año 2020 - Febrero,45.73,2020,Febrero,202002.0
Cuyo,Jabón de tocador,125 g,Año 2020 - Febrero,43.56,2020,Febrero,202002.0
Patagonia,Pan francés,kg,Año 2020 - Febrero,113.01,2020,Febrero,202002.0
Patagonia,Harina de trigo común,kg,Año 2020 - Febrero,46.65,2020,Febrero,202002.0
Patagonia,Arroz blanco simple,kg,Año 2020 - Febrero,72.04,2020,Febrero,202002.0
Patagonia,Fideos secos tipo guisero,500 g,Año 2020 - Febrero,60.91,2020,Febrero,202002.0
Patagonia,Carne picada común,kg,Año 2020 - Febrero,274.23,2020,Febrero,202002.0
Patagonia,Pollo entero,kg,Año 2020 - Febrero,119.55,2020,Febrero,202002.0
Patagonia,Aceite de girasol,"1,5 litros",Año 2020 - Febrero,150.64,2020,Febrero,202002.0
Patagonia,Leche fresca entera sachet,Litro,Año 2020 - Febrero,62.14,2020,Febrero,202002.0
Patagonia,Huevos de gallina,Docena,Año 2020 - Febrero,110.35,2020,Febrero,202002.0
Patagonia,Papa,kg,Año 2020 - Febrero,43.86,2020,Febrero,202002.0
Patagonia,Azúcar,kg,Año 2020 - Febrero,60.16,2020,Febrero,202002.0
Patagonia,Detergente líquido,750 cc,Año 2020 - Febrero,113.32,2020,Febrero,202002.0
Patagonia,Lavandina,1.000 cc,Año 2020 - Febrero,50.56,2020,Febrero,202002.0
Patagonia,Jabón de tocador,125 g,Año 2020 - Febrero,47.18,2020,Febrero,202002.0
GBA,Pan francés,kg,Año 2020 - Marzo,116.37,2020,Marzo,202003.0
GBA,Harina de trigo común,kg,Año 2020 - Marzo,43.43,2020,Marzo,202003.0
GBA,Arroz blanco simple,kg,Año 2020 - Marzo,67.75,2020,Marzo,202003.0
GBA,Fideos secos tipo guisero,500 g,Año 2020 - Marzo,59.15,2020,Marzo,202003.0
GBA,Carne picada común,kg,Año 2020 - Marzo,214.88,2020,Marzo,202003.0
GBA,Pollo entero,kg,Año 2020 - Marzo,118.62,2020,Marzo,202003.0
GBA,Aceite de girasol,"1,5 litros",Año 2020 - Marzo,150.46,2020,Marzo,202003.0
GBA,Leche fresca entera sachet,Litro,Año 2020 - Marzo,55.72,2020,Marzo,202003.0
GBA,Huevos de gallina,Docena,Año 2020 - Marzo,97.66,2020,Marzo,202003.0
GBA,Papa,kg,Año 2020 - Marzo,32.84,2020,Marzo,202003.0
GBA,Azúcar,kg,Año 2020 - Marzo,61.83,2020,Marzo,202003.0
GBA,Detergente líquido,750 cc,Año 2020 - Marzo,65.34,2020,Marzo,202003.0
GBA,Lavandina,1.000 cc,Año 2020 - Marzo,48.45,2020,Marzo,202003.0
GBA,Jabón de tocador,125 g,Año 2020 - Marzo,41.96,2020,Marzo,202003.0
Pampeana,Pan francés,kg,Año 2020 - Marzo,91.82,2020,Marzo,202003.0
Pampeana,Harina de trigo común,kg,Año 2020 - Marzo,44.52,2020,Marzo,202003.0
Pampeana,Arroz blanco simple,kg,Año 2020 - Marzo,72.79,2020,Marzo,202003.0
Pampeana,Fideos secos tipo guisero,500 g,Año 2020 - Marzo,54.81,2020,Marzo,202003.0
Pampeana,Carne picada común,kg,Año 2020 - Marzo,228.24,2020,Marzo,202003.0
Pampeana,Pollo entero,kg,Año 2020 - Marzo,121.12,2020,Marzo,202003.0
Pampeana,Aceite de girasol,"1,5 litros",Año 2020 - Marzo,161.43,2020,Marzo,202003.0
Pampeana,Leche fresca entera sachet,Litro,Año 2020 - Marzo,60.3,2020,Marzo,202003.0
Pampeana,Huevos de gallina,Docena,Año 2020 - Marzo,97.76,2020,Marzo,202003.0
Pampeana,Papa,kg,Año 2020 - Marzo,33.5,2020,Marzo,202003.0
Pampeana,Azúcar,kg,Año 2020 - Marzo,63.73,2020,Marzo,202003.0
Pampeana,Detergente líquido,750 cc,Año 2020 - Marzo,67.08,2020,Marzo,202003.0
Pampeana,Lavandina,1.000 cc,Año 2020 - Marzo,46.12,2020,Marzo,202003.0
Pampeana,Jabón de tocador,125 g,Año 2020 - Marzo,42.93,2020,Marzo,202003.0
Noreste,Pan francés,kg,Año 2020 - Marzo,81.52,2020,Marzo,202003.0
Noreste,Harina de trigo común,kg,Año 2020 - Marzo,43.97,2020,Marzo,202003.0
Noreste,Arroz blanco simple,kg,Año 2020 - Marzo,66.34,2020,Marzo,202003.0
Noreste,Fideos secos tipo guisero,500 g,Año 2020 - Marzo,49.87,2020,Marzo,202003.0
Noreste,Carne picada común,kg,Año 2020 - Marzo,230.28,2020,Marzo,202003.0
Noreste,Pollo entero,kg,Año 2020 - Marzo,119.67,2020,Marzo,202003.0
Noreste,Aceite de girasol,"1,5 litros",Año 2020 - Marzo,160.16,2020,Marzo,202003.0
Noreste,Leche fresca entera sachet,Litro,Año 2020 - Marzo,63.71,2020,Marzo,202003.0
Noreste,Huevos de gallina,Docena,Año 2020 - Marzo,89.46,2020,Marzo,202003.0
Noreste,Papa,kg,Año 2020 - Marzo,33.15,2020,Marzo,202003.0
Noreste,Azúcar,kg,Año 2020 - Marzo,63.01,2020,Marzo,202003.0
Noreste,Detergente líquido,750 cc,Año 2020 - Marzo,62.75,2020,Marzo,202003.0
Noreste,Lavandina,1.000 cc,Año 2020 - Marzo,48.53,2020,Marzo,202003.0
Noreste,Jabón de tocador,125 g,Año 2020 - Marzo,40.55,2020,Marzo,202003.0
Noroeste,Pan francés,kg,Año 2020 - Marzo,89.67,2020,Marzo,202003.0
Noroeste,Harina de trigo común,kg,Año 2020 - Marzo,42.29,2020,Marzo,202003.0
Noroeste,Arroz blanco simple,kg,Año 2020 - Marzo,67.72,2020,Marzo,202003.0
Noroeste,Fideos secos tipo guisero,500 g,Año 2020 - Marzo,46.22,2020,Marzo,202003.0
Noroeste,Carne picada común,kg,Año 2020 - Marzo,229.87,2020,Marzo,202003.0
Noroeste,Pollo entero,kg,Año 2020 - Marzo,115.5,2020,Marzo,202003.0
Noroeste,Aceite de girasol,"1,5 litros",Año 2020 - Marzo,155.02,2020,Marzo,202003.0
Noroeste,Leche fresca entera sachet,Litro,Año 2020 - Marzo,60.61,2020,Marzo,202003.0
Noroeste,Huevos de gallina,Docena,Año 2020 - Marzo,90.27,2020,Marzo,202003.0
Noroeste,Papa,kg,Año 2020 - Marzo,28.64,2020,Marzo,202003.0
Noroeste,Azúcar,kg,Año 2020 - Marzo,56.51,2020,Marzo,202003.0
Noroeste,Detergente líquido,750 cc,Año 2020 - Marzo,68.79,2020,Marzo,202003.0
Noroeste,Lavandina,1.000 cc,Año 2020 - Marzo,48.36,2020,Marzo,202003.0
Noroeste,Jabón de tocador,125 g,Año 2020 - Marzo,42.15,2020,Marzo,202003.0
Cuyo,Pan francés,kg,Año 2020 - Marzo,83.71,2020,Marzo,202003.0
Cuyo,Harina de trigo común,kg,Año 2020 - Marzo,42.5,2020,Marzo,202003.0
Cuyo,Arroz blanco simple,kg,Año 2020 - Marzo,70.64,2020,Marzo,202003.0
Cuyo,Fideos secos tipo guisero,500 g,Año 2020 - Marzo,55.03,2020,Marzo,202003.0
Cuyo,Carne picada común,kg,Año 2020 - Marzo,208.61,2020,Marzo,202003.0
Cuyo,Pollo entero,kg,Año 2020 - Marzo,118.59,2020,Marzo,202003.0
Cuyo,Aceite de girasol,"1,5 litros",Año 2020 - Marzo,148.25,2020,Marzo,202003.0
Cuyo,Leche fresca entera sachet,Litro,Año 2020 - Marzo,63.23,2020,Marzo,202003.0
Cuyo,Huevos de gallina,Docena,Año 2020 - Marzo,97.03,2020,Marzo,202003.0
Cuyo,Papa,kg,Año 2020 - Marzo,35.98,2020,Marzo,202003.0
Cuyo,Azúcar,kg,Año 2020 - Marzo,61.05,2020,Marzo,202003.0
Cuyo,Detergente líquido,750 cc,Año 2020 - Marzo,66.53,2020,Marzo,202003.0
Cuyo,Lavandina,1.000 cc,Año 2020 - Marzo,47.78,2020,Marzo,202003.0
Cuyo,Jabón de tocador,125 g,Año 2020 - Marzo,45.2,2020,Marzo,202003.0
Patagonia,Pan francés,kg,Año 2020 - Marzo,115.3,2020,Marzo,202003.0
Patagonia,Harina de trigo común,kg,Año 2020 - Marzo,47.4,2020,Marzo,202003.0
Patagonia,Arroz blanco simple,kg,Año 2020 - Marzo,75,2020,Marzo,202003.0
Patagonia,Fideos secos tipo guisero,500 g,Año 2020 - Marzo,61.78,2020,Marzo,202003.0
Patagonia,Pollo entero,kg,Año 2020 - Marzo,124.97,2020,Marzo,202003.0
Patagonia,Aceite de girasol,"1,5 litros",Año 2020 - Marzo,154.28,2020,Marzo,202003.0
Patagonia,Papa,kg,Año 2020 - Marzo,47.27,2020,Marzo,202003.0
Patagonia,Azúcar,kg,Año 2020 - Marzo,62.52,2020,Marzo,202003.0
GBA,Pan francés,kg,Año 2020 - Abril,116.52,2020,Abril,202004.0
GBA,Harina de trigo común,kg,Año 2020 - Abril,43.7,2020,Abril,202004.0
GBA,Arroz blanco simple,kg,Año 2020 - Abril,70.13,2020,Abril,202004.0
GBA,Fideos secos tipo guisero,500 g,Año 2020 - Abril,59.79,2020,Abril,202004.0
GBA,Carne picada común,kg,Año 2020 - Abril,227.42,2020,Abril,202004.0
GBA,Pollo entero,kg,Año 2020 - Abril,118.37,2020,Abril,202004.0
GBA,Aceite de girasol,"1,5 litros",Año 2020 - Abril,150.03,2020,Abril,202004.0
GBA,Leche fresca entera sachet,Litro,Año 2020 - Abril,54.84,2020,Abril,202004.0
GBA,Huevos de gallina,Docena,Año 2020 - Abril,104.97,2020,Abril,202004.0
GBA,Papa,kg,Año 2020 - Abril,36.65,2020,Abril,202004.0
GBA,Azúcar,kg,Año 2020 - Abril,66.25,2020,Abril,202004.0
GBA,Detergente líquido,750 cc,Año 2020 - Abril,65.82,2020,Abril,202004.0
GBA,Lavandina,1.000 cc,Año 2020 - Abril,49.45,2020,Abril,202004.0
GBA,Jabón de tocador,125 g,Año 2020 - Abril,42.45,2020,Abril,202004.0
Pampeana,Pan francés,kg,Año 2020 - Abril,94.2,2020,Abril,202004.0
Pampeana,Harina de trigo común,kg,Año 2020 - Abril,46.06,2020,Abril,202004.0
Pampeana,Arroz blanco simple,kg,Año 2020 - Abril,73.7,2020,Abril,202004.0
Pampeana,Fideos secos tipo guisero,500 g,Año 2020 - Abril,54.82,2020,Abril,202004.0
Pampeana,Carne picada común,kg,Año 2020 - Abril,237.47,2020,Abril,202004.0
Pampeana,Pollo entero,kg,Año 2020 - Abril,123.6,2020,Abril,202004.0
Pampeana,Aceite de girasol,"1,5 litros",Año 2020 - Abril,160.58,2020,Abril,202004.0
Pampeana,Leche fresca entera sachet,Litro,Año 2020 - Abril,61.36,2020,Abril,202004.0
Pampeana,Huevos de gallina,Docena,Año 2020 - Abril,108.39,2020,Abril,202004.0
Pampeana,Papa,kg,Año 2020 - Abril,38.28,2020,Abril,202004.0
Pampeana,Azúcar,kg,Año 2020 - Abril,65.49,2020,Abril,202004.0
Pampeana,Detergente líquido,750 cc,Año 2020 - Abril,68.0,2020,Abril,202004.0
Pampeana,Lavandina,1.000 cc,Año 2020 - Abril,47.67,2020,Abril,202004.0
Pampeana,Jabón de tocador,125 g,Año 2020 - Abril,42.44,2020,Abril,202004.0
Noreste,Pan francés,kg,Año 2020 - Abril,82.17,2020,Abril,202004.0
Noreste,Harina de trigo común,kg,Año 2020 - Abril,44.4,2020,Abril,202004.0
Noreste,Arroz blanco simple,kg,Año 2020 - Abril,66.75,2020,Abril,202004.0
Noreste,Fideos secos tipo guisero,500 g,Año 2020 - Abril,53.87,2020,Abril,202004.0
Noreste,Carne picada común,kg,Año 2020 - Abril,241.44,2020,Abril,202004.0
Noreste,Pollo entero,kg,Año 2020 - Abril,123.38,2020,Abril,202004.0
Noreste,Aceite de girasol,"1,5 litros",Año 2020 - Abril,168.7,2020,Abril,202004.0
Noreste,Leche fresca entera sachet,Litro,Año 2020 - Abril,64.26,2020,Abril,202004.0
Noreste,Huevos de gallina,Docena,Año 2020 - Abril,93.73,2020,Abril,202004.0
Noreste,Papa,kg,Año 2020 - Abril,39.53,2020,Abril,202004.0
Noreste,Azúcar,kg,Año 2020 - Abril,64.17,2020,Abril,202004.0
Noreste,Detergente líquido,750 cc,Año 2020 - Abril,61.08,2020,Abril,202004.0
Noreste,Lavandina,1.000 cc,Año 2020 - Abril,49.73,2020,Abril,202004.0
Noreste,Jabón de tocador,125 g,Año 2020 - Abril,41.4,2020,Abril,202004.0
Noroeste,Pan francés,kg,Año 2020 - Abril,92.11,2020,Abril,202004.0
Noroeste,Harina de trigo común,kg,Año 2020 - Abril,43.85,2020,Abril,202004.0
Noroeste,Arroz blanco simple,kg,Año 2020 - Abril,71.27,2020,Abril,202004.0
Noroeste,Fideos secos tipo guisero,500 g,Año 2020 - Abril,48.05,2020,Abril,202004.0
Noroeste,Carne picada común,kg,Año 2020 - Abril,240.83,2020,Abril,202004.0
Noroeste,Pollo entero,kg,Año 2020 - Abril,120.05,2020,Abril,202004.0
Noroeste,Aceite de girasol,"1,5 litros",Año 2020 - Abril,158.76,2020,Abril,202004.0
Noroeste,Leche fresca entera sachet,Litro,Año 2020 - Abril,63.4,2020,Abril,202004.0
Noroeste,Huevos de gallina,Docena,Año 2020 - Abril,110.07,2020,Abril,202004.0
Noroeste,Papa,kg,Año 2020 - Abril,34.06,2020,Abril,202004.0
Noroeste,Azúcar,kg,Año 2020 - Abril,59.38,2020,Abril,202004.0
Noroeste,Detergente líquido,750 cc,Año 2020 - Abril,66.54,2020,Abril,202004.0
Noroeste,Lavandina,1.000 cc,Año 2020 - Abril,51.07,2020,Abril,202004.0
Noroeste,Jabón de tocador,125 g,Año 2020 - Abril,42.3,2020,Abril,202004.0
Cuyo,Pan francés,kg,Año 2020 - Abril,85.66,2020,Abril,202004.0
Cuyo,Harina de trigo común,kg,Año 2020 - Abril,42.52,2020,Abril,202004.0
Cuyo,Arroz blanco simple,kg,Año 2020 - Abril,70.31,2020,Abril,202004.0
Cuyo,Fideos secos tipo guisero,500 g,Año 2020 - Abril,56.86,2020,Abril,202004.0
Cuyo,Carne picada común,kg,Año 2020 - Abril,225.04,2020,Abril,202004.0
Cuyo,Pollo entero,kg,Año 2020 - Abril,121.51,2020,Abril,202004.0
Cuyo,Aceite de girasol,"1,5 litros",Año 2020 - Abril,151.07,2020,Abril,202004.0
Cuyo,Leche fresca entera sachet,Litro,Año 2020 - Abril,63.58,2020,Abril,202004.0
Cuyo,Huevos de gallina,Docena,Año 2020 - Abril,110.61,2020,Abril,202004.0
Cuyo,Papa,kg,Año 2020 - Abril,37.06,2020,Abril,202004.0
Cuyo,Azúcar,kg,Año 2020 - Abril,61.94,2020,Abril,202004.0
Cuyo,Detergente líquido,750 cc,Año 2020 - Abril,68.22,2020,Abril,202004.0
Cuyo,Lavandina,1.000 cc,Año 2020 - Abril,51.08,2020,Abril,202004.0
Cuyo,Jabón de tocador,125 g,Año 2020 - Abril,46.19,2020,Abril,202004.0
Patagonia,Pan francés,kg,Año 2020 - Abril,114.77,2020,Abril,202004.0
Patagonia,Harina de trigo común,kg,Año 2020 - Abril,49.92,2020,Abril,202004.0
Patagonia,Arroz blanco simple,kg,Año 2020 - Abril,74.39,2020,Abril,202004.0
Patagonia,Fideos secos tipo guisero,500 g,Año 2020 - Abril,61.42,2020,Abril,202004.0
Patagonia,Carne picada común,kg,Año 2020 - Abril,282.55,2020,Abril,202004.0
Patagonia,Pollo entero,kg,Año 2020 - Abril,122.75,2020,Abril,202004.0
Patagonia,Aceite de girasol,"1,5 litros",Año 2020 - Abril,154.47,2020,Abril,202004.0
Patagonia,Leche fresca entera sachet,Litro,Año 2020 - Abril,62.33,2020,Abril,202004.0
Patagonia,Huevos de gallina,Docena,Año 2020 - Abril,125.06,2020,Abril,202004.0
Patagonia,Papa,kg,Año 2020 - Abril,48.34,2020,Abril,202004.0
Patagonia,Azúcar,kg,Año 2020 - Abril,64.92,2020,Abril,202004.0
Patagonia,Detergente líquido,750 cc,Año 2020 - Abril,112.19,2020,Abril,202004.0
Patagonia,Lavandina,1.000 cc,Año 2020 - Abril,49.7,2020,Abril,202004.0
Patagonia,Jabón de tocador,125 g,Año 2020 - Abril,46.59,2020,Abril,202004.0
GBA,Pan francés,kg,Año 2020 - Mayo,113.97,2020,Mayo,202005.0
GBA,Harina de trigo común,kg,Año 2020 - Mayo,44.22,2020,Mayo,202005.0
GBA,Arroz blanco simple,kg,Año 2020 - Mayo,70.22,2020,Mayo,202005.0
GBA,Fideos secos tipo guisero,500 g,Año 2020 - Mayo,59.1,2020,Mayo,202005.0
GBA,Carne picada común,kg,Año 2020 - Mayo,229.53,2020,Mayo,202005.0
GBA,Pollo entero,kg,Año 2020 - Mayo,111.93,2020,Mayo,202005.0
GBA,Aceite de girasol,"1,5 litros",Año 2020 - Mayo,150.58,2020,Mayo,202005.0
GBA,Leche fresca entera sachet,Litro,Año 2020 - Mayo,54.58,2020,Mayo,202005.0
GBA,Huevos de gallina,Docena,Año 2020 - Mayo,114.06,2020,Mayo,202005.0
GBA,Papa,kg,Año 2020 - Mayo,34.58,2020,Mayo,202005.0
GBA,Azúcar,kg,Año 2020 - Mayo,65.43,2020,Mayo,202005.0
GBA,Detergente líquido,750 cc,Año 2020 - Mayo,67.36,2020,Mayo,202005.0
GBA,Lavandina,1.000 cc,Año 2020 - Mayo,49.63,2020,Mayo,202005.0
GBA,Jabón de tocador,125 g,Año 2020 - Mayo,42.8,2020,Mayo,202005.0
Pampeana,Pan francés,kg,Año 2020 - Mayo,97.47,2020,Mayo,202005.0
Pampeana,Harina de trigo común,kg,Año 2020 - Mayo,48.19,2020,Mayo,202005.0
Pampeana,Arroz blanco simple,kg,Año 2020 - Mayo,75.59,2020,Mayo,202005.0
Pampeana,Fideos secos tipo guisero,500 g,Año 2020 - Mayo,56.03,2020,Mayo,202005.0
Pampeana,Carne picada común,kg,Año 2020 - Mayo,242.31,2020,Mayo,202005.0
Pampeana,Pollo entero,kg,Año 2020 - Mayo,115.12,2020,Mayo,202005.0
Pampeana,Aceite de girasol,"1,5 litros",Año 2020 - Mayo,161.15,2020,Mayo,202005.0
Pampeana,Leche fresca entera sachet,Litro,Año 2020 - Mayo,61.07,2020,Mayo,202005.0
Pampeana,Huevos de gallina,Docena,Año 2020 - Mayo,120.79,2020,Mayo,202005.0
Pampeana,Papa,kg,Año 2020 - Mayo,37.43,2020,Mayo,202005.0
Pampeana,Azúcar,kg,Año 2020 - Mayo,66.05,2020,Mayo,202005.0
Pampeana,Detergente líquido,750 cc,Año 2020 - Mayo,67.72,2020,Mayo,202005.0
Pampeana,Lavandina,1.000 cc,Año 2020 - Mayo,47.13,2020,Mayo,202005.0
Pampeana,Jabón de tocador,125 g,Año 2020 - Mayo,43.55,2020,Mayo,202005.0
Noreste,Pan francés,kg,Año 2020 - Mayo,84.32,2020,Mayo,202005.0
Noreste,Harina de trigo común,kg,Año 2020 - Mayo,45.62,2020,Mayo,202005.0
Noreste,Arroz blanco simple,kg,Año 2020 - Mayo,68.87,2020,Mayo,202005.0
Noreste,Fideos secos tipo guisero,500 g,Año 2020 - Mayo,54.7,2020,Mayo,202005.0
Noreste,Carne picada común,kg,Año 2020 - Mayo,243.06,2020,Mayo,202005.0
Noreste,Pollo entero,kg,Año 2020 - Mayo,116.03,2020,Mayo,202005.0
Noreste,Aceite de girasol,"1,5 litros",Año 2020 - Mayo,163.27,2020,Mayo,202005.0
Noreste,Leche fresca entera sachet,Litro,Año 2020 - Mayo,64.56,2020,Mayo,202005.0
Noreste,Huevos de gallina,Docena,Año 2020 - Mayo,95.1,2020,Mayo,202005.0
Noreste,Papa,kg,Año 2020 - Mayo,38.91,2020,Mayo,202005.0
Noreste,Azúcar,kg,Año 2020 - Mayo,64.37,2020,Mayo,202005.0
Noreste,Detergente líquido,750 cc,Año 2020 - Mayo,66.14,2020,Mayo,202005.0
Noreste,Lavandina,1.000 cc,Año 2020 - Mayo,48.02,2020,Mayo,202005.0
Noreste,Jabón de tocador,125 g,Año 2020 - Mayo,40.03,2020,Mayo,202005.0
Noroeste,Pan francés,kg,Año 2020 - Mayo,92.76,2020,Mayo,202005.0
Noroeste,Harina de trigo común,kg,Año 2020 - Mayo,45.28,2020,Mayo,202005.0
Noroeste,Arroz blanco simple,kg,Año 2020 - Mayo,71.15,2020,Mayo,202005.0
Noroeste,Fideos secos tipo guisero,500 g,Año 2020 - Mayo,48.14,2020,Mayo,202005.0
Noroeste,Carne picada común,kg,Año 2020 - Mayo,243.15,2020,Mayo,202005.0
Noroeste,Pollo entero,kg,Año 2020 - Mayo,113.65,2020,Mayo,202005.0
Noroeste,Aceite de girasol,"1,5 litros",Año 2020 - Mayo,161.02,2020,Mayo,202005.0
Noroeste,Leche fresca entera sachet,Litro,Año 2020 - Mayo,63.83,2020,Mayo,202005.0
Noroeste,Huevos de gallina,Docena,Año 2020 - Mayo,112.38,2020,Mayo,202005.0
Noroeste,Papa,kg,Año 2020 - Mayo,32.39,2020,Mayo,202005.0
Noroeste,Azúcar,kg,Año 2020 - Mayo,59.51,2020,Mayo,202005.0
Noroeste,Detergente líquido,750 cc,Año 2020 - Mayo,67.02,2020,Mayo,202005.0
Noroeste,Lavandina,1.000 cc,Año 2020 - Mayo,51.51,2020,Mayo,202005.0
Noroeste,Jabón de tocador,125 g,Año 2020 - Mayo,42.8,2020,Mayo,202005.0
Cuyo,Pan francés,kg,Año 2020 - Mayo,86.34,2020,Mayo,202005.0
Cuyo,Harina de trigo común,kg,Año 2020 - Mayo,43.17,2020,Mayo,202005.0
Cuyo,Arroz blanco simple,kg,Año 2020 - Mayo,69.09,2020,Mayo,202005.0
Cuyo,Fideos secos tipo guisero,500 g,Año 2020 - Mayo,54.04,2020,Mayo,202005.0
Cuyo,Carne picada común,kg,Año 2020 - Mayo,222.3,2020,Mayo,202005.0
Cuyo,Pollo entero,kg,Año 2020 - Mayo,114.43,2020,Mayo,202005.0
Cuyo,Aceite de girasol,"1,5 litros",Año 2020 - Mayo,152.31,2020,Mayo,202005.0
Cuyo,Leche fresca entera sachet,Litro,Año 2020 - Mayo,63.92,2020,Mayo,202005.0
Cuyo,Huevos de gallina,Docena,Año 2020 - Mayo,115.59,2020,Mayo,202005.0
Cuyo,Papa,kg,Año 2020 - Mayo,34.79,2020,Mayo,202005.0
Cuyo,Azúcar,kg,Año 2020 - Mayo,61.26,2020,Mayo,202005.0
Cuyo,Detergente líquido,750 cc,Año 2020 - Mayo,68.05,2020,Mayo,202005.0
Cuyo,Lavandina,1.000 cc,Año 2020 - Mayo,50.2,2020,Mayo,202005.0
Cuyo,Jabón de tocador,125 g,Año 2020 - Mayo,45.45,2020,Mayo,202005.0
Patagonia,Pan francés,kg,Año 2020 - Mayo,116.1,2020,Mayo,202005.0
Patagonia,Harina de trigo común,kg,Año 2020 - Mayo,48.68,2020,Mayo,202005.0
Patagonia,Arroz blanco simple,kg,Año 2020 - Mayo,78.29,2020,Mayo,202005.0
Patagonia,Fideos secos tipo guisero,500 g,Año 2020 - Mayo,63.8,2020,Mayo,202005.0
Patagonia,Carne picada común,kg,Año 2020 - Mayo,275.3,2020,Mayo,202005.0
Patagonia,Pollo entero,kg,Año 2020 - Mayo,124.22,2020,Mayo,202005.0
Patagonia,Aceite de girasol,"1,5 litros",Año 2020 - Mayo,156.18,2020,Mayo,202005.0
Patagonia,Leche fresca entera sachet,Litro,Año 2020 - Mayo,62.06,2020,Mayo,202005.0
Patagonia,Huevos de gallina,Docena,Año 2020 - Mayo,128.18,2020,Mayo,202005.0
Patagonia,Papa,kg,Año 2020 - Mayo,47.08,2020,Mayo,202005.0
Patagonia,Azúcar,kg,Año 2020 - Mayo,66.56,2020,Mayo,202005.0
Patagonia,Detergente líquido,750 cc,Año 2020 - Mayo,112.81,2020,Mayo,202005.0
Patagonia,Lavandina,1.000 cc,Año 2020 - Mayo,49.46,2020,Mayo,202005.0
Patagonia,Jabón de tocador,125 g,Año 2020 - Mayo,48.8,2020,Mayo,202005.0
GBA,Pan francés,kg,Año 2020 - Junio,116.46,2020,Junio,202006.0
GBA,Harina de trigo común,kg,Año 2020 - Junio,44.41,2020,Junio,202006.0
GBA,Arroz blanco simple,kg,Año 2020 - Junio,72.56,2020,Junio,202006.0
GBA,Fideos secos tipo guisero,500 g,Año 2020 - Junio,58.07,2020,Junio,202006.0
GBA,Carne picada común,kg,Año 2020 - Junio,230.34,2020,Junio,202006.0
GBA,Pollo entero,kg,Año 2020 - Junio,111.67,2020,Junio,202006.0
GBA,Aceite de girasol,"1,5 litros",Año 2020 - Junio,149.68,2020,Junio,202006.0
GBA,Leche fresca entera sachet,Litro,Año 2020 - Junio,54.87,2020,Junio,202006.0
GBA,Huevos de gallina,Docena,Año 2020 - Junio,115.52,2020,Junio,202006.0
GBA,Papa,kg,Año 2020 - Junio,33.85,2020,Junio,202006.0
GBA,Azúcar,kg,Año 2020 - Junio,65.75,2020,Junio,202006.0
GBA,Detergente líquido,750 cc,Año 2020 - Junio,67.37,2020,Junio,202006.0
GBA,Lavandina,1.000 cc,Año 2020 - Junio,52.14,2020,Junio,202006.0
GBA,Jabón de tocador,125 g,Año 2020 - Junio,42.36,2020,Junio,202006.0
Pampeana,Pan francés,kg,Año 2020 - Junio,97.58,2020,Junio,202006.0
Pampeana,Harina de trigo común,kg,Año 2020 - Junio,48.53,2020,Junio,202006.0
Pampeana,Arroz blanco simple,kg,Año 2020 - Junio,76.28,2020,Junio,202006.0
Pampeana,Fideos secos tipo guisero,500 g,Año 2020 - Junio,56.21,2020,Junio,202006.0
Pampeana,Carne picada común,kg,Año 2020 - Junio,242.84,2020,Junio,202006.0
Pampeana,Pollo entero,kg,Año 2020 - Junio,116.37,2020,Junio,202006.0
Pampeana,Aceite de girasol,"1,5 litros",Año 2020 - Junio,164.03,2020,Junio,202006.0
Pampeana,Leche fresca entera sachet,Litro,Año 2020 - Junio,61.43,2020,Junio,202006.0
Pampeana,Huevos de gallina,Docena,Año 2020 - Junio,126.18,2020,Junio,202006.0
Pampeana,Papa,kg,Año 2020 - Junio,34.77,2020,Junio,202006.0
Pampeana,Azúcar,kg,Año 2020 - Junio,66.77,2020,Junio,202006.0
Pampeana,Detergente líquido,750 cc,Año 2020 - Junio,68.27,2020,Junio,202006.0
Pampeana,Lavandina,1.000 cc,Año 2020 - Junio,48.32,2020,Junio,202006.0
Pampeana,Jabón de tocador,125 g,Año 2020 - Junio,43.45,2020,Junio,202006.0
Noreste,Pan francés,kg,Año 2020 - Junio,85.4,2020,Junio,202006.0
Noreste,Harina de trigo común,kg,Año 2020 - Junio,46.12,2020,Junio,202006.0
Noreste,Arroz blanco simple,kg,Año 2020 - Junio,79.08,2020,Junio,202006.0
Noreste,Fideos secos tipo guisero,500 g,Año 2020 - Junio,50.96,2020,Junio,202006.0
Noreste,Carne picada común,kg,Año 2020 - Junio,244.91,2020,Junio,202006.0
Noreste,Pollo entero,kg,Año 2020 - Junio,114.66,2020,Junio,202006.0
Noreste,Aceite de girasol,"1,5 litros",Año 2020 - Junio,167.09,2020,Junio,202006.0
Noreste,Leche fresca entera sachet,Litro,Año 2020 - Junio,62.45,2020,Junio,202006.0
Noreste,Huevos de gallina,Docena,Año 2020 - Junio,110.81,2020,Junio,202006.0
Noreste,Papa,kg,Año 2020 - Junio,38.52,2020,Junio,202006.0
Noreste,Azúcar,kg,Año 2020 - Junio,64.08,2020,Junio,202006.0
Noreste,Detergente líquido,750 cc,Año 2020 - Junio,68.46,2020,Junio,202006.0
Noreste,Lavandina,1.000 cc,Año 2020 - Junio,53.95,2020,Junio,202006.0
Noreste,Jabón de tocador,125 g,Año 2020 - Junio,41.7,2020,Junio,202006.0
Noroeste,Pan francés,kg,Año 2020 - Junio,94.61,2020,Junio,202006.0
Noroeste,Harina de trigo común,kg,Año 2020 - Junio,45.79,2020,Junio,202006.0
Noroeste,Arroz blanco simple,kg,Año 2020 - Junio,73.5,2020,Junio,202006.0
Noroeste,Fideos secos tipo guisero,500 g,Año 2020 - Junio,50.52,2020,Junio,202006.0
Noroeste,Carne picada común,kg,Año 2020 - Junio,247.19,2020,Junio,202006.0
Noroeste,Pollo entero,kg,Año 2020 - Junio,108.4,2020,Junio,202006.0
Noroeste,Aceite de girasol,"1,5 litros",Año 2020 - Junio,162.36,2020,Junio,202006.0
Noroeste,Leche fresca entera sachet,Litro,Año 2020 - Junio,62.75,2020,Junio,202006.0
Noroeste,Huevos de gallina,Docena,Año 2020 - Junio,123.19,2020,Junio,202006.0
Noroeste,Papa,kg,Año 2020 - Junio,29.8,2020,Junio,202006.0
Noroeste,Azúcar,kg,Año 2020 - Junio,60.22,2020,Junio,202006.0
Noroeste,Detergente líquido,750 cc,Año 2020 - Junio,68.49,2020,Junio,202006.0
Noroeste,Lavandina,1.000 cc,Año 2020 - Junio,50.9,2020,Junio,202006.0
Noroeste,Jabón de tocador,125 g,Año 2020 - Junio,42.86,2020,Junio,202006.0
Cuyo,Pan francés,kg,Año 2020 - Junio,87.39,2020,Junio,202006.0
Cuyo,Harina de trigo común,kg,Año 2020 - Junio,47.44,2020,Junio,202006.0
Cuyo,Arroz blanco simple,kg,Año 2020 - Junio,79.18,2020,Junio,202006.0
Cuyo,Fideos secos tipo guisero,500 g,Año 2020 - Junio,56.17,2020,Junio,202006.0
Cuyo,Carne picada común,kg,Año 2020 - Junio,223.57,2020,Junio,202006.0
Cuyo,Pollo entero,kg,Año 2020 - Junio,116.52,2020,Junio,202006.0
Cuyo,Aceite de girasol,"1,5 litros",Año 2020 - Junio,151.08,2020,Junio,202006.0
Cuyo,Leche fresca entera sachet,Litro,Año 2020 - Junio,63.31,2020,Junio,202006.0
Cuyo,Huevos de gallina,Docena,Año 2020 - Junio,120.93,2020,Junio,202006.0
Cuyo,Papa,kg,Año 2020 - Junio,34.9,2020,Junio,202006.0
Cuyo,Azúcar,kg,Año 2020 - Junio,62.49,2020,Junio,202006.0
Cuyo,Detergente líquido,750 cc,Año 2020 - Junio,69.03,2020,Junio,202006.0
Cuyo,Lavandina,1.000 cc,Año 2020 - Junio,48.33,2020,Junio,202006.0
Cuyo,Jabón de tocador,125 g,Año 2020 - Junio,45.14,2020,Junio,202006.0
Patagonia,Pan francés,kg,Año 2020 - Junio,120.49,2020,Junio,202006.0
Patagonia,Harina de trigo común,kg,Año 2020 - Junio,50.32,2020,Junio,202006.0
Patagonia,Arroz blanco simple,kg,Año 2020 - Junio,79.9,2020,Junio,202006.0
Patagonia,Fideos secos tipo guisero,500 g,Año 2020 - Junio,61.86,2020,Junio,202006.0
Patagonia,Carne picada común,kg,Año 2020 - Junio,276.3,2020,Junio,202006.0
Patagonia,Pollo entero,kg,Año 2020 - Junio,121.29,2020,Junio,202006.0
Patagonia,Aceite de girasol,"1,5 litros",Año 2020 - Junio,157.11,2020,Junio,202006.0
Patagonia,Leche fresca entera sachet,Litro,Año 2020 - Junio,62.29,2020,Junio,202006.0
Patagonia,Huevos de gallina,Docena,Año 2020 - Junio,134.95,2020,Junio,202006.0
Patagonia,Papa,kg,Año 2020 - Junio,46.52,2020,Junio,202006.0
Patagonia,Azúcar,kg,Año 2020 - Junio,66.58,2020,Junio,202006.0
Patagonia,Detergente líquido,750 cc,Año 2020 - Junio,115.53,2020,Junio,202006.0
Patagonia,Lavandina,1.000 cc,Año 2020 - Junio,50.79,2020,Junio,202006.0
Patagonia,Jabón de tocador,125 g,Año 2020 - Junio,48.4,2020,Junio,202006.0
GBA,Pan francés,kg,Año 2020 - Julio,116.71,2020,Julio,202007.0
GBA,Harina de trigo común,kg,Año 2020 - Julio,45.62,2020,Julio,202007.0
GBA,Arroz blanco simple,kg,Año 2020 - Julio,73.25,2020,Julio,202007.0
GBA,Fideos secos tipo guisero,500 g,Año 2020 - Julio,59.54,2020,Julio,202007.0
GBA,Carne picada común,kg,Año 2020 - Julio,235.95,2020,Julio,202007.0
GBA,Pollo entero,kg,Año 2020 - Julio,114.78,2020,Julio,202007.0
GBA,Aceite de girasol,"1,5 litros",Año 2020 - Julio,153.39,2020,Julio,202007.0
GBA,Leche fresca entera sachet,Litro,Año 2020 - Julio,55.89,2020,Julio,202007.0
GBA,Huevos de gallina,Docena,Año 2020 - Julio,121.3,2020,Julio,202007.0
GBA,Papa,kg,Año 2020 - Julio,36.48,2020,Julio,202007.0
GBA,Azúcar,kg,Año 2020 - Julio,64.33,2020,Julio,202007.0
GBA,Detergente líquido,750 cc,Año 2020 - Julio,68.13,2020,Julio,202007.0
GBA,Lavandina,1.000 cc,Año 2020 - Julio,52.9,2020,Julio,202007.0
GBA,Jabón de tocador,125 g,Año 2020 - Julio,42.71,2020,Julio,202007.0
Pampeana,Pan francés,kg,Año 2020 - Julio,98.76,2020,Julio,202007.0
Pampeana,Harina de trigo común,kg,Año 2020 - Julio,49.78,2020,Julio,202007.0
Pampeana,Arroz blanco simple,kg,Año 2020 - Julio,78.65,2020,Julio,202007.0
Pampeana,Fideos secos tipo guisero,500 g,Año 2020 - Julio,57.68,2020,Julio,202007.0
Pampeana,Carne picada común,kg,Año 2020 - Julio,248.16,2020,Julio,202007.0
Pampeana,Pollo entero,kg,Año 2020 - Julio,118.82,2020,Julio,202007.0
Pampeana,Aceite de girasol,"1,5 litros",Año 2020 - Julio,166.49,2020,Julio,202007.0
Pampeana,Leche fresca entera sachet,Litro,Año 2020 - Julio,61.61,2020,Julio,202007.0
Pampeana,Huevos de gallina,Docena,Año 2020 - Julio,130.5,2020,Julio,202007.0
Pampeana,Papa,kg,Año 2020 - Julio,36.11,2020,Julio,202007.0
Pampeana,Azúcar,kg,Año 2020 - Julio,66.46,2020,Julio,202007.0
Pampeana,Detergente líquido,750 cc,Año 2020 - Julio,69.46,2020,Julio,202007.0
Pampeana,Lavandina,1.000 cc,Año 2020 - Julio,49.03,2020,Julio,202007.0
Pampeana,Jabón de tocador,125 g,Año 2020 - Julio,43.73,2020,Julio,202007.0
Noreste,Pan francés,kg,Año 2020 - Julio,86.74,2020,Julio,202007.0
Noreste,Harina de trigo común,kg,Año 2020 - Julio,48.96,2020,Julio,202007.0
Noreste,Arroz blanco simple,kg,Año 2020 - Julio,82.51,2020,Julio,202007.0
Noreste,Fideos secos tipo guisero,500 g,Año 2020 - Julio,51.69,2020,Julio,202007.0
Noreste,Carne picada común,kg,Año 2020 - Julio,245.4,2020,Julio,202007.0
Noreste,Pollo entero,kg,Año 2020 - Julio,114.44,2020,Julio,202007.0
Noreste,Aceite de girasol,"1,5 litros",Año 2020 - Julio,175.12,2020,Julio,202007.0
Noreste,Leche fresca entera sachet,Litro,Año 2020 - Julio,63.8,2020,Julio,202007.0
Noreste,Huevos de gallina,Docena,Año 2020 - Julio,118.08,2020,Julio,202007.0
Noreste,Papa,kg,Año 2020 - Julio,38.75,2020,Julio,202007.0
Noreste,Azúcar,kg,Año 2020 - Julio,63.85,2020,Julio,202007.0
Noreste,Detergente líquido,750 cc,Año 2020 - Julio,68.28,2020,Julio,202007.0
Noreste,Lavandina,1.000 cc,Año 2020 - Julio,54.35,2020,Julio,202007.0
Noreste,Jabón de tocador,125 g,Año 2020 - Julio,42.75,2020,Julio,202007.0
Noroeste,Pan francés,kg,Año 2020 - Julio,95.39,2020,Julio,202007.0
Noroeste,Harina de trigo común,kg,Año 2020 - Julio,46.79,2020,Julio,202007.0
Noroeste,Arroz blanco simple,kg,Año 2020 - Julio,75.83,2020,Julio,202007.0
Noroeste,Fideos secos tipo guisero,500 g,Año 2020 - Julio,49.36,2020,Julio,202007.0
Noroeste,Carne picada común,kg,Año 2020 - Julio,247.15,2020,Julio,202007.0
Noroeste,Pollo entero,kg,Año 2020 - Julio,107.85,2020,Julio,202007.0
Noroeste,Aceite de girasol,"1,5 litros",Año 2020 - Julio,164.24,2020,Julio,202007.0
Noroeste,Leche fresca entera sachet,Litro,Año 2020 - Julio,63.13,2020,Julio,202007.0
Noroeste,Huevos de gallina,Docena,Año 2020 - Julio,124.46,2020,Julio,202007.0
Noroeste,Papa,kg,Año 2020 - Julio,30.43,2020,Julio,202007.0
Noroeste,Azúcar,kg,Año 2020 - Julio,59.91,2020,Julio,202007.0
Noroeste,Detergente líquido,750 cc,Año 2020 - Julio,70.57,2020,Julio,202007.0
Noroeste,Lavandina,1.000 cc,Año 2020 - Julio,51.96,2020,Julio,202007.0
Noroeste,Jabón de tocador,125 g,Año 2020 - Julio,43.41,2020,Julio,202007.0
Cuyo,Pan francés,kg,Año 2020 - Julio,87.37,2020,Julio,202007.0
Cuyo,Harina de trigo común,kg,Año 2020 - Julio,47.12,2020,Julio,202007.0
Cuyo,Arroz blanco simple,kg,Año 2020 - Julio,82.93,2020,Julio,202007.0
Cuyo,Fideos secos tipo guisero,500 g,Año 2020 - Julio,56.09,2020,Julio,202007.0
Cuyo,Carne picada común,kg,Año 2020 - Julio,226.75,2020,Julio,202007.0
Cuyo,Pollo entero,kg,Año 2020 - Julio,113.16,2020,Julio,202007.0
Cuyo,Aceite de girasol,"1,5 litros",Año 2020 - Julio,155.74,2020,Julio,202007.0
Cuyo,Leche fresca entera sachet,Litro,Año 2020 - Julio,63.95,2020,Julio,202007.0
Cuyo,Huevos de gallina,Docena,Año 2020 - Julio,127.09,2020,Julio,202007.0
Cuyo,Papa,kg,Año 2020 - Julio,36.56,2020,Julio,202007.0
Cuyo,Azúcar,kg,Año 2020 - Julio,63.21,2020,Julio,202007.0
Cuyo,Detergente líquido,750 cc,Año 2020 - Julio,69.31,2020,Julio,202007.0
Cuyo,Lavandina,1.000 cc,Año 2020 - Julio,49.61,2020,Julio,202007.0
Cuyo,Jabón de tocador,125 g,Año 2020 - Julio,45.22,2020,Julio,202007.0
Patagonia,Pan francés,kg,Año 2020 - Julio,120.68,2020,Julio,202007.0
Patagonia,Harina de trigo común,kg,Año 2020 - Julio,50.85,2020,Julio,202007.0
Patagonia,Arroz blanco simple,kg,Año 2020 - Julio,79.57,2020,Julio,202007.0
Patagonia,Fideos secos tipo guisero,500 g,Año 2020 - Julio,63.18,2020,Julio,202007.0
Patagonia,Carne picada común,kg,Año 2020 - Julio,300.76,2020,Julio,202007.0
Patagonia,Pollo entero,kg,Año 2020 - Julio,124.28,2020,Julio,202007.0
Patagonia,Aceite de girasol,"1,5 litros",Año 2020 - Julio,161.0,2020,Julio,202007.0
Patagonia,Leche fresca entera sachet,Litro,Año 2020 - Julio,63.11,2020,Julio,202007.0
Patagonia,Huevos de gallina,Docena,Año 2020 - Julio,140.8,2020,Julio,202007.0
Patagonia,Papa,kg,Año 2020 - Julio,47.73,2020,Julio,202007.0
Patagonia,Azúcar,kg,Año 2020 - Julio,66.89,2020,Julio,202007.0
Patagonia,Detergente líquido,750 cc,Año 2020 - Julio,114.35,2020,Julio,202007.0
Patagonia,Lavandina,1.000 cc,Año 2020 - Julio,51.03,2020,Julio,202007.0
Patagonia,Jabón de tocador,125 g,Año 2020 - Julio,49.0,2020,Julio,202007.0
GBA,Pan francés,kg,Año 2020 - Agosto,116.91,2020,Agosto,202008.0
GBA,Harina de trigo común,kg,Año 2020 - Agosto,46.04,2020,Agosto,202008.0
GBA,Arroz blanco simple,kg,Año 2020 - Agosto,73.8,2020,Agosto,202008.0
GBA,Fideos secos tipo guisero,500 g,Año 2020 - Agosto,60.08,2020,Agosto,202008.0
GBA,Carne picada común,kg,Año 2020 - Agosto,247.99,2020,Agosto,202008.0
GBA,Pollo entero,kg,Año 2020 - Agosto,119.25,2020,Agosto,202008.0
GBA,Aceite de girasol,"1,5 litros",Año 2020 - Agosto,153.93,2020,Agosto,202008.0
GBA,Leche fresca entera sachet,Litro,Año 2020 - Agosto,56.0,2020,Agosto,202008.0
GBA,Huevos de gallina,Docena,Año 2020 - Agosto,123.35,2020,Agosto,202008.0
GBA,Papa,kg,Año 2020 - Agosto,38.04,2020,Agosto,202008.0
GBA,Azúcar,kg,Año 2020 - Agosto,62.97,2020,Agosto,202008.0
GBA,Detergente líquido,750 cc,Año 2020 - Agosto,69.4,2020,Agosto,202008.0
GBA,Lavandina,1.000 cc,Año 2020 - Agosto,52.61,2020,Agosto,202008.0
GBA,Jabón de tocador,125 g,Año 2020 - Agosto,44.05,2020,Agosto,202008.0
Pampeana,Pan francés,kg,Año 2020 - Agosto,100.61,2020,Agosto,202008.0
Pampeana,Harina de trigo común,kg,Año 2020 - Agosto,50.0,2020,Agosto,202008.0
Pampeana,Arroz blanco simple,kg,Año 2020 - Agosto,81.78,2020,Agosto,202008.0
Pampeana,Fideos secos tipo guisero,500 g,Año 2020 - Agosto,58.51,2020,Agosto,202008.0
Pampeana,Carne picada común,kg,Año 2020 - Agosto,258.17,2020,Agosto,202008.0
Pampeana,Pollo entero,kg,Año 2020 - Agosto,125.2,2020,Agosto,202008.0
Pampeana,Aceite de girasol,"1,5 litros",Año 2020 - Agosto,170.44,2020,Agosto,202008.0
Pampeana,Leche fresca entera sachet,Litro,Año 2020 - Agosto,62.64,2020,Agosto,202008.0
Pampeana,Huevos de gallina,Docena,Año 2020 - Agosto,132.42,2020,Agosto,202008.0
Pampeana,Papa,kg,Año 2020 - Agosto,35.88,2020,Agosto,202008.0
Pampeana,Azúcar,kg,Año 2020 - Agosto,67.03,2020,Agosto,202008.0
Pampeana,Detergente líquido,750 cc,Año 2020 - Agosto,70.72,2020,Agosto,202008.0
Pampeana,Lavandina,1.000 cc,Año 2020 - Agosto,49.33,2020,Agosto,202008.0
Pampeana,Jabón de tocador,125 g,Año 2020 - Agosto,44.66,2020,Agosto,202008.0
Noreste,Pan francés,kg,Año 2020 - Agosto,88.78,2020,Agosto,202008.0
Noreste,Harina de trigo común,kg,Año 2020 - Agosto,50.05,2020,Agosto,202008.0
Noreste,Arroz blanco simple,kg,Año 2020 - Agosto,84.51,2020,Agosto,202008.0
Noreste,Fideos secos tipo guisero,500 g,Año 2020 - Agosto,53.73,2020,Agosto,202008.0
Noreste,Carne picada común,kg,Año 2020 - Agosto,253.45,2020,Agosto,202008.0
Noreste,Pollo entero,kg,Año 2020 - Agosto,116.57,2020,Agosto,202008.0
Noreste,Aceite de girasol,"1,5 litros",Año 2020 - Agosto,175.28,2020,Agosto,202008.0
Noreste,Leche fresca entera sachet,Litro,Año 2020 - Agosto,65.11,2020,Agosto,202008.0
Noreste,Huevos de gallina,Docena,Año 2020 - Agosto,119.0,2020,Agosto,202008.0
Noreste,Papa,kg,Año 2020 - Agosto,39.76,2020,Agosto,202008.0
Noreste,Azúcar,kg,Año 2020 - Agosto,65.66,2020,Agosto,202008.0
Noreste,Detergente líquido,750 cc,Año 2020 - Agosto,69.16,2020,Agosto,202008.0
Noreste,Lavandina,1.000 cc,Año 2020 - Agosto,54.22,2020,Agosto,202008.0
Noreste,Jabón de tocador,125 g,Año 2020 - Agosto,44.18,2020,Agosto,202008.0
Noroeste,Pan francés,kg,Año 2020 - Agosto,95.69,2020,Agosto,202008.0
Noroeste,Harina de trigo común,kg,Año 2020 - Agosto,48.34,2020,Agosto,202008.0
Noroeste,Arroz blanco simple,kg,Año 2020 - Agosto,79.28,2020,Agosto,202008.0
Noroeste,Fideos secos tipo guisero,500 g,Año 2020 - Agosto,49.6,2020,Agosto,202008.0
Noroeste,Carne picada común,kg,Año 2020 - Agosto,255.99,2020,Agosto,202008.0
Noroeste,Pollo entero,kg,Año 2020 - Agosto,113.79,2020,Agosto,202008.0
Noroeste,Aceite de girasol,"1,5 litros",Año 2020 - Agosto,170.61,2020,Agosto,202008.0
Noroeste,Leche fresca entera sachet,Litro,Año 2020 - Agosto,63.72,2020,Agosto,202008.0
Noroeste,Huevos de gallina,Docena,Año 2020 - Agosto,124.22,2020,Agosto,202008.0
Noroeste,Papa,kg,Año 2020 - Agosto,30.29,2020,Agosto,202008.0
Noroeste,Azúcar,kg,Año 2020 - Agosto,60.84,2020,Agosto,202008.0
Noroeste,Detergente líquido,750 cc,Año 2020 - Agosto,71.22,2020,Agosto,202008.0
Noroeste,Lavandina,1.000 cc,Año 2020 - Agosto,52.77,2020,Agosto,202008.0
Noroeste,Jabón de tocador,125 g,Año 2020 - Agosto,44.54,2020,Agosto,202008.0
Cuyo,Pan francés,kg,Año 2020 - Agosto,87.32,2020,Agosto,202008.0
Cuyo,Harina de trigo común,kg,Año 2020 - Agosto,47.74,2020,Agosto,202008.0
Cuyo,Arroz blanco simple,kg,Año 2020 - Agosto,85.08,2020,Agosto,202008.0
Cuyo,Fideos secos tipo guisero,500 g,Año 2020 - Agosto,57.34,2020,Agosto,202008.0
Cuyo,Carne picada común,kg,Año 2020 - Agosto,232.45,2020,Agosto,202008.0
Cuyo,Pollo entero,kg,Año 2020 - Agosto,120.24,2020,Agosto,202008.0
Cuyo,Aceite de girasol,"1,5 litros",Año 2020 - Agosto,163.94,2020,Agosto,202008.0
Cuyo,Leche fresca entera sachet,Litro,Año 2020 - Agosto,65.08,2020,Agosto,202008.0
Cuyo,Huevos de gallina,Docena,Año 2020 - Agosto,130.26,2020,Agosto,202008.0
Cuyo,Papa,kg,Año 2020 - Agosto,36.12,2020,Agosto,202008.0
Cuyo,Azúcar,kg,Año 2020 - Agosto,63.79,2020,Agosto,202008.0
Cuyo,Detergente líquido,750 cc,Año 2020 - Agosto,70.75,2020,Agosto,202008.0
Cuyo,Lavandina,1.000 cc,Año 2020 - Agosto,50.0,2020,Agosto,202008.0
Cuyo,Jabón de tocador,125 g,Año 2020 - Agosto,46.54,2020,Agosto,202008.0
Patagonia,Pan francés,kg,Año 2020 - Agosto,123.88,2020,Agosto,202008.0
Patagonia,Harina de trigo común,kg,Año 2020 - Agosto,51.96,2020,Agosto,202008.0
Patagonia,Arroz blanco simple,kg,Año 2020 - Agosto,82.2,2020,Agosto,202008.0
Patagonia,Fideos secos tipo guisero,500 g,Año 2020 - Agosto,66.56,2020,Agosto,202008.0
Patagonia,Carne picada común,kg,Año 2020 - Agosto,320.63,2020,Agosto,202008.0
Patagonia,Pollo entero,kg,Año 2020 - Agosto,126.75,2020,Agosto,202008.0
Patagonia,Aceite de girasol,"1,5 litros",Año 2020 - Agosto,168.95,2020,Agosto,202008.0
Patagonia,Leche fresca entera sachet,Litro,Año 2020 - Agosto,64.35,2020,Agosto,202008.0
Patagonia,Huevos de gallina,Docena,Año 2020 - Agosto,144.13,2020,Agosto,202008.0
Patagonia,Papa,kg,Año 2020 - Agosto,47.99,2020,Agosto,202008.0
Patagonia,Azúcar,kg,Año 2020 - Agosto,68.67,2020,Agosto,202008.0
Patagonia,Detergente líquido,750 cc,Año 2020 - Agosto,115.75,2020,Agosto,202008.0
Patagonia,Lavandina,1.000 cc,Año 2020 - Agosto,52.63,2020,Agosto,202008.0
Patagonia,Jabón de tocador,125 g,Año 2020 - Agosto,49.96,2020,Agosto,202008.0
GBA,Pan francés,kg,Año 2020 - Septiembre,127.31,2020,Septiembre,202009.0
GBA,Harina de trigo común,kg,Año 2020 - Septiembre,46.12,2020,Septiembre,202009.0
GBA,Arroz blanco simple,kg,Año 2020 - Septiembre,75.75,2020,Septiembre,202009.0
GBA,Fideos secos tipo guisero,500 g,Año 2020 - Septiembre,60.37,2020,Septiembre,202009.0
GBA,Carne picada común,kg,Año 2020 - Septiembre,248.81,2020,Septiembre,202009.0
GBA,Pollo entero,kg,Año 2020 - Septiembre,122.1,2020,Septiembre,202009.0
GBA,Aceite de girasol,"1,5 litros",Año 2020 - Septiembre,157.02,2020,Septiembre,202009.0
GBA,Leche fresca entera sachet,Litro,Año 2020 - Septiembre,55.94,2020,Septiembre,202009.0
GBA,Huevos de gallina,Docena,Año 2020 - Septiembre,123.98,2020,Septiembre,202009.0
GBA,Papa,kg,Año 2020 - Septiembre,36.68,2020,Septiembre,202009.0
GBA,Azúcar,kg,Año 2020 - Septiembre,64.01,2020,Septiembre,202009.0
GBA,Detergente líquido,750 cc,Año 2020 - Septiembre,69.03,2020,Septiembre,202009.0
GBA,Lavandina,1.000 cc,Año 2020 - Septiembre,53.67,2020,Septiembre,202009.0
GBA,Jabón de tocador,125 g,Año 2020 - Septiembre,45.12,2020,Septiembre,202009.0
Pampeana,Pan francés,kg,Año 2020 - Septiembre,102.44,2020,Septiembre,202009.0
Pampeana,Harina de trigo común,kg,Año 2020 - Septiembre,49.77,2020,Septiembre,202009.0
Pampeana,Arroz blanco simple,kg,Año 2020 - Septiembre,84.47,2020,Septiembre,202009.0
Pampeana,Fideos secos tipo guisero,500 g,Año 2020 - Septiembre,59.09,2020,Septiembre,202009.0
Pampeana,Carne picada común,kg,Año 2020 - Septiembre,262.15,2020,Septiembre,202009.0
Pampeana,Pollo entero,kg,Año 2020 - Septiembre,130.09,2020,Septiembre,202009.0
Pampeana,Aceite de girasol,"1,5 litros",Año 2020 - Septiembre,172.37,2020,Septiembre,202009.0
Pampeana,Leche fresca entera sachet,Litro,Año 2020 - Septiembre,62.77,2020,Septiembre,202009.0
Pampeana,Huevos de gallina,Docena,Año 2020 - Septiembre,133.95,2020,Septiembre,202009.0
Pampeana,Papa,kg,Año 2020 - Septiembre,36.29,2020,Septiembre,202009.0
Pampeana,Azúcar,kg,Año 2020 - Septiembre,67.38,2020,Septiembre,202009.0
Pampeana,Detergente líquido,750 cc,Año 2020 - Septiembre,70.87,2020,Septiembre,202009.0
Pampeana,Lavandina,1.000 cc,Año 2020 - Septiembre,49.87,2020,Septiembre,202009.0
Pampeana,Jabón de tocador,125 g,Año 2020 - Septiembre,45.36,2020,Septiembre,202009.0
Noreste,Pan francés,kg,Año 2020 - Septiembre,89.45,2020,Septiembre,202009.0
Noreste,Harina de trigo común,kg,Año 2020 - Septiembre,50.59,2020,Septiembre,202009.0
Noreste,Arroz blanco simple,kg,Año 2020 - Septiembre,86.52,2020,Septiembre,202009.0
Noreste,Fideos secos tipo guisero,500 g,Año 2020 - Septiembre,52.76,2020,Septiembre,202009.0
Noreste,Carne picada común,kg,Año 2020 - Septiembre,267.59,2020,Septiembre,202009.0
Noreste,Pollo entero,kg,Año 2020 - Septiembre,123.99,2020,Septiembre,202009.0
Noreste,Aceite de girasol,"1,5 litros",Año 2020 - Septiembre,181.85,2020,Septiembre,202009.0
Noreste,Leche fresca entera sachet,Litro,Año 2020 - Septiembre,64.57,2020,Septiembre,202009.0
Noreste,Huevos de gallina,Docena,Año 2020 - Septiembre,116.96,2020,Septiembre,202009.0
Noreste,Papa,kg,Año 2020 - Septiembre,40.28,2020,Septiembre,202009.0
Noreste,Azúcar,kg,Año 2020 - Septiembre,65.62,2020,Septiembre,202009.0
Noreste,Detergente líquido,750 cc,Año 2020 - Septiembre,66.03,2020,Septiembre,202009.0
Noreste,Lavandina,1.000 cc,Año 2020 - Septiembre,54.01,2020,Septiembre,202009.0
Noreste,Jabón de tocador,125 g,Año 2020 - Septiembre,43.78,2020,Septiembre,202009.0
Noroeste,Pan francés,kg,Año 2020 - Septiembre,96.34,2020,Septiembre,202009.0
Noroeste,Harina de trigo común,kg,Año 2020 - Septiembre,48.23,2020,Septiembre,202009.0
Noroeste,Arroz blanco simple,kg,Año 2020 - Septiembre,81.28,2020,Septiembre,202009.0
Noroeste,Fideos secos tipo guisero,500 g,Año 2020 - Septiembre,49.65,2020,Septiembre,202009.0
Noroeste,Carne picada común,kg,Año 2020 - Septiembre,261.02,2020,Septiembre,202009.0
Noroeste,Pollo entero,kg,Año 2020 - Septiembre,118.67,2020,Septiembre,202009.0
Noroeste,Aceite de girasol,"1,5 litros",Año 2020 - Septiembre,173.2,2020,Septiembre,202009.0
Noroeste,Leche fresca entera sachet,Litro,Año 2020 - Septiembre,65.07,2020,Septiembre,202009.0
Noroeste,Huevos de gallina,Docena,Año 2020 - Septiembre,126.31,2020,Septiembre,202009.0
Noroeste,Papa,kg,Año 2020 - Septiembre,30.99,2020,Septiembre,202009.0
Noroeste,Azúcar,kg,Año 2020 - Septiembre,61.02,2020,Septiembre,202009.0
Noroeste,Detergente líquido,750 cc,Año 2020 - Septiembre,69.12,2020,Septiembre,202009.0
Noroeste,Lavandina,1.000 cc,Año 2020 - Septiembre,52.45,2020,Septiembre,202009.0
Noroeste,Jabón de tocador,125 g,Año 2020 - Septiembre,45.19,2020,Septiembre,202009.0
Cuyo,Pan francés,kg,Año 2020 - Septiembre,88.86,2020,Septiembre,202009.0
Cuyo,Harina de trigo común,kg,Año 2020 - Septiembre,48.98,2020,Septiembre,202009.0
Cuyo,Arroz blanco simple,kg,Año 2020 - Septiembre,86.45,2020,Septiembre,202009.0
Cuyo,Fideos secos tipo guisero,500 g,Año 2020 - Septiembre,57.45,2020,Septiembre,202009.0
Cuyo,Carne picada común,kg,Año 2020 - Septiembre,235.02,2020,Septiembre,202009.0
Cuyo,Pollo entero,kg,Año 2020 - Septiembre,124.76,2020,Septiembre,202009.0
Cuyo,Aceite de girasol,"1,5 litros",Año 2020 - Septiembre,164.46,2020,Septiembre,202009.0
Cuyo,Leche fresca entera sachet,Litro,Año 2020 - Septiembre,65.22,2020,Septiembre,202009.0
Cuyo,Huevos de gallina,Docena,Año 2020 - Septiembre,131.4,2020,Septiembre,202009.0
Cuyo,Papa,kg,Año 2020 - Septiembre,35.4,2020,Septiembre,202009.0
Cuyo,Azúcar,kg,Año 2020 - Septiembre,63.59,2020,Septiembre,202009.0
Cuyo,Detergente líquido,750 cc,Año 2020 - Septiembre,70.45,2020,Septiembre,202009.0
Cuyo,Lavandina,1.000 cc,Año 2020 - Septiembre,49.48,2020,Septiembre,202009.0
Cuyo,Jabón de tocador,125 g,Año 2020 - Septiembre,47.34,2020,Septiembre,202009.0
Patagonia,Pan francés,kg,Año 2020 - Septiembre,124.71,2020,Septiembre,202009.0
Patagonia,Harina de trigo común,kg,Año 2020 - Septiembre,52.95,2020,Septiembre,202009.0
Patagonia,Arroz blanco simple,kg,Año 2020 - Septiembre,84.15,2020,Septiembre,202009.0
Patagonia,Fideos secos tipo guisero,500 g,Año 2020 - Septiembre,65.73,2020,Septiembre,202009.0
Patagonia,Carne picada común,kg,Año 2020 - Septiembre,322.1,2020,Septiembre,202009.0
Patagonia,Pollo entero,kg,Año 2020 - Septiembre,129.91,2020,Septiembre,202009.0
Patagonia,Aceite de girasol,"1,5 litros",Año 2020 - Septiembre,165.54,2020,Septiembre,202009.0
Patagonia,Leche fresca entera sachet,Litro,Año 2020 - Septiembre,64.43,2020,Septiembre,202009.0
Patagonia,Huevos de gallina,Docena,Año 2020 - Septiembre,142.13,2020,Septiembre,202009.0
Patagonia,Papa,kg,Año 2020 - Septiembre,50.66,2020,Septiembre,202009.0
Patagonia,Azúcar,kg,Año 2020 - Septiembre,68.74,2020,Septiembre,202009.0
Patagonia,Detergente líquido,750 cc,Año 2020 - Septiembre,119.34,2020,Septiembre,202009.0
Patagonia,Lavandina,1.000 cc,Año 2020 - Septiembre,51.25,2020,Septiembre,202009.0
Patagonia,Jabón de tocador,125 g,Año 2020 - Septiembre,50.5,2020,Septiembre,202009.0
GBA,Pan francés,kg,Año 2020 - Octubre,132.1,2020,Octubre,202010.0
GBA,Harina de trigo común,kg,Año 2020 - Octubre,47.66,2020,Octubre,202010.0
GBA,Arroz blanco simple,kg,Año 2020 - Octubre,80.55,2020,Octubre,202010.0
GBA,Fideos secos tipo guisero,500 g,Año 2020 - Octubre,60.39,2020,Octubre,202010.0
GBA,Carne picada común,kg,Año 2020 - Octubre,254.61,2020,Octubre,202010.0
GBA,Pollo entero,kg,Año 2020 - Octubre,132.42,2020,Octubre,202010.0
GBA,Aceite de girasol,"1,5 litros",Año 2020 - Octubre,170.81,2020,Octubre,202010.0
GBA,Leche fresca entera sachet,Litro,Año 2020 - Octubre,57.05,2020,Octubre,202010.0
GBA,Huevos de gallina,Docena,Año 2020 - Octubre,125.97,2020,Octubre,202010.0
GBA,Papa,kg,Año 2020 - Octubre,49.21,2020,Octubre,202010.0
GBA,Azúcar,kg,Año 2020 - Octubre,65.15,2020,Octubre,202010.0
GBA,Detergente líquido,750 cc,Año 2020 - Octubre,69.94,2020,Octubre,202010.0
GBA,Lavandina,1.000 cc,Año 2020 - Octubre,54.87,2020,Octubre,202010.0
GBA,Jabón de tocador,125 g,Año 2020 - Octubre,46.2,2020,Octubre,202010.0
Pampeana,Pan francés,kg,Año 2020 - Octubre,106.46,2020,Octubre,202010.0
Pampeana,Harina de trigo común,kg,Año 2020 - Octubre,50.24,2020,Octubre,202010.0
Pampeana,Arroz blanco simple,kg,Año 2020 - Octubre,87.8,2020,Octubre,202010.0
Pampeana,Fideos secos tipo guisero,500 g,Año 2020 - Octubre,58.7,2020,Octubre,202010.0
Pampeana,Carne picada común,kg,Año 2020 - Octubre,267.62,2020,Octubre,202010.0
Pampeana,Pollo entero,kg,Año 2020 - Octubre,136.65,2020,Octubre,202010.0
Pampeana,Aceite de girasol,"1,5 litros",Año 2020 - Octubre,183.27,2020,Octubre,202010.0
Pampeana,Leche fresca entera sachet,Litro,Año 2020 - Octubre,63.82,2020,Octubre,202010.0
Pampeana,Huevos de gallina,Docena,Año 2020 - Octubre,135.56,2020,Octubre,202010.0
Pampeana,Papa,kg,Año 2020 - Octubre,48.76,2020,Octubre,202010.0
Pampeana,Azúcar,kg,Año 2020 - Octubre,67.76,2020,Octubre,202010.0
Pampeana,Detergente líquido,750 cc,Año 2020 - Octubre,72.03,2020,Octubre,202010.0
Pampeana,Lavandina,1.000 cc,Año 2020 - Octubre,50.94,2020,Octubre,202010.0
Pampeana,Jabón de tocador,125 g,Año 2020 - Octubre,46.57,2020,Octubre,202010.0
Noreste,Pan francés,kg,Año 2020 - Octubre,92.31,2020,Octubre,202010.0
Noreste,Harina de trigo común,kg,Año 2020 - Octubre,50.43,2020,Octubre,202010.0
Noreste,Arroz blanco simple,kg,Año 2020 - Octubre,89.88,2020,Octubre,202010.0
Noreste,Fideos secos tipo guisero,500 g,Año 2020 - Octubre,52.86,2020,Octubre,202010.0
Noreste,Carne picada común,kg,Año 2020 - Octubre,273.54,2020,Octubre,202010.0
Noreste,Pollo entero,kg,Año 2020 - Octubre,128.79,2020,Octubre,202010.0
Noreste,Aceite de girasol,"1,5 litros",Año 2020 - Octubre,195.94,2020,Octubre,202010.0
Noreste,Leche fresca entera sachet,Litro,Año 2020 - Octubre,65.22,2020,Octubre,202010.0
Noreste,Huevos de gallina,Docena,Año 2020 - Octubre,122.6,2020,Octubre,202010.0
Noreste,Papa,kg,Año 2020 - Octubre,47.89,2020,Octubre,202010.0
Noreste,Azúcar,kg,Año 2020 - Octubre,65.46,2020,Octubre,202010.0
Noreste,Detergente líquido,750 cc,Año 2020 - Octubre,67.82,2020,Octubre,202010.0
Noreste,Lavandina,1.000 cc,Año 2020 - Octubre,55.05,2020,Octubre,202010.0
Noreste,Jabón de tocador,125 g,Año 2020 - Octubre,44.79,2020,Octubre,202010.0
Noroeste,Pan francés,kg,Año 2020 - Octubre,99.29,2020,Octubre,202010.0
Noroeste,Harina de trigo común,kg,Año 2020 - Octubre,49.73,2020,Octubre,202010.0
Noroeste,Arroz blanco simple,kg,Año 2020 - Octubre,82.4,2020,Octubre,202010.0
Noroeste,Fideos secos tipo guisero,500 g,Año 2020 - Octubre,50.55,2020,Octubre,202010.0
Noroeste,Carne picada común,kg,Año 2020 - Octubre,273.59,2020,Octubre,202010.0
Noroeste,Pollo entero,kg,Año 2020 - Octubre,125.87,2020,Octubre,202010.0
Noroeste,Aceite de girasol,"1,5 litros",Año 2020 - Octubre,188.39,2020,Octubre,202010.0
Noroeste,Leche fresca entera sachet,Litro,Año 2020 - Octubre,65.99,2020,Octubre,202010.0
Noroeste,Huevos de gallina,Docena,Año 2020 - Octubre,127.05,2020,Octubre,202010.0
Noroeste,Papa,kg,Año 2020 - Octubre,40.52,2020,Octubre,202010.0
Noroeste,Azúcar,kg,Año 2020 - Octubre,61.62,2020,Octubre,202010.0
Noroeste,Detergente líquido,750 cc,Año 2020 - Octubre,71.86,2020,Octubre,202010.0
Noroeste,Lavandina,1.000 cc,Año 2020 - Octubre,54.18,2020,Octubre,202010.0
Noroeste,Jabón de tocador,125 g,Año 2020 - Octubre,46.44,2020,Octubre,202010.0
Cuyo,Pan francés,kg,Año 2020 - Octubre,91.65,2020,Octubre,202010.0
Cuyo,Harina de trigo común,kg,Año 2020 - Octubre,49.1,2020,Octubre,202010.0
Cuyo,Arroz blanco simple,kg,Año 2020 - Octubre,90.87,2020,Octubre,202010.0
Cuyo,Fideos secos tipo guisero,500 g,Año 2020 - Octubre,58.91,2020,Octubre,202010.0
Cuyo,Carne picada común,kg,Año 2020 - Octubre,239.23,2020,Octubre,202010.0
Cuyo,Pollo entero,kg,Año 2020 - Octubre,131.63,2020,Octubre,202010.0
Cuyo,Aceite de girasol,"1,5 litros",Año 2020 - Octubre,184.86,2020,Octubre,202010.0
Cuyo,Leche fresca entera sachet,Litro,Año 2020 - Octubre,66.2,2020,Octubre,202010.0
Cuyo,Huevos de gallina,Docena,Año 2020 - Octubre,132.12,2020,Octubre,202010.0
Cuyo,Papa,kg,Año 2020 - Octubre,48.65,2020,Octubre,202010.0
Cuyo,Azúcar,kg,Año 2020 - Octubre,63.81,2020,Octubre,202010.0
Cuyo,Detergente líquido,750 cc,Año 2020 - Octubre,72.66,2020,Octubre,202010.0
Cuyo,Lavandina,1.000 cc,Año 2020 - Octubre,50.78,2020,Octubre,202010.0
Cuyo,Jabón de tocador,125 g,Año 2020 - Octubre,49.15,2020,Octubre,202010.0
Patagonia,Pan francés,kg,Año 2020 - Octubre,129.22,2020,Octubre,202010.0
Patagonia,Harina de trigo común,kg,Año 2020 - Octubre,53.5,2020,Octubre,202010.0
Patagonia,Arroz blanco simple,kg,Año 2020 - Octubre,84.87,2020,Octubre,202010.0
Patagonia,Fideos secos tipo guisero,500 g,Año 2020 - Octubre,67.95,2020,Octubre,202010.0
Patagonia,Carne picada común,kg,Año 2020 - Octubre,331.91,2020,Octubre,202010.0
Patagonia,Pollo entero,kg,Año 2020 - Octubre,132.62,2020,Octubre,202010.0
Patagonia,Aceite de girasol,"1,5 litros",Año 2020 - Octubre,175.3,2020,Octubre,202010.0
Patagonia,Leche fresca entera sachet,Litro,Año 2020 - Octubre,64.63,2020,Octubre,202010.0
Patagonia,Huevos de gallina,Docena,Año 2020 - Octubre,145.45,2020,Octubre,202010.0
Patagonia,Papa,kg,Año 2020 - Octubre,62.96,2020,Octubre,202010.0
Patagonia,Azúcar,kg,Año 2020 - Octubre,68.88,2020,Octubre,202010.0
Patagonia,Detergente líquido,750 cc,Año 2020 - Octubre,118.7,2020,Octubre,202010.0
Patagonia,Lavandina,1.000 cc,Año 2020 - Octubre,52.37,2020,Octubre,202010.0
Patagonia,Jabón de tocador,125 g,Año 2020 - Octubre,50.96,2020,Octubre,202010.0
GBA,Pan francés,kg,Año 2020 - Noviembre,138.31,2020,Noviembre,202011.0
GBA,Harina de trigo común,kg,Año 2020 - Noviembre,45.17,2020,Noviembre,202011.0
GBA,Arroz blanco simple,kg,Año 2020 - Noviembre,80.9,2020,Noviembre,202011.0
GBA,Fideos secos tipo guisero,500 g,Año 2020 - Noviembre,61.54,2020,Noviembre,202011.0
GBA,Carne picada común,kg,Año 2020 - Noviembre,271.41,2020,Noviembre,202011.0
GBA,Pollo entero,kg,Año 2020 - Noviembre,133.55,2020,Noviembre,202011.0
GBA,Aceite de girasol,"1,5 litros",Año 2020 - Noviembre,177.75,2020,Noviembre,202011.0
GBA,Leche fresca entera sachet,Litro,Año 2020 - Noviembre,57.45,2020,Noviembre,202011.0
GBA,Huevos de gallina,Docena,Año 2020 - Noviembre,125.86,2020,Noviembre,202011.0
GBA,Papa,kg,Año 2020 - Noviembre,57.26,2020,Noviembre,202011.0
GBA,Azúcar,kg,Año 2020 - Noviembre,64.48,2020,Noviembre,202011.0
GBA,Detergente líquido,750 cc,Año 2020 - Noviembre,70.73,2020,Noviembre,202011.0
GBA,Lavandina,1.000 cc,Año 2020 - Noviembre,53.95,2020,Noviembre,202011.0
GBA,Jabón de tocador,125 g,Año 2020 - Noviembre,47.16,2020,Noviembre,202011.0
Pampeana,Pan francés,kg,Año 2020 - Noviembre,109.65,2020,Noviembre,202011.0
Pampeana,Harina de trigo común,kg,Año 2020 - Noviembre,50.98,2020,Noviembre,202011.0
Pampeana,Arroz blanco simple,kg,Año 2020 - Noviembre,91.78,2020,Noviembre,202011.0
Pampeana,Fideos secos tipo guisero,500 g,Año 2020 - Noviembre,60.2,2020,Noviembre,202011.0
Pampeana,Carne picada común,kg,Año 2020 - Noviembre,280.53,2020,Noviembre,202011.0
Pampeana,Pollo entero,kg,Año 2020 - Noviembre,139.89,2020,Noviembre,202011.0
Pampeana,Aceite de girasol,"1,5 litros",Año 2020 - Noviembre,194.22,2020,Noviembre,202011.0
Pampeana,Leche fresca entera sachet,Litro,Año 2020 - Noviembre,64.52,2020,Noviembre,202011.0
Pampeana,Huevos de gallina,Docena,Año 2020 - Noviembre,138.22,2020,Noviembre,202011.0
Pampeana,Papa,kg,Año 2020 - Noviembre,60.13,2020,Noviembre,202011.0
Pampeana,Azúcar,kg,Año 2020 - Noviembre,67.69,2020,Noviembre,202011.0
Pampeana,Detergente líquido,750 cc,Año 2020 - Noviembre,74.53,2020,Noviembre,202011.0
Pampeana,Lavandina,1.000 cc,Año 2020 - Noviembre,51.22,2020,Noviembre,202011.0
Pampeana,Jabón de tocador,125 g,Año 2020 - Noviembre,47.42,2020,Noviembre,202011.0
Noreste,Pan francés,kg,Año 2020 - Noviembre,94.82,2020,Noviembre,202011.0
Noreste,Harina de trigo común,kg,Año 2020 - Noviembre,51.32,2020,Noviembre,202011.0
Noreste,Arroz blanco simple,kg,Año 2020 - Noviembre,93.16,2020,Noviembre,202011.0
Noreste,Fideos secos tipo guisero,500 g,Año 2020 - Noviembre,53.65,2020,Noviembre,202011.0
Noreste,Carne picada común,kg,Año 2020 - Noviembre,285.65,2020,Noviembre,202011.0
Noreste,Pollo entero,kg,Año 2020 - Noviembre,133.12,2020,Noviembre,202011.0
Noreste,Aceite de girasol,"1,5 litros",Año 2020 - Noviembre,215.08,2020,Noviembre,202011.0
Noreste,Leche fresca entera sachet,Litro,Año 2020 - Noviembre,66.72,2020,Noviembre,202011.0
Noreste,Huevos de gallina,Docena,Año 2020 - Noviembre,128.66,2020,Noviembre,202011.0
Noreste,Papa,kg,Año 2020 - Noviembre,59.04,2020,Noviembre,202011.0
Noreste,Azúcar,kg,Año 2020 - Noviembre,65.83,2020,Noviembre,202011.0
Noreste,Detergente líquido,750 cc,Año 2020 - Noviembre,70.3,2020,Noviembre,202011.0
Noreste,Lavandina,1.000 cc,Año 2020 - Noviembre,55.49,2020,Noviembre,202011.0
Noreste,Jabón de tocador,125 g,Año 2020 - Noviembre,45.7,2020,Noviembre,202011.0
Noroeste,Pan francés,kg,Año 2020 - Noviembre,103.94,2020,Noviembre,202011.0
Noroeste,Harina de trigo común,kg,Año 2020 - Noviembre,50.76,2020,Noviembre,202011.0
Noroeste,Arroz blanco simple,kg,Año 2020 - Noviembre,86.04,2020,Noviembre,202011.0
Noroeste,Fideos secos tipo guisero,500 g,Año 2020 - Noviembre,51.85,2020,Noviembre,202011.0
Noroeste,Carne picada común,kg,Año 2020 - Noviembre,287.55,2020,Noviembre,202011.0
Noroeste,Pollo entero,kg,Año 2020 - Noviembre,129.21,2020,Noviembre,202011.0
Noroeste,Aceite de girasol,"1,5 litros",Año 2020 - Noviembre,199.08,2020,Noviembre,202011.0
Noroeste,Leche fresca entera sachet,Litro,Año 2020 - Noviembre,67.29,2020,Noviembre,202011.0
Noroeste,Huevos de gallina,Docena,Año 2020 - Noviembre,127.5,2020,Noviembre,202011.0
Noroeste,Papa,kg,Año 2020 - Noviembre,46.17,2020,Noviembre,202011.0
Noroeste,Azúcar,kg,Año 2020 - Noviembre,62.09,2020,Noviembre,202011.0
Noroeste,Detergente líquido,750 cc,Año 2020 - Noviembre,74.47,2020,Noviembre,202011.0
Noroeste,Lavandina,1.000 cc,Año 2020 - Noviembre,55.37,2020,Noviembre,202011.0
Noroeste,Jabón de tocador,125 g,Año 2020 - Noviembre,46.96,2020,Noviembre,202011.0
Cuyo,Pan francés,kg,Año 2020 - Noviembre,95.14,2020,Noviembre,202011.0
Cuyo,Harina de trigo común,kg,Año 2020 - Noviembre,50.24,2020,Noviembre,202011.0
Cuyo,Arroz blanco simple,kg,Año 2020 - Noviembre,95.19,2020,Noviembre,202011.0
Cuyo,Fideos secos tipo guisero,500 g,Año 2020 - Noviembre,60.78,2020,Noviembre,202011.0
Cuyo,Carne picada común,kg,Año 2020 - Noviembre,258.75,2020,Noviembre,202011.0
Cuyo,Pollo entero,kg,Año 2020 - Noviembre,138.14,2020,Noviembre,202011.0
Cuyo,Aceite de girasol,"1,5 litros",Año 2020 - Noviembre,200.37,2020,Noviembre,202011.0
Cuyo,Leche fresca entera sachet,Litro,Año 2020 - Noviembre,66.89,2020,Noviembre,202011.0
Cuyo,Huevos de gallina,Docena,Año 2020 - Noviembre,130.12,2020,Noviembre,202011.0
Cuyo,Papa,kg,Año 2020 - Noviembre,59.77,2020,Noviembre,202011.0
Cuyo,Azúcar,kg,Año 2020 - Noviembre,64.57,2020,Noviembre,202011.0
Cuyo,Detergente líquido,750 cc,Año 2020 - Noviembre,73.28,2020,Noviembre,202011.0
Cuyo,Lavandina,1.000 cc,Año 2020 - Noviembre,50.64,2020,Noviembre,202011.0
Cuyo,Jabón de tocador,125 g,Año 2020 - Noviembre,50.12,2020,Noviembre,202011.0
Patagonia,Pan francés,kg,Año 2020 - Noviembre,134.2,2020,Noviembre,202011.0
Patagonia,Harina de trigo común,kg,Año 2020 - Noviembre,55.6,2020,Noviembre,202011.0
Patagonia,Arroz blanco simple,kg,Año 2020 - Noviembre,90.42,2020,Noviembre,202011.0
Patagonia,Fideos secos tipo guisero,500 g,Año 2020 - Noviembre,68.65,2020,Noviembre,202011.0
Patagonia,Carne picada común,kg,Año 2020 - Noviembre,354.2,2020,Noviembre,202011.0
Patagonia,Pollo entero,kg,Año 2020 - Noviembre,135.46,2020,Noviembre,202011.0
Patagonia,Aceite de girasol,"1,5 litros",Año 2020 - Noviembre,182.96,2020,Noviembre,202011.0
Patagonia,Leche fresca entera sachet,Litro,Año 2020 - Noviembre,65.53,2020,Noviembre,202011.0
Patagonia,Huevos de gallina,Docena,Año 2020 - Noviembre,146.92,2020,Noviembre,202011.0
Patagonia,Papa,kg,Año 2020 - Noviembre,70.43,2020,Noviembre,202011.0
Patagonia,Azúcar,kg,Año 2020 - Noviembre,70.17,2020,Noviembre,202011.0
Patagonia,Detergente líquido,750 cc,Año 2020 - Noviembre,121.02,2020,Noviembre,202011.0
Patagonia,Lavandina,1.000 cc,Año 2020 - Noviembre,52.46,2020,Noviembre,202011.0
Patagonia,Jabón de tocador,125 g,Año 2020 - Noviembre,52.58,2020,Noviembre,202011.0
GBA,Pan francés,kg,Año 2020 - Diciembre,140.13,2020,Diciembre,202012.0
GBA,Harina de trigo común,kg,Año 2020 - Diciembre,42.55,2020,Diciembre,202012.0
GBA,Arroz blanco simple,kg,Año 2020 - Diciembre,81.76,2020,Diciembre,202012.0
GBA,Fideos secos tipo guisero,500 g,Año 2020 - Diciembre,60.87,2020,Diciembre,202012.0
GBA,Carne picada común,kg,Año 2020 - Diciembre,300.9,2020,Diciembre,202012.0
GBA,Pollo entero,kg,Año 2020 - Diciembre,154.99,2020,Diciembre,202012.0
GBA,Aceite de girasol,"1,5 litros",Año 2020 - Diciembre,181.9,2020,Diciembre,202012.0
GBA,Leche fresca entera sachet,Litro,Año 2020 - Diciembre,57.3,2020,Diciembre,202012.0
GBA,Huevos de gallina,Docena,Año 2020 - Diciembre,126.16,2020,Diciembre,202012.0
GBA,Papa,kg,Año 2020 - Diciembre,61.1,2020,Diciembre,202012.0
GBA,Azúcar,kg,Año 2020 - Diciembre,66.12,2020,Diciembre,202012.0
GBA,Detergente líquido,750 cc,Año 2020 - Diciembre,73.04,2020,Diciembre,202012.0
GBA,Lavandina,1.000 cc,Año 2020 - Diciembre,54.48,2020,Diciembre,202012.0
GBA,Jabón de tocador,125 g,Año 2020 - Diciembre,47.4,2020,Diciembre,202012.0
Pampeana,Pan francés,kg,Año 2020 - Diciembre,112.74,2020,Diciembre,202012.0
Pampeana,Harina de trigo común,kg,Año 2020 - Diciembre,51.55,2020,Diciembre,202012.0
Pampeana,Arroz blanco simple,kg,Año 2020 - Diciembre,94.46,2020,Diciembre,202012.0
Pampeana,Fideos secos tipo guisero,500 g,Año 2020 - Diciembre,60.32,2020,Diciembre,202012.0
Pampeana,Carne picada común,kg,Año 2020 - Diciembre,328.31,2020,Diciembre,202012.0
Pampeana,Pollo entero,kg,Año 2020 - Diciembre,159.02,2020,Diciembre,202012.0
Pampeana,Aceite de girasol,"1,5 litros",Año 2020 - Diciembre,202.74,2020,Diciembre,202012.0
Pampeana,Leche fresca entera sachet,Litro,Año 2020 - Diciembre,65.09,2020,Diciembre,202012.0
Pampeana,Huevos de gallina,Docena,Año 2020 - Diciembre,140.19,2020,Diciembre,202012.0
Pampeana,Papa,kg,Año 2020 - Diciembre,62.34,2020,Diciembre,202012.0
Pampeana,Azúcar,kg,Año 2020 - Diciembre,68.2,2020,Diciembre,202012.0
Pampeana,Detergente líquido,750 cc,Año 2020 - Diciembre,77.14,2020,Diciembre,202012.0
Pampeana,Lavandina,1.000 cc,Año 2020 - Diciembre,51.6,2020,Diciembre,202012.0
Pampeana,Jabón de tocador,125 g,Año 2020 - Diciembre,47.86,2020,Diciembre,202012.0
Noreste,Pan francés,kg,Año 2020 - Diciembre,97.9,2020,Diciembre,202012.0
Noreste,Harina de trigo común,kg,Año 2020 - Diciembre,52.2,2020,Diciembre,202012.0
Noreste,Arroz blanco simple,kg,Año 2020 - Diciembre,95.33,2020,Diciembre,202012.0
Noreste,Fideos secos tipo guisero,500 g,Año 2020 - Diciembre,54.4,2020,Diciembre,202012.0
Noreste,Carne picada común,kg,Año 2020 - Diciembre,351.78,2020,Diciembre,202012.0
Noreste,Pollo entero,kg,Año 2020 - Diciembre,156.36,2020,Diciembre,202012.0
Noreste,Aceite de girasol,"1,5 litros",Año 2020 - Diciembre,229.66,2020,Diciembre,202012.0
Noreste,Leche fresca entera sachet,Litro,Año 2020 - Diciembre,67.27,2020,Diciembre,202012.0
Noreste,Huevos de gallina,Docena,Año 2020 - Diciembre,134.15,2020,Diciembre,202012.0
Noreste,Papa,kg,Año 2020 - Diciembre,63.77,2020,Diciembre,202012.0
Noreste,Azúcar,kg,Año 2020 - Diciembre,66.89,2020,Diciembre,202012.0
Noreste,Detergente líquido,750 cc,Año 2020 - Diciembre,71.61,2020,Diciembre,202012.0
Noreste,Lavandina,1.000 cc,Año 2020 - Diciembre,55.0,2020,Diciembre,202012.0
Noreste,Jabón de tocador,125 g,Año 2020 - Diciembre,46.37,2020,Diciembre,202012.0
Noroeste,Pan francés,kg,Año 2020 - Diciembre,104.96,2020,Diciembre,202012.0
Noroeste,Harina de trigo común,kg,Año 2020 - Diciembre,51.5,2020,Diciembre,202012.0
Noroeste,Arroz blanco simple,kg,Año 2020 - Diciembre,88.47,2020,Diciembre,202012.0
Noroeste,Fideos secos tipo guisero,500 g,Año 2020 - Diciembre,53.27,2020,Diciembre,202012.0
Noroeste,Carne picada común,kg,Año 2020 - Diciembre,327.2,2020,Diciembre,202012.0
Noroeste,Pollo entero,kg,Año 2020 - Diciembre,149.56,2020,Diciembre,202012.0
Noroeste,Aceite de girasol,"1,5 litros",Año 2020 - Diciembre,215.17,2020,Diciembre,202012.0
Noroeste,Leche fresca entera sachet,Litro,Año 2020 - Diciembre,68.57,2020,Diciembre,202012.0
Noroeste,Huevos de gallina,Docena,Año 2020 - Diciembre,127.36,2020,Diciembre,202012.0
Noroeste,Papa,kg,Año 2020 - Diciembre,49.5,2020,Diciembre,202012.0
Noroeste,Azúcar,kg,Año 2020 - Diciembre,62.38,2020,Diciembre,202012.0
Noroeste,Detergente líquido,750 cc,Año 2020 - Diciembre,74.87,2020,Diciembre,202012.0
Noroeste,Lavandina,1.000 cc,Año 2020 - Diciembre,55.3,2020,Diciembre,202012.0
Noroeste,Jabón de tocador,125 g,Año 2020 - Diciembre,48.58,2020,Diciembre,202012.0
Cuyo,Pan francés,kg,Año 2020 - Diciembre,96.58,2020,Diciembre,202012.0
Cuyo,Harina de trigo común,kg,Año 2020 - Diciembre,51.01,2020,Diciembre,202012.0
Cuyo,Arroz blanco simple,kg,Año 2020 - Diciembre,92.83,2020,Diciembre,202012.0
Cuyo,Fideos secos tipo guisero,500 g,Año 2020 - Diciembre,59.6,2020,Diciembre,202012.0
Cuyo,Carne picada común,kg,Año 2020 - Diciembre,321.53,2020,Diciembre,202012.0
Cuyo,Pollo entero,kg,Año 2020 - Diciembre,160.58,2020,Diciembre,202012.0
Cuyo,Aceite de girasol,"1,5 litros",Año 2020 - Diciembre,206.82,2020,Diciembre,202012.0
Cuyo,Leche fresca entera sachet,Litro,Año 2020 - Diciembre,67.58,2020,Diciembre,202012.0
Cuyo,Huevos de gallina,Docena,Año 2020 - Diciembre,130.8,2020,Diciembre,202012.0
Cuyo,Papa,kg,Año 2020 - Diciembre,57.05,2020,Diciembre,202012.0
Cuyo,Azúcar,kg,Año 2020 - Diciembre,65.13,2020,Diciembre,202012.0
Cuyo,Detergente líquido,750 cc,Año 2020 - Diciembre,74.64,2020,Diciembre,202012.0
Cuyo,Lavandina,1.000 cc,Año 2020 - Diciembre,50.84,2020,Diciembre,202012.0
Cuyo,Jabón de tocador,125 g,Año 2020 - Diciembre,50.63,2020,Diciembre,202012.0
Patagonia,Pan francés,kg,Año 2020 - Diciembre,140.08,2020,Diciembre,202012.0
Patagonia,Harina de trigo común,kg,Año 2020 - Diciembre,55.92,2020,Diciembre,202012.0
Patagonia,Arroz blanco simple,kg,Año 2020 - Diciembre,92.8,2020,Diciembre,202012.0
Patagonia,Fideos secos tipo guisero,500 g,Año 2020 - Diciembre,68.74,2020,Diciembre,202012.0
Patagonia,Carne picada común,kg,Año 2020 - Diciembre,380.52,2020,Diciembre,202012.0
Patagonia,Pollo entero,kg,Año 2020 - Diciembre,147.66,2020,Diciembre,202012.0
Patagonia,Aceite de girasol,"1,5 litros",Año 2020 - Diciembre,188.92,2020,Diciembre,202012.0
Patagonia,Leche fresca entera sachet,Litro,Año 2020 - Diciembre,67.32,2020,Diciembre,202012.0
Patagonia,Huevos de gallina,Docena,Año 2020 - Diciembre,148.85,2020,Diciembre,202012.0
Patagonia,Papa,kg,Año 2020 - Diciembre,75.33,2020,Diciembre,202012.0
Patagonia,Azúcar,kg,Año 2020 - Diciembre,69.53,2020,Diciembre,202012.0
Patagonia,Detergente líquido,750 cc,Año 2020 - Diciembre,124.82,2020,Diciembre,202012.0
Patagonia,Lavandina,1.000 cc,Año 2020 - Diciembre,54.13,2020,Diciembre,202012.0
Patagonia,Jabón de tocador,125 g,Año 2020 - Diciembre,52.88,2020,Diciembre,202012.0
GBA,Pan francés,kg,Año 2021 - Enero,145.61,2021,Enero,202101.0
GBA,Harina de trigo común,kg,Año 2021 - Enero,43.62,2021,Enero,202101.0
GBA,Arroz blanco simple,kg,Año 2021 - Enero,81.53,2021,Enero,202101.0
GBA,Fideos secos tipo guisero,500 g,Año 2021 - Enero,61.51,2021,Enero,202101.0
GBA,Carne picada común,kg,Año 2021 - Enero,313.33,2021,Enero,202101.0
GBA,Pollo entero,kg,Año 2021 - Enero,160.99,2021,Enero,202101.0
GBA,Aceite de girasol,"1,5 litros",Año 2021 - Enero,190.11,2021,Enero,202101.0
GBA,Leche fresca entera sachet,Litro,Año 2021 - Enero,58.0,2021,Enero,202101.0
GBA,Huevos de gallina,Docena,Año 2021 - Enero,127.31,2021,Enero,202101.0
GBA,Papa,kg,Año 2021 - Enero,59.7,2021,Enero,202101.0
GBA,Azúcar,kg,Año 2021 - Enero,66.78,2021,Enero,202101.0
GBA,Detergente líquido,750 cc,Año 2021 - Enero,75.03,2021,Enero,202101.0
GBA,Lavandina,1.000 cc,Año 2021 - Enero,54.46,2021,Enero,202101.0
GBA,Jabón de tocador,125 g,Año 2021 - Enero,47.08,2021,Enero,202101.0
Pampeana,Pan francés,kg,Año 2021 - Enero,118.71,2021,Enero,202101.0
Pampeana,Harina de trigo común,kg,Año 2021 - Enero,52.42,2021,Enero,202101.0
Pampeana,Arroz blanco simple,kg,Año 2021 - Enero,97.75,2021,Enero,202101.0
Pampeana,Fideos secos tipo guisero,500 g,Año 2021 - Enero,61.52,2021,Enero,202101.0
Pampeana,Carne picada común,kg,Año 2021 - Enero,356.34,2021,Enero,202101.0
Pampeana,Pollo entero,kg,Año 2021 - Enero,175.88,2021,Enero,202101.0
Pampeana,Aceite de girasol,"1,5 litros",Año 2021 - Enero,217.83,2021,Enero,202101.0
Pampeana,Leche fresca entera sachet,Litro,Año 2021 - Enero,66.19,2021,Enero,202101.0
Pampeana,Huevos de gallina,Docena,Año 2021 - Enero,140.01,2021,Enero,202101.0
Pampeana,Papa,kg,Año 2021 - Enero,63.27,2021,Enero,202101.0
Pampeana,Azúcar,kg,Año 2021 - Enero,68.31,2021,Enero,202101.0
Pampeana,Detergente líquido,750 cc,Año 2021 - Enero,78.44,2021,Enero,202101.0
Pampeana,Lavandina,1.000 cc,Año 2021 - Enero,52.91,2021,Enero,202101.0
Pampeana,Jabón de tocador,125 g,Año 2021 - Enero,48.7,2021,Enero,202101.0
Noreste,Pan francés,kg,Año 2021 - Enero,100.97,2021,Enero,202101.0
Noreste,Harina de trigo común,kg,Año 2021 - Enero,52.24,2021,Enero,202101.0
Noreste,Arroz blanco simple,kg,Año 2021 - Enero,97.69,2021,Enero,202101.0
Noreste,Fideos secos tipo guisero,500 g,Año 2021 - Enero,54.93,2021,Enero,202101.0
Noreste,Carne picada común,kg,Año 2021 - Enero,386.21,2021,Enero,202101.0
Noreste,Pollo entero,kg,Año 2021 - Enero,177.51,2021,Enero,202101.0
Noreste,Aceite de girasol,"1,5 litros",Año 2021 - Enero,251.36,2021,Enero,202101.0
Noreste,Leche fresca entera sachet,Litro,Año 2021 - Enero,69.35,2021,Enero,202101.0
Noreste,Huevos de gallina,Docena,Año 2021 - Enero,134.69,2021,Enero,202101.0
Noreste,Papa,kg,Año 2021 - Enero,64.62,2021,Enero,202101.0
Noreste,Azúcar,kg,Año 2021 - Enero,67.67,2021,Enero,202101.0
Noreste,Detergente líquido,750 cc,Año 2021 - Enero,72.3,2021,Enero,202101.0
Noreste,Lavandina,1.000 cc,Año 2021 - Enero,57.33,2021,Enero,202101.0
Noreste,Jabón de tocador,125 g,Año 2021 - Enero,46.39,2021,Enero,202101.0
Noroeste,Pan francés,kg,Año 2021 - Enero,107.25,2021,Enero,202101.0
Noroeste,Harina de trigo común,kg,Año 2021 - Enero,52.0,2021,Enero,202101.0
Noroeste,Arroz blanco simple,kg,Año 2021 - Enero,93.34,2021,Enero,202101.0
Noroeste,Fideos secos tipo guisero,500 g,Año 2021 - Enero,54.09,2021,Enero,202101.0
Noroeste,Carne picada común,kg,Año 2021 - Enero,355.0,2021,Enero,202101.0
Noroeste,Pollo entero,kg,Año 2021 - Enero,165.5,2021,Enero,202101.0
Noroeste,Aceite de girasol,"1,5 litros",Año 2021 - Enero,228.08,2021,Enero,202101.0
Noroeste,Leche fresca entera sachet,Litro,Año 2021 - Enero,69.28,2021,Enero,202101.0
Noroeste,Huevos de gallina,Docena,Año 2021 - Enero,127.24,2021,Enero,202101.0
Noroeste,Papa,kg,Año 2021 - Enero,51.95,2021,Enero,202101.0
Noroeste,Azúcar,kg,Año 2021 - Enero,63.27,2021,Enero,202101.0
Noroeste,Detergente líquido,750 cc,Año 2021 - Enero,78.08,2021,Enero,202101.0
Noroeste,Lavandina,1.000 cc,Año 2021 - Enero,55.54,2021,Enero,202101.0
Noroeste,Jabón de tocador,125 g,Año 2021 - Enero,49.3,2021,Enero,202101.0
Cuyo,Pan francés,kg,Año 2021 - Enero,100.68,2021,Enero,202101.0
Cuyo,Harina de trigo común,kg,Año 2021 - Enero,52.51,2021,Enero,202101.0
Cuyo,Arroz blanco simple,kg,Año 2021 - Enero,100.19,2021,Enero,202101.0
Cuyo,Fideos secos tipo guisero,500 g,Año 2021 - Enero,61.06,2021,Enero,202101.0
Cuyo,Carne picada común,kg,Año 2021 - Enero,346.85,2021,Enero,202101.0
Cuyo,Pollo entero,kg,Año 2021 - Enero,177.49,2021,Enero,202101.0
Cuyo,Aceite de girasol,"1,5 litros",Año 2021 - Enero,218.17,2021,Enero,202101.0
Cuyo,Leche fresca entera sachet,Litro,Año 2021 - Enero,69.11,2021,Enero,202101.0
Cuyo,Huevos de gallina,Docena,Año 2021 - Enero,131.88,2021,Enero,202101.0
Cuyo,Papa,kg,Año 2021 - Enero,57.24,2021,Enero,202101.0
Cuyo,Azúcar,kg,Año 2021 - Enero,65.97,2021,Enero,202101.0
Cuyo,Detergente líquido,750 cc,Año 2021 - Enero,78.43,2021,Enero,202101.0
Cuyo,Lavandina,1.000 cc,Año 2021 - Enero,53.23,2021,Enero,202101.0
Cuyo,Jabón de tocador,125 g,Año 2021 - Enero,50.67,2021,Enero,202101.0
Patagonia,Pan francés,kg,Año 2021 - Enero,141.63,2021,Enero,202101.0
Patagonia,Harina de trigo común,kg,Año 2021 - Enero,56.15,2021,Enero,202101.0
Patagonia,Arroz blanco simple,kg,Año 2021 - Enero,98.51,2021,Enero,202101.0
Patagonia,Fideos secos tipo guisero,500 g,Año 2021 - Enero,68.99,2021,Enero,202101.0
Patagonia,Carne picada común,kg,Año 2021 - Enero,393.62,2021,Enero,202101.0
Patagonia,Pollo entero,kg,Año 2021 - Enero,162.76,2021,Enero,202101.0
Patagonia,Aceite de girasol,"1,5 litros",Año 2021 - Enero,201.44,2021,Enero,202101.0
Patagonia,Leche fresca entera sachet,Litro,Año 2021 - Enero,67.8,2021,Enero,202101.0
Patagonia,Huevos de gallina,Docena,Año 2021 - Enero,149.08,2021,Enero,202101.0
Patagonia,Papa,kg,Año 2021 - Enero,75.15,2021,Enero,202101.0
Patagonia,Azúcar,kg,Año 2021 - Enero,70.99,2021,Enero,202101.0
Patagonia,Detergente líquido,750 cc,Año 2021 - Enero,136.63,2021,Enero,202101.0
Patagonia,Lavandina,1.000 cc,Año 2021 - Enero,54.46,2021,Enero,202101.0
Patagonia,Jabón de tocador,125 g,Año 2021 - Enero,54.18,2021,Enero,202101.0
GBA,Pan francés,kg,Año 2021 - Febrero,151.12,2021,Febrero,202102.0
GBA,Harina de trigo común,kg,Año 2021 - Febrero,45.06,2021,Febrero,202102.0
GBA,Arroz blanco simple,kg,Año 2021 - Febrero,81.61,2021,Febrero,202102.0
GBA,Fideos secos tipo guisero,500 g,Año 2021 - Febrero,64.04,2021,Febrero,202102.0
GBA,Carne picada común,kg,Año 2021 - Febrero,327.65,2021,Febrero,202102.0
GBA,Pollo entero,kg,Año 2021 - Febrero,168.6,2021,Febrero,202102.0
GBA,Aceite de girasol,"1,5 litros",Año 2021 - Febrero,192.1,2021,Febrero,202102.0
GBA,Leche fresca entera sachet,Litro,Año 2021 - Febrero,62.05,2021,Febrero,202102.0
GBA,Huevos de gallina,Docena,Año 2021 - Febrero,127.51,2021,Febrero,202102.0
GBA,Papa,kg,Año 2021 - Febrero,59.67,2021,Febrero,202102.0
GBA,Azúcar,kg,Año 2021 - Febrero,68.58,2021,Febrero,202102.0
GBA,Detergente líquido,750 cc,Año 2021 - Febrero,77.05,2021,Febrero,202102.0
GBA,Lavandina,1.000 cc,Año 2021 - Febrero,54.75,2021,Febrero,202102.0
GBA,Jabón de tocador,125 g,Año 2021 - Febrero,50.13,2021,Febrero,202102.0
Pampeana,Pan francés,kg,Año 2021 - Febrero,124.95,2021,Febrero,202102.0
Pampeana,Harina de trigo común,kg,Año 2021 - Febrero,53.53,2021,Febrero,202102.0
Pampeana,Arroz blanco simple,kg,Año 2021 - Febrero,100.81,2021,Febrero,202102.0
Pampeana,Fideos secos tipo guisero,500 g,Año 2021 - Febrero,63.11,2021,Febrero,202102.0
Pampeana,Carne picada común,kg,Año 2021 - Febrero,365.57,2021,Febrero,202102.0
Pampeana,Pollo entero,kg,Año 2021 - Febrero,183.49,2021,Febrero,202102.0
Pampeana,Aceite de girasol,"1,5 litros",Año 2021 - Febrero,239.99,2021,Febrero,202102.0
Pampeana,Leche fresca entera sachet,Litro,Año 2021 - Febrero,69.97,2021,Febrero,202102.0
Pampeana,Huevos de gallina,Docena,Año 2021 - Febrero,140.12,2021,Febrero,202102.0
Pampeana,Papa,kg,Año 2021 - Febrero,59.27,2021,Febrero,202102.0
Pampeana,Azúcar,kg,Año 2021 - Febrero,69.38,2021,Febrero,202102.0
Pampeana,Detergente líquido,750 cc,Año 2021 - Febrero,83.24,2021,Febrero,202102.0
Pampeana,Lavandina,1.000 cc,Año 2021 - Febrero,52.45,2021,Febrero,202102.0
Pampeana,Jabón de tocador,125 g,Año 2021 - Febrero,50.67,2021,Febrero,202102.0
Noreste,Pan francés,kg,Año 2021 - Febrero,106.07,2021,Febrero,202102.0
Noreste,Harina de trigo común,kg,Año 2021 - Febrero,53.51,2021,Febrero,202102.0
Noreste,Arroz blanco simple,kg,Año 2021 - Febrero,102.93,2021,Febrero,202102.0
Noreste,Fideos secos tipo guisero,500 g,Año 2021 - Febrero,56.47,2021,Febrero,202102.0
Noreste,Carne picada común,kg,Año 2021 - Febrero,389.5,2021,Febrero,202102.0
Noreste,Pollo entero,kg,Año 2021 - Febrero,184.07,2021,Febrero,202102.0
Noreste,Aceite de girasol,"1,5 litros",Año 2021 - Febrero,298.0,2021,Febrero,202102.0
Noreste,Leche fresca entera sachet,Litro,Año 2021 - Febrero,75.75,2021,Febrero,202102.0
Noreste,Huevos de gallina,Docena,Año 2021 - Febrero,133.86,2021,Febrero,202102.0
Noreste,Papa,kg,Año 2021 - Febrero,61.5,2021,Febrero,202102.0
Noreste,Azúcar,kg,Año 2021 - Febrero,69.87,2021,Febrero,202102.0
Noreste,Detergente líquido,750 cc,Año 2021 - Febrero,75.16,2021,Febrero,202102.0
Noreste,Lavandina,1.000 cc,Año 2021 - Febrero,60.04,2021,Febrero,202102.0
Noreste,Jabón de tocador,125 g,Año 2021 - Febrero,48.39,2021,Febrero,202102.0
Noroeste,Pan francés,kg,Año 2021 - Febrero,115.74,2021,Febrero,202102.0
Noroeste,Harina de trigo común,kg,Año 2021 - Febrero,53.32,2021,Febrero,202102.0
Noroeste,Arroz blanco simple,kg,Año 2021 - Febrero,98.16,2021,Febrero,202102.0
Noroeste,Fideos secos tipo guisero,500 g,Año 2021 - Febrero,55.64,2021,Febrero,202102.0
Noroeste,Carne picada común,kg,Año 2021 - Febrero,360.86,2021,Febrero,202102.0
Noroeste,Pollo entero,kg,Año 2021 - Febrero,173.4,2021,Febrero,202102.0
Noroeste,Aceite de girasol,"1,5 litros",Año 2021 - Febrero,249.98,2021,Febrero,202102.0
Noroeste,Leche fresca entera sachet,Litro,Año 2021 - Febrero,73.07,2021,Febrero,202102.0
Noroeste,Huevos de gallina,Docena,Año 2021 - Febrero,130.41,2021,Febrero,202102.0
Noroeste,Papa,kg,Año 2021 - Febrero,49.75,2021,Febrero,202102.0
Noroeste,Azúcar,kg,Año 2021 - Febrero,64.12,2021,Febrero,202102.0
Noroeste,Detergente líquido,750 cc,Año 2021 - Febrero,82.33,2021,Febrero,202102.0
Noroeste,Lavandina,1.000 cc,Año 2021 - Febrero,57.26,2021,Febrero,202102.0
Noroeste,Jabón de tocador,125 g,Año 2021 - Febrero,51.58,2021,Febrero,202102.0
Cuyo,Pan francés,kg,Año 2021 - Febrero,108.86,2021,Febrero,202102.0
Cuyo,Harina de trigo común,kg,Año 2021 - Febrero,52.95,2021,Febrero,202102.0
Cuyo,Arroz blanco simple,kg,Año 2021 - Febrero,101.96,2021,Febrero,202102.0
Cuyo,Fideos secos tipo guisero,500 g,Año 2021 - Febrero,62.1,2021,Febrero,202102.0
Cuyo,Carne picada común,kg,Año 2021 - Febrero,351.7,2021,Febrero,202102.0
Cuyo,Pollo entero,kg,Año 2021 - Febrero,183.71,2021,Febrero,202102.0
Cuyo,Aceite de girasol,"1,5 litros",Año 2021 - Febrero,242.31,2021,Febrero,202102.0
Cuyo,Leche fresca entera sachet,Litro,Año 2021 - Febrero,73.87,2021,Febrero,202102.0
Cuyo,Huevos de gallina,Docena,Año 2021 - Febrero,132.59,2021,Febrero,202102.0
Cuyo,Papa,kg,Año 2021 - Febrero,57.33,2021,Febrero,202102.0
Cuyo,Azúcar,kg,Año 2021 - Febrero,67.55,2021,Febrero,202102.0
Cuyo,Detergente líquido,750 cc,Año 2021 - Febrero,87.79,2021,Febrero,202102.0
Cuyo,Lavandina,1.000 cc,Año 2021 - Febrero,53.55,2021,Febrero,202102.0
Cuyo,Jabón de tocador,125 g,Año 2021 - Febrero,53.1,2021,Febrero,202102.0
Patagonia,Pan francés,kg,Año 2021 - Febrero,146.23,2021,Febrero,202102.0
Patagonia,Harina de trigo común,kg,Año 2021 - Febrero,57.25,2021,Febrero,202102.0
Patagonia,Arroz blanco simple,kg,Año 2021 - Febrero,104.1,2021,Febrero,202102.0
Patagonia,Fideos secos tipo guisero,500 g,Año 2021 - Febrero,70.92,2021,Febrero,202102.0
Patagonia,Carne picada común,kg,Año 2021 - Febrero,410.34,2021,Febrero,202102.0
Patagonia,Pollo entero,kg,Año 2021 - Febrero,174.56,2021,Febrero,202102.0
Patagonia,Aceite de girasol,"1,5 litros",Año 2021 - Febrero,215.85,2021,Febrero,202102.0
Patagonia,Leche fresca entera sachet,Litro,Año 2021 - Febrero,72.78,2021,Febrero,202102.0
Patagonia,Huevos de gallina,Docena,Año 2021 - Febrero,148.65,2021,Febrero,202102.0
Patagonia,Papa,kg,Año 2021 - Febrero,75.1,2021,Febrero,202102.0
Patagonia,Azúcar,kg,Año 2021 - Febrero,73.27,2021,Febrero,202102.0
Patagonia,Detergente líquido,750 cc,Año 2021 - Febrero,143.28,2021,Febrero,202102.0
Patagonia,Lavandina,1.000 cc,Año 2021 - Febrero,55.73,2021,Febrero,202102.0
Patagonia,Jabón de tocador,125 g,Año 2021 - Febrero,54.11,2021,Febrero,202102.0
GBA,Pan francés,kg,Año 2021 - Marzo,157.27,2021,Marzo,202103.0
GBA,Harina de trigo común,kg,Año 2021 - Marzo,45.12,2021,Marzo,202103.0
GBA,Arroz blanco simple,kg,Año 2021 - Marzo,84.36,2021,Marzo,202103.0
GBA,Fideos secos tipo guisero,500 g,Año 2021 - Marzo,66.86,2021,Marzo,202103.0
GBA,Carne picada común,kg,Año 2021 - Marzo,355.55,2021,Marzo,202103.0
GBA,Pollo entero,kg,Año 2021 - Marzo,175.11,2021,Marzo,202103.0
GBA,Aceite de girasol,"1,5 litros",Año 2021 - Marzo,202.19,2021,Marzo,202103.0
GBA,Leche fresca entera sachet,Litro,Año 2021 - Marzo,69.52,2021,Marzo,202103.0
GBA,Huevos de gallina,Docena,Año 2021 - Marzo,130.07,2021,Marzo,202103.0
GBA,Papa,kg,Año 2021 - Marzo,55.86,2021,Marzo,202103.0
GBA,Azúcar,kg,Año 2021 - Marzo,69.0,2021,Marzo,202103.0
GBA,Detergente líquido,750 cc,Año 2021 - Marzo,79.52,2021,Marzo,202103.0
GBA,Lavandina,1.000 cc,Año 2021 - Marzo,54.98,2021,Marzo,202103.0
GBA,Jabón de tocador,125 g,Año 2021 - Marzo,51.19,2021,Marzo,202103.0
Pampeana,Pan francés,kg,Año 2021 - Marzo,130.72,2021,Marzo,202103.0
Pampeana,Harina de trigo común,kg,Año 2021 - Marzo,53.44,2021,Marzo,202103.0
Pampeana,Arroz blanco simple,kg,Año 2021 - Marzo,105.9,2021,Marzo,202103.0
Pampeana,Fideos secos tipo guisero,500 g,Año 2021 - Marzo,64.75,2021,Marzo,202103.0
Pampeana,Carne picada común,kg,Año 2021 - Marzo,391.96,2021,Marzo,202103.0
Pampeana,Pollo entero,kg,Año 2021 - Marzo,187.3,2021,Marzo,202103.0
Pampeana,Aceite de girasol,"1,5 litros",Año 2021 - Marzo,252.21,2021,Marzo,202103.0
Pampeana,Leche fresca entera sachet,Litro,Año 2021 - Marzo,76.57,2021,Marzo,202103.0
Pampeana,Huevos de gallina,Docena,Año 2021 - Marzo,140.87,2021,Marzo,202103.0
Pampeana,Papa,kg,Año 2021 - Marzo,57.04,2021,Marzo,202103.0
Pampeana,Azúcar,kg,Año 2021 - Marzo,70.31,2021,Marzo,202103.0
Pampeana,Detergente líquido,750 cc,Año 2021 - Marzo,87.0,2021,Marzo,202103.0
Pampeana,Lavandina,1.000 cc,Año 2021 - Marzo,54.81,2021,Marzo,202103.0
Pampeana,Jabón de tocador,125 g,Año 2021 - Marzo,51.46,2021,Marzo,202103.0
Noreste,Pan francés,kg,Año 2021 - Marzo,109.0,2021,Marzo,202103.0
Noreste,Harina de trigo común,kg,Año 2021 - Marzo,53.82,2021,Marzo,202103.0
Noreste,Arroz blanco simple,kg,Año 2021 - Marzo,104.27,2021,Marzo,202103.0
Noreste,Fideos secos tipo guisero,500 g,Año 2021 - Marzo,56.54,2021,Marzo,202103.0
Noreste,Carne picada común,kg,Año 2021 - Marzo,401.33,2021,Marzo,202103.0
Noreste,Pollo entero,kg,Año 2021 - Marzo,186.43,2021,Marzo,202103.0
Noreste,Aceite de girasol,"1,5 litros",Año 2021 - Marzo,302.92,2021,Marzo,202103.0
Noreste,Leche fresca entera sachet,Litro,Año 2021 - Marzo,84.38,2021,Marzo,202103.0
Noreste,Huevos de gallina,Docena,Año 2021 - Marzo,136.18,2021,Marzo,202103.0
Noreste,Papa,kg,Año 2021 - Marzo,60.48,2021,Marzo,202103.0
Noreste,Azúcar,kg,Año 2021 - Marzo,69.38,2021,Marzo,202103.0
Noreste,Detergente líquido,750 cc,Año 2021 - Marzo,79.97,2021,Marzo,202103.0
Noreste,Lavandina,1.000 cc,Año 2021 - Marzo,62.88,2021,Marzo,202103.0
Noreste,Jabón de tocador,125 g,Año 2021 - Marzo,49.52,2021,Marzo,202103.0
Noroeste,Pan francés,kg,Año 2021 - Marzo,118.3,2021,Marzo,202103.0
Noroeste,Harina de trigo común,kg,Año 2021 - Marzo,53.39,2021,Marzo,202103.0
Noroeste,Arroz blanco simple,kg,Año 2021 - Marzo,100.9,2021,Marzo,202103.0
Noroeste,Fideos secos tipo guisero,500 g,Año 2021 - Marzo,56.88,2021,Marzo,202103.0
Noroeste,Carne picada común,kg,Año 2021 - Marzo,376.49,2021,Marzo,202103.0
Noroeste,Pollo entero,kg,Año 2021 - Marzo,177.85,2021,Marzo,202103.0
Noroeste,Aceite de girasol,"1,5 litros",Año 2021 - Marzo,273.4,2021,Marzo,202103.0
Noroeste,Leche fresca entera sachet,Litro,Año 2021 - Marzo,78.52,2021,Marzo,202103.0
Noroeste,Huevos de gallina,Docena,Año 2021 - Marzo,130.43,2021,Marzo,202103.0
Noroeste,Papa,kg,Año 2021 - Marzo,47.4,2021,Marzo,202103.0
Noroeste,Azúcar,kg,Año 2021 - Marzo,64.78,2021,Marzo,202103.0
Noroeste,Detergente líquido,750 cc,Año 2021 - Marzo,86.2,2021,Marzo,202103.0
Noroeste,Lavandina,1.000 cc,Año 2021 - Marzo,59.92,2021,Marzo,202103.0
Noroeste,Jabón de tocador,125 g,Año 2021 - Marzo,52.49,2021,Marzo,202103.0
Cuyo,Pan francés,kg,Año 2021 - Marzo,113.92,2021,Marzo,202103.0
Cuyo,Harina de trigo común,kg,Año 2021 - Marzo,53.29,2021,Marzo,202103.0
Cuyo,Arroz blanco simple,kg,Año 2021 - Marzo,108.27,2021,Marzo,202103.0
Cuyo,Fideos secos tipo guisero,500 g,Año 2021 - Marzo,63.3,2021,Marzo,202103.0
Cuyo,Carne picada común,kg,Año 2021 - Marzo,373.99,2021,Marzo,202103.0
Cuyo,Pollo entero,kg,Año 2021 - Marzo,184.38,2021,Marzo,202103.0
Cuyo,Aceite de girasol,"1,5 litros",Año 2021 - Marzo,252.35,2021,Marzo,202103.0
Cuyo,Leche fresca entera sachet,Litro,Año 2021 - Marzo,81.31,2021,Marzo,202103.0
Cuyo,Huevos de gallina,Docena,Año 2021 - Marzo,134.43,2021,Marzo,202103.0
Cuyo,Papa,kg,Año 2021 - Marzo,55.16,2021,Marzo,202103.0
Cuyo,Azúcar,kg,Año 2021 - Marzo,68.68,2021,Marzo,202103.0
Cuyo,Detergente líquido,750 cc,Año 2021 - Marzo,89.58,2021,Marzo,202103.0
Cuyo,Lavandina,1.000 cc,Año 2021 - Marzo,53.58,2021,Marzo,202103.0
Cuyo,Jabón de tocador,125 g,Año 2021 - Marzo,54.11,2021,Marzo,202103.0
Patagonia,Pan francés,kg,Año 2021 - Marzo,152.76,2021,Marzo,202103.0
Patagonia,Harina de trigo común,kg,Año 2021 - Marzo,57.9,2021,Marzo,202103.0
Patagonia,Arroz blanco simple,kg,Año 2021 - Marzo,109.14,2021,Marzo,202103.0
Patagonia,Fideos secos tipo guisero,500 g,Año 2021 - Marzo,73.11,2021,Marzo,202103.0
Patagonia,Carne picada común,kg,Año 2021 - Marzo,438.28,2021,Marzo,202103.0
Patagonia,Pollo entero,kg,Año 2021 - Marzo,179.46,2021,Marzo,202103.0
Patagonia,Aceite de girasol,"1,5 litros",Año 2021 - Marzo,247.26,2021,Marzo,202103.0
Patagonia,Leche fresca entera sachet,Litro,Año 2021 - Marzo,79.28,2021,Marzo,202103.0
Patagonia,Huevos de gallina,Docena,Año 2021 - Marzo,150.95,2021,Marzo,202103.0
Patagonia,Papa,kg,Año 2021 - Marzo,75.52,2021,Marzo,202103.0
Patagonia,Azúcar,kg,Año 2021 - Marzo,74.93,2021,Marzo,202103.0
Patagonia,Detergente líquido,750 cc,Año 2021 - Marzo,148.85,2021,Marzo,202103.0
Patagonia,Lavandina,1.000 cc,Año 2021 - Marzo,57.39,2021,Marzo,202103.0
Patagonia,Jabón de tocador,125 g,Año 2021 - Marzo,54.29,2021,Marzo,202103.0
GBA,Pan francés,kg,Año 2021 - Abril,164.717942940625,2021,Abril,202104.0
GBA,Harina de trigo común,kg,Año 2021 - Abril,46.399629320835,2021,Abril,202104.0
GBA,Arroz blanco simple,kg,Año 2021 - Abril,96.383823096717,2021,Abril,202104.0
GBA,Fideos secos tipo guisero,500 g,Año 2021 - Abril,68.8651822767214,2021,Abril,202104.0
GBA,Carne picada común,kg,Año 2021 - Abril,372.637741909348,2021,Abril,202104.0
GBA,Pollo entero,kg,Año 2021 - Abril,178.410482313829,2021,Abril,202104.0
GBA,Aceite de girasol,"1,5 litros",Año 2021 - Abril,220.947306827983,2021,Abril,202104.0
GBA,Leche fresca entera sachet,Litro,Año 2021 - Abril,76.3513245461347,2021,Abril,202104.0
GBA,Huevos de gallina,Docena,Año 2021 - Abril,133.462676754315,2021,Abril,202104.0
GBA,Papa,kg,Año 2021 - Abril,54.35498683562542,2021,Abril,202104.0
GBA,Azúcar,kg,Año 2021 - Abril,69.6394245744247,2021,Abril,202104.0
GBA,Detergente líquido,750 cc,Año 2021 - Abril,81.8298272077617,2021,Abril,202104.0
GBA,Lavandina,1.000 cc,Año 2021 - Abril,55.7861003062052,2021,Abril,202104.0
GBA,Jabón de tocador,125 g,Año 2021 - Abril,52.280053496684,2021,Abril,202104.0
Pampeana,Pan francés,kg,Año 2021 - Abril,136.056198473374,2021,Abril,202104.0
Pampeana,Harina de trigo común,kg,Año 2021 - Abril,55.0917100854508,2021,Abril,202104.0
Pampeana,Arroz blanco simple,kg,Año 2021 - Abril,111.330407337798,2021,Abril,202104.0
Pampeana,Fideos secos tipo guisero,500 g,Año 2021 - Abril,66.0375634017397,2021,Abril,202104.0
Pampeana,Carne picada común,kg,Año 2021 - Abril,411.318233389259,2021,Abril,202104.0
Pampeana,Pollo entero,kg,Año 2021 - Abril,191.433946230097,2021,Abril,202104.0
Pampeana,Aceite de girasol,"1,5 litros",Año 2021 - Abril,271.688197352354,2021,Abril,202104.0
Pampeana,Leche fresca entera sachet,Litro,Año 2021 - Abril,83.3872779547446,2021,Abril,202104.0
Pampeana,Huevos de gallina,Docena,Año 2021 - Abril,142.492670522926,2021,Abril,202104.0
Pampeana,Papa,kg,Año 2021 - Abril,56.1423849426569,2021,Abril,202104.0
Pampeana,Azúcar,kg,Año 2021 - Abril,71.456427463918,2021,Abril,202104.0
Pampeana,Detergente líquido,750 cc,Año 2021 - Abril,89.7360051052449,2021,Abril,202104.0
Pampeana,Lavandina,1.000 cc,Año 2021 - Abril,56.5558148718306,2021,Abril,202104.0
Pampeana,Jabón de tocador,125 g,Año 2021 - Abril,52.7921804454182,2021,Abril,202104.0
Noreste,Pan francés,kg,Año 2021 - Abril,112.331404008213,2021,Abril,202104.0
Noreste,Harina de trigo común,kg,Año 2021 - Abril,53.3202544969213,2021,Abril,202104.0
Noreste,Arroz blanco simple,kg,Año 2021 - Abril,108.72193638187,2021,Abril,202104.0
Noreste,Fideos secos tipo guisero,500 g,Año 2021 - Abril,58.3904840289829,2021,Abril,202104.0
Noreste,Carne picada común,kg,Año 2021 - Abril,410.252871898197,2021,Abril,202104.0
Noreste,Pollo entero,kg,Año 2021 - Abril,184.441472109445,2021,Abril,202104.0
Noreste,Aceite de girasol,"1,5 litros",Año 2021 - Abril,330.104960948538,2021,Abril,202104.0
Noreste,Leche fresca entera sachet,Litro,Año 2021 - Abril,89.8134961360759,2021,Abril,202104.0
Noreste,Huevos de gallina,Docena,Año 2021 - Abril,137.506154856935,2021,Abril,202104.0
Noreste,Papa,kg,Año 2021 - Abril,60.1693719446497,2021,Abril,202104.0
Noreste,Azúcar,kg,Año 2021 - Abril,70.0441567198939,2021,Abril,202104.0
Noreste,Detergente líquido,750 cc,Año 2021 - Abril,84.5617287238574,2021,Abril,202104.0
Noreste,Lavandina,1.000 cc,Año 2021 - Abril,63.866740205803,2021,Abril,202104.0
Noreste,Jabón de tocador,125 g,Año 2021 - Abril,50.9988719818091,2021,Abril,202104.0
Noroeste,Pan francés,kg,Año 2021 - Abril,127.427361295579,2021,Abril,202104.0
Noroeste,Harina de trigo común,kg,Año 2021 - Abril,54.9449558831056,2021,Abril,202104.0
Noroeste,Arroz blanco simple,kg,Año 2021 - Abril,106.435028315274,2021,Abril,202104.0
Noroeste,Fideos secos tipo guisero,500 g,Año 2021 - Abril,58.8804539122249,2021,Abril,202104.0
Noroeste,Carne picada común,kg,Año 2021 - Abril,403.232457565676,2021,Abril,202104.0
Noroeste,Pollo entero,kg,Año 2021 - Abril,182.00496592375,2021,Abril,202104.0
Noroeste,Aceite de girasol,"1,5 litros",Año 2021 - Abril,282.86148812564,2021,Abril,202104.0
Noroeste,Leche fresca entera sachet,Litro,Año 2021 - Abril,84.2648883939998,2021,Abril,202104.0
Noroeste,Huevos de gallina,Docena,Año 2021 - Abril,129.855770282198,2021,Abril,202104.0
Noroeste,Papa,kg,Año 2021 - Abril,46.58845442714,2021,Abril,202104.0
Noroeste,Azúcar,kg,Año 2021 - Abril,65.7230102027368,2021,Abril,202104.0
Noroeste,Detergente líquido,750 cc,Año 2021 - Abril,89.4926993507551,2021,Abril,202104.0
Noroeste,Lavandina,1.000 cc,Año 2021 - Abril,63.2853853861559,2021,Abril,202104.0
Noroeste,Jabón de tocador,125 g,Año 2021 - Abril,53.2114048561349,2021,Abril,202104.0
Cuyo,Pan francés,kg,Año 2021 - Abril,120.10559944326,2021,Abril,202104.0
Cuyo,Harina de trigo común,kg,Año 2021 - Abril,53.0637980397714,2021,Abril,202104.0
Cuyo,Arroz blanco simple,kg,Año 2021 - Abril,112.964781347443,2021,Abril,202104.0
Cuyo,Fideos secos tipo guisero,500 g,Año 2021 - Abril,64.7285818128236,2021,Abril,202104.0
Cuyo,Carne picada común,kg,Año 2021 - Abril,396.746458047518,2021,Abril,202104.0
Cuyo,Pollo entero,kg,Año 2021 - Abril,189.104437163972,2021,Abril,202104.0
Cuyo,Aceite de girasol,"1,5 litros",Año 2021 - Abril,267.958482159048,2021,Abril,202104.0
Cuyo,Leche fresca entera sachet,Litro,Año 2021 - Abril,88.6005040390537,2021,Abril,202104.0
Cuyo,Huevos de gallina,Docena,Año 2021 - Abril,135.110387491923,2021,Abril,202104.0
Cuyo,Papa,kg,Año 2021 - Abril,53.9576239148394,2021,Abril,202104.0
Cuyo,Azúcar,kg,Año 2021 - Abril,70.5205712561449,2021,Abril,202104.0
Cuyo,Detergente líquido,750 cc,Año 2021 - Abril,92.411477043565,2021,Abril,202104.0
Cuyo,Lavandina,1.000 cc,Año 2021 - Abril,54.0273595308059,2021,Abril,202104.0
Cuyo,Jabón de tocador,125 g,Año 2021 - Abril,54.7080049587732,2021,Abril,202104.0
Patagonia,Pan francés,kg,Año 2021 - Abril,158.640873962742,2021,Abril,202104.0
Patagonia,Harina de trigo común,kg,Año 2021 - Abril,59.89929524691,2021,Abril,202104.0
Patagonia,Arroz blanco simple,kg,Año 2021 - Abril,123.766935154963,2021,Abril,202104.0
Patagonia,Fideos secos tipo guisero,500 g,Año 2021 - Abril,74.9684138169155,2021,Abril,202104.0
Patagonia,Carne picada común,kg,Año 2021 - Abril,469.464487933306,2021,Abril,202104.0
Patagonia,Pollo entero,kg,Año 2021 - Abril,183.88955024969,2021,Abril,202104.0
Patagonia,Aceite de girasol,"1,5 litros",Año 2021 - Abril,267.61214626153,2021,Abril,202104.0
Patagonia,Leche fresca entera sachet,Litro,Año 2021 - Abril,87.7543126497088,2021,Abril,202104.0
Patagonia,Huevos de gallina,Docena,Año 2021 - Abril,155.815618395432,2021,Abril,202104.0
Patagonia,Papa,kg,Año 2021 - Abril,74.6311008557241,2021,Abril,202104.0
Patagonia,Azúcar,kg,Año 2021 - Abril,77.0906232253439,2021,Abril,202104.0
Patagonia,Detergente líquido,750 cc,Año 2021 - Abril,148.108616430454,2021,Abril,202104.0
Patagonia,Lavandina,1.000 cc,Año 2021 - Abril,57.4447571588914,2021,Abril,202104.0
Patagonia,Jabón de tocador,125 g,Año 2021 - Abril,54.5110062698816,2021,Abril,202104.0
GBA,Pan francés,kg,Año 2021 - Mayo,172.293018932874,2021,Mayo,202105.0
GBA,Harina de trigo común,kg,Año 2021 - Mayo,49.5059559771371,2021,Mayo,202105.0
GBA,Arroz blanco simple,kg,Año 2021 - Mayo,108.970152781559,2021,Mayo,202105.0
GBA,Fideos secos tipo guisero,500 g,Año 2021 - Mayo,69.4488307099251,2021,Mayo,202105.0
GBA,Carne picada común,kg,Año 2021 - Mayo,407.231596732536,2021,Mayo,202105.0
GBA,Pollo entero,kg,Año 2021 - Mayo,180.57221887911,2021,Mayo,202105.0
GBA,Aceite de girasol,"1,5 litros",Año 2021 - Mayo,233.349110859985,2021,Mayo,202105.0
GBA,Leche fresca entera sachet,Litro,Año 2021 - Mayo,77.2139293767186,2021,Mayo,202105.0
GBA,Huevos de gallina,Docena,Año 2021 - Mayo,134.992445139442,2021,Mayo,202105.0
GBA,Papa,kg,Año 2021 - Mayo,55.953824901397915,2021,Mayo,202105.0
GBA,Azúcar,kg,Año 2021 - Mayo,69.5755585032031,2021,Mayo,202105.0
GBA,Detergente líquido,750 cc,Año 2021 - Mayo,84.6023129228369,2021,Mayo,202105.0
GBA,Lavandina,1.000 cc,Año 2021 - Mayo,56.1544077445742,2021,Mayo,202105.0
GBA,Jabón de tocador,125 g,Año 2021 - Mayo,53.4133261696308,2021,Mayo,202105.0
Pampeana,Pan francés,kg,Año 2021 - Mayo,141.5783086,2021,Mayo,202105.0
Pampeana,Harina de trigo común,kg,Año 2021 - Mayo,58.02401613,2021,Mayo,202105.0
Pampeana,Arroz blanco simple,kg,Año 2021 - Mayo,116.5141043,2021,Mayo,202105.0
Pampeana,Fideos secos tipo guisero,500 g,Año 2021 - Mayo,67.51632186,2021,Mayo,202105.0
Pampeana,Carne picada común,kg,Año 2021 - Mayo,438.3959503,2021,Mayo,202105.0
Pampeana,Pollo entero,kg,Año 2021 - Mayo,195.2012443,2021,Mayo,202105.0
Pampeana,Aceite de girasol,"1,5 litros",Año 2021 - Mayo,286.661433,2021,Mayo,202105.0
Pampeana,Leche fresca entera sachet,Litro,Año 2021 - Mayo,87.21904988,2021,Mayo,202105.0
Pampeana,Huevos de gallina,Docena,Año 2021 - Mayo,144.4667827,2021,Mayo,202105.0
Pampeana,Papa,kg,Año 2021 - Mayo,54.16543264,2021,Mayo,202105.0
Pampeana,Azúcar,kg,Año 2021 - Mayo,72.26156558,2021,Mayo,202105.0
Pampeana,Detergente líquido,750 cc,Año 2021 - Mayo,92.07617491,2021,Mayo,202105.0
Pampeana,Lavandina,1.000 cc,Año 2021 - Mayo,58.39279502,2021,Mayo,202105.0
Pampeana,Jabón de tocador,125 g,Año 2021 - Mayo,54.7295373,2021,Mayo,202105.0
Noreste,Pan francés,kg,Año 2021 - Mayo,114.5688085,2021,Mayo,202105.0
Noreste,Harina de trigo común,kg,Año 2021 - Mayo,54.86778692,2021,Mayo,202105.0
Noreste,Arroz blanco simple,kg,Año 2021 - Mayo,110.8460368,2021,Mayo,202105.0
Noreste,Fideos secos tipo guisero,500 g,Año 2021 - Mayo,59.31215914,2021,Mayo,202105.0
Noreste,Carne picada común,kg,Año 2021 - Mayo,424.5568629,2021,Mayo,202105.0
Noreste,Pollo entero,kg,Año 2021 - Mayo,185.6597432,2021,Mayo,202105.0
Noreste,Aceite de girasol,"1,5 litros",Año 2021 - Mayo,345.2235775,2021,Mayo,202105.0
Noreste,Leche fresca entera sachet,Litro,Año 2021 - Mayo,91.98751689,2021,Mayo,202105.0
Noreste,Huevos de gallina,Docena,Año 2021 - Mayo,137.153506,2021,Mayo,202105.0
Noreste,Papa,kg,Año 2021 - Mayo,59.10860786,2021,Mayo,202105.0
Noreste,Azúcar,kg,Año 2021 - Mayo,70.50437715,2021,Mayo,202105.0
Noreste,Detergente líquido,750 cc,Año 2021 - Mayo,85.94230703,2021,Mayo,202105.0
Noreste,Lavandina,1.000 cc,Año 2021 - Mayo,65.91351115,2021,Mayo,202105.0
Noreste,Jabón de tocador,125 g,Año 2021 - Mayo,52.2853746,2021,Mayo,202105.0
Noroeste,Pan francés,kg,Año 2021 - Mayo,131.8423476,2021,Mayo,202105.0
Noroeste,Harina de trigo común,kg,Año 2021 - Mayo,57.3547571,2021,Mayo,202105.0
Noroeste,Arroz blanco simple,kg,Año 2021 - Mayo,109.2133805,2021,Mayo,202105.0
Noroeste,Fideos secos tipo guisero,500 g,Año 2021 - Mayo,59.71695506,2021,Mayo,202105.0
Noroeste,Carne picada común,kg,Año 2021 - Mayo,433.1162923,2021,Mayo,202105.0
Noroeste,Pollo entero,kg,Año 2021 - Mayo,184.9051722,2021,Mayo,202105.0
Noroeste,Aceite de girasol,"1,5 litros",Año 2021 - Mayo,301.4484015,2021,Mayo,202105.0
Noroeste,Leche fresca entera sachet,Litro,Año 2021 - Mayo,88.6459312,2021,Mayo,202105.0
Noroeste,Huevos de gallina,Docena,Año 2021 - Mayo,129.9367972,2021,Mayo,202105.0
Noroeste,Papa,kg,Año 2021 - Mayo,45.21807615,2021,Mayo,202105.0
Noroeste,Azúcar,kg,Año 2021 - Mayo,66.35302177,2021,Mayo,202105.0
Noroeste,Detergente líquido,750 cc,Año 2021 - Mayo,90.46052308,2021,Mayo,202105.0
Noroeste,Lavandina,1.000 cc,Año 2021 - Mayo,65.66319466,2021,Mayo,202105.0
Noroeste,Jabón de tocador,125 g,Año 2021 - Mayo,54.57119355,2021,Mayo,202105.0
Cuyo,Pan francés,kg,Año 2021 - Mayo,126.5113182,2021,Mayo,202105.0
Cuyo,Harina de trigo común,kg,Año 2021 - Mayo,56.25393573,2021,Mayo,202105.0
Cuyo,Arroz blanco simple,kg,Año 2021 - Mayo,119.9203562,2021,Mayo,202105.0
Cuyo,Fideos secos tipo guisero,500 g,Año 2021 - Mayo,65.41031865,2021,Mayo,202105.0
Cuyo,Carne picada común,kg,Año 2021 - Mayo,415.2608785,2021,Mayo,202105.0
Cuyo,Pollo entero,kg,Año 2021 - Mayo,192.4059734,2021,Mayo,202105.0
Cuyo,Aceite de girasol,"1,5 litros",Año 2021 - Mayo,286.3609381,2021,Mayo,202105.0
Cuyo,Leche fresca entera sachet,Litro,Año 2021 - Mayo,92.55343385,2021,Mayo,202105.0
Cuyo,Huevos de gallina,Docena,Año 2021 - Mayo,136.4310739,2021,Mayo,202105.0
Cuyo,Papa,kg,Año 2021 - Mayo,48.85648714,2021,Mayo,202105.0
Cuyo,Azúcar,kg,Año 2021 - Mayo,71.2490248,2021,Mayo,202105.0
Cuyo,Detergente líquido,750 cc,Año 2021 - Mayo,94.23147366,2021,Mayo,202105.0
Cuyo,Lavandina,1.000 cc,Año 2021 - Mayo,55.69183659,2021,Mayo,202105.0
Cuyo,Jabón de tocador,125 g,Año 2021 - Mayo,54.98209211,2021,Mayo,202105.0
Patagonia,Pan francés,kg,Año 2021 - Mayo,164.5411627,2021,Mayo,202105.0
Patagonia,Harina de trigo común,kg,Año 2021 - Mayo,59.48586306,2021,Mayo,202105.0
Patagonia,Arroz blanco simple,kg,Año 2021 - Mayo,123.8864364,2021,Mayo,202105.0
Patagonia,Fideos secos tipo guisero,500 g,Año 2021 - Mayo,76.06951179,2021,Mayo,202105.0
Patagonia,Carne picada común,kg,Año 2021 - Mayo,484.4109324,2021,Mayo,202105.0
Patagonia,Pollo entero,kg,Año 2021 - Mayo,187.0672325,2021,Mayo,202105.0
Patagonia,Aceite de girasol,"1,5 litros",Año 2021 - Mayo,278.4077799,2021,Mayo,202105.0
Patagonia,Leche fresca entera sachet,Litro,Año 2021 - Mayo,90.73064115,2021,Mayo,202105.0
Patagonia,Huevos de gallina,Docena,Año 2021 - Mayo,162.2543603,2021,Mayo,202105.0
Patagonia,Papa,kg,Año 2021 - Mayo,72.91538974,2021,Mayo,202105.0
Patagonia,Azúcar,kg,Año 2021 - Mayo,79.13055961,2021,Mayo,202105.0
Patagonia,Detergente líquido,750 cc,Año 2021 - Mayo,137.4767862,2021,Mayo,202105.0
Patagonia,Lavandina,1.000 cc,Año 2021 - Mayo,57.40640897,2021,Mayo,202105.0
Patagonia,Jabón de tocador,125 g,Año 2021 - Mayo,56.11086248,2021,Mayo,202105.0
GBA,Pan francés,kg,Año 2021 - Junio,182.910621066996,2021,Junio,202106.0
GBA,Harina de trigo común,kg,Año 2021 - Junio,50.9380564397098,2021,Junio,202106.0
GBA,Arroz blanco simple,kg,Año 2021 - Junio,111.682709382476,2021,Junio,202106.0
GBA,Fideos secos tipo guisero,500 g,Año 2021 - Junio,71.1595827127392,2021,Junio,202106.0
GBA,Carne picada común,kg,Año 2021 - Junio,427.820656653559,2021,Junio,202106.0
GBA,Pollo entero,kg,Año 2021 - Junio,190.575231220058,2021,Junio,202106.0
GBA,Aceite de girasol,"1,5 litros",Año 2021 - Junio,240.68773931503,2021,Junio,202106.0
GBA,Leche fresca entera sachet,Litro,Año 2021 - Junio,84.1034856069125,2021,Junio,202106.0
GBA,Huevos de gallina,Docena,Año 2021 - Junio,138.466486229359,2021,Junio,202106.0
GBA,Papa,kg,Año 2021 - Junio,53.3307515790519,2021,Junio,202106.0
GBA,Azúcar,kg,Año 2021 - Junio,70.9590784189815,2021,Junio,202106.0
GBA,Detergente líquido,750 cc,Año 2021 - Junio,88.2422074223283,2021,Junio,202106.0
GBA,Lavandina,1.000 cc,Año 2021 - Junio,56.831848977187,2021,Junio,202106.0
GBA,Jabón de tocador,125 g,Año 2021 - Junio,54.2118629543064,2021,Junio,202106.0
Pampeana,Pan francés,kg,Año 2021 - Junio,149.56031807267,2021,Junio,202106.0
Pampeana,Harina de trigo común,kg,Año 2021 - Junio,59.551126114452,2021,Junio,202106.0
Pampeana,Arroz blanco simple,kg,Año 2021 - Junio,119.761339505879,2021,Junio,202106.0
Pampeana,Fideos secos tipo guisero,500 g,Año 2021 - Junio,69.2013716284943,2021,Junio,202106.0
Pampeana,Carne picada común,kg,Año 2021 - Junio,473.643589999609,2021,Junio,202106.0
Pampeana,Pollo entero,kg,Año 2021 - Junio,200.606147087468,2021,Junio,202106.0
Pampeana,Aceite de girasol,"1,5 litros",Año 2021 - Junio,305.014418314424,2021,Junio,202106.0
Pampeana,Leche fresca entera sachet,Litro,Año 2021 - Junio,91.3751218005004,2021,Junio,202106.0
Pampeana,Huevos de gallina,Docena,Año 2021 - Junio,145.887966485467,2021,Junio,202106.0
Pampeana,Papa,kg,Año 2021 - Junio,53.105862291251,2021,Junio,202106.0
Pampeana,Azúcar,kg,Año 2021 - Junio,72.7198173812641,2021,Junio,202106.0
Pampeana,Detergente líquido,750 cc,Año 2021 - Junio,94.6832024997676,2021,Junio,202106.0
Pampeana,Lavandina,1.000 cc,Año 2021 - Junio,58.952516115236,2021,Junio,202106.0
Pampeana,Jabón de tocador,125 g,Año 2021 - Junio,56.2455148610417,2021,Junio,202106.0
Noreste,Pan francés,kg,Año 2021 - Junio,121.504362712247,2021,Junio,202106.0
Noreste,Harina de trigo común,kg,Año 2021 - Junio,58.2202273626051,2021,Junio,202106.0
Noreste,Arroz blanco simple,kg,Año 2021 - Junio,113.963326573145,2021,Junio,202106.0
Noreste,Fideos secos tipo guisero,500 g,Año 2021 - Junio,60.1134505228748,2021,Junio,202106.0
Noreste,Carne picada común,kg,Año 2021 - Junio,434.051697487093,2021,Junio,202106.0
Noreste,Pollo entero,kg,Año 2021 - Junio,189.17590513976,2021,Junio,202106.0
Noreste,Aceite de girasol,"1,5 litros",Año 2021 - Junio,351.719805924786,2021,Junio,202106.0
Noreste,Leche fresca entera sachet,Litro,Año 2021 - Junio,96.9983877249021,2021,Junio,202106.0
Noreste,Huevos de gallina,Docena,Año 2021 - Junio,140.298133080653,2021,Junio,202106.0
Noreste,Papa,kg,Año 2021 - Junio,56.8295209432768,2021,Junio,202106.0
Noreste,Azúcar,kg,Año 2021 - Junio,72.1292587211555,2021,Junio,202106.0
Noreste,Detergente líquido,750 cc,Año 2021 - Junio,85.1006396990496,2021,Junio,202106.0
Noreste,Lavandina,1.000 cc,Año 2021 - Junio,68.2856730194658,2021,Junio,202106.0
Noreste,Jabón de tocador,125 g,Año 2021 - Junio,54.0439068236081,2021,Junio,202106.0
Noroeste,Pan francés,kg,Año 2021 - Junio,137.428275632051,2021,Junio,202106.0
Noroeste,Harina de trigo común,kg,Año 2021 - Junio,58.4971330323697,2021,Junio,202106.0
Noroeste,Arroz blanco simple,kg,Año 2021 - Junio,113.627422862177,2021,Junio,202106.0
Noroeste,Fideos secos tipo guisero,500 g,Año 2021 - Junio,59.5154967130219,2021,Junio,202106.0
Noroeste,Carne picada común,kg,Año 2021 - Junio,457.33049302649,2021,Junio,202106.0
Noroeste,Pollo entero,kg,Año 2021 - Junio,192.408815228371,2021,Junio,202106.0
Noroeste,Aceite de girasol,"1,5 litros",Año 2021 - Junio,330.453072051069,2021,Junio,202106.0
Noroeste,Leche fresca entera sachet,Litro,Año 2021 - Junio,92.6842660907239,2021,Junio,202106.0
Noroeste,Huevos de gallina,Docena,Año 2021 - Junio,132.990562734261,2021,Junio,202106.0
Noroeste,Papa,kg,Año 2021 - Junio,44.0802165538468,2021,Junio,202106.0
Noroeste,Azúcar,kg,Año 2021 - Junio,66.7817978447139,2021,Junio,202106.0
Noroeste,Detergente líquido,750 cc,Año 2021 - Junio,94.1019871059506,2021,Junio,202106.0
Noroeste,Lavandina,1.000 cc,Año 2021 - Junio,67.9799748269963,2021,Junio,202106.0
Noroeste,Jabón de tocador,125 g,Año 2021 - Junio,55.6377594441244,2021,Junio,202106.0
Cuyo,Pan francés,kg,Año 2021 - Junio,130.850884442486,2021,Junio,202106.0
Cuyo,Harina de trigo común,kg,Año 2021 - Junio,58.8791922383713,2021,Junio,202106.0
Cuyo,Arroz blanco simple,kg,Año 2021 - Junio,123.944305833447,2021,Junio,202106.0
Cuyo,Fideos secos tipo guisero,500 g,Año 2021 - Junio,66.9928754398349,2021,Junio,202106.0
Cuyo,Carne picada común,kg,Año 2021 - Junio,443.404651615915,2021,Junio,202106.0
Cuyo,Pollo entero,kg,Año 2021 - Junio,200.568536699973,2021,Junio,202106.0
Cuyo,Aceite de girasol,"1,5 litros",Año 2021 - Junio,306.215025217125,2021,Junio,202106.0
Cuyo,Leche fresca entera sachet,Litro,Año 2021 - Junio,96.8601730509676,2021,Junio,202106.0
Cuyo,Huevos de gallina,Docena,Año 2021 - Junio,142.132175031276,2021,Junio,202106.0
Cuyo,Papa,kg,Año 2021 - Junio,49.5604392307165,2021,Junio,202106.0
Cuyo,Azúcar,kg,Año 2021 - Junio,71.3471679774959,2021,Junio,202106.0
Cuyo,Detergente líquido,750 cc,Año 2021 - Junio,97.576702607357,2021,Junio,202106.0
Cuyo,Lavandina,1.000 cc,Año 2021 - Junio,56.1910909587408,2021,Junio,202106.0
Cuyo,Jabón de tocador,125 g,Año 2021 - Junio,56.4942139910464,2021,Junio,202106.0
Patagonia,Pan francés,kg,Año 2021 - Junio,173.280405940584,2021,Junio,202106.0
Patagonia,Harina de trigo común,kg,Año 2021 - Junio,60.6249361920166,2021,Junio,202106.0
Patagonia,Arroz blanco simple,kg,Año 2021 - Junio,127.311841227911,2021,Junio,202106.0
Patagonia,Fideos secos tipo guisero,500 g,Año 2021 - Junio,79.0102541731339,2021,Junio,202106.0
Patagonia,Carne picada común,kg,Año 2021 - Junio,495.293929983928,2021,Junio,202106.0
Patagonia,Pollo entero,kg,Año 2021 - Junio,188.769299594199,2021,Junio,202106.0
Patagonia,Aceite de girasol,"1,5 litros",Año 2021 - Junio,275.272494264839,2021,Junio,202106.0
Patagonia,Leche fresca entera sachet,Litro,Año 2021 - Junio,95.6157366756991,2021,Junio,202106.0
Patagonia,Huevos de gallina,Docena,Año 2021 - Junio,162.372450993931,2021,Junio,202106.0
Patagonia,Papa,kg,Año 2021 - Junio,71.2431495612039,2021,Junio,202106.0
Patagonia,Azúcar,kg,Año 2021 - Junio,80.5271796975691,2021,Junio,202106.0
Patagonia,Detergente líquido,750 cc,Año 2021 - Junio,148.940802315955,2021,Junio,202106.0
Patagonia,Lavandina,1.000 cc,Año 2021 - Junio,58.0538039300988,2021,Junio,202106.0
Patagonia,Jabón de tocador,125 g,Año 2021 - Junio,58.0556798985019,2021,Junio,202106.0
GBA,Pan francés,kg,Año 2021 - Julio,185.115698554028,2021,Julio,202107.0
GBA,Harina de trigo común,kg,Año 2021 - Julio,52.7091162053103,2021,Julio,202107.0
GBA,Arroz blanco simple,kg,Año 2021 - Julio,111.743490566369,2021,Julio,202107.0
GBA,Fideos secos tipo guisero,500 g,Año 2021 - Julio,73.6907467469398,2021,Julio,202107.0
GBA,Carne picada común,kg,Año 2021 - Julio,429.771086517106,2021,Julio,202107.0
GBA,Pollo entero,kg,Año 2021 - Julio,193.658403385762,2021,Julio,202107.0
GBA,Aceite de girasol,"1,5 litros",Año 2021 - Julio,251.838384780312,2021,Julio,202107.0
GBA,Leche fresca entera sachet,Litro,Año 2021 - Julio,84.9197760444648,2021,Julio,202107.0
GBA,Huevos de gallina,Docena,Año 2021 - Julio,146.477790388881,2021,Julio,202107.0
GBA,Papa,kg,Año 2021 - Julio,52.36173674744449,2021,Julio,202107.0
GBA,Azúcar,kg,Año 2021 - Julio,73.685482121513,2021,Julio,202107.0
GBA,Detergente líquido,750 cc,Año 2021 - Julio,91.1088064397428,2021,Julio,202107.0
GBA,Lavandina,1.000 cc,Año 2021 - Julio,58.8724173752141,2021,Julio,202107.0
GBA,Jabón de tocador,125 g,Año 2021 - Julio,57.054359740705,2021,Julio,202107.0
Pampeana,Pan francés,kg,Año 2021 - Julio,153.536998303346,2021,Julio,202107.0
Pampeana,Harina de trigo común,kg,Año 2021 - Julio,61.3296823704734,2021,Julio,202107.0
Pampeana,Arroz blanco simple,kg,Año 2021 - Julio,124.735482704806,2021,Julio,202107.0
Pampeana,Fideos secos tipo guisero,500 g,Año 2021 - Julio,71.7551443812481,2021,Julio,202107.0
Pampeana,Carne picada común,kg,Año 2021 - Julio,478.904555685475,2021,Julio,202107.0
Pampeana,Pollo entero,kg,Año 2021 - Julio,208.286870497034,2021,Julio,202107.0
Pampeana,Aceite de girasol,"1,5 litros",Año 2021 - Julio,317.378872673239,2021,Julio,202107.0
Pampeana,Leche fresca entera sachet,Litro,Año 2021 - Julio,93.5776551843517,2021,Julio,202107.0
Pampeana,Huevos de gallina,Docena,Año 2021 - Julio,151.713978319207,2021,Julio,202107.0
Pampeana,Papa,kg,Año 2021 - Julio,50.7118826451943,2021,Julio,202107.0
Pampeana,Azúcar,kg,Año 2021 - Julio,74.675399406688,2021,Julio,202107.0
Pampeana,Detergente líquido,750 cc,Año 2021 - Julio,97.2820270209129,2021,Julio,202107.0
Pampeana,Lavandina,1.000 cc,Año 2021 - Julio,61.4359330772462,2021,Julio,202107.0
Pampeana,Jabón de tocador,125 g,Año 2021 - Julio,57.2006722089526,2021,Julio,202107.0
Noreste,Pan francés,kg,Año 2021 - Julio,126.480177249447,2021,Julio,202107.0
Noreste,Harina de trigo común,kg,Año 2021 - Julio,59.4236547291461,2021,Julio,202107.0
Noreste,Arroz blanco simple,kg,Año 2021 - Julio,120.685432700585,2021,Julio,202107.0
Noreste,Fideos secos tipo guisero,500 g,Año 2021 - Julio,60.6281757275907,2021,Julio,202107.0
Noreste,Carne picada común,kg,Año 2021 - Julio,446.177981540964,2021,Julio,202107.0
Noreste,Pollo entero,kg,Año 2021 - Julio,197.2762587621,2021,Julio,202107.0
Noreste,Aceite de girasol,"1,5 litros",Año 2021 - Julio,366.406645989812,2021,Julio,202107.0
Noreste,Leche fresca entera sachet,Litro,Año 2021 - Julio,101.431941909442,2021,Julio,202107.0
Noreste,Huevos de gallina,Docena,Año 2021 - Julio,145.017212989938,2021,Julio,202107.0
Noreste,Papa,kg,Año 2021 - Julio,54.195591486326,2021,Julio,202107.0
Noreste,Azúcar,kg,Año 2021 - Julio,73.9522005127867,2021,Julio,202107.0
Noreste,Detergente líquido,750 cc,Año 2021 - Julio,86.7432903874047,2021,Julio,202107.0
Noreste,Lavandina,1.000 cc,Año 2021 - Julio,71.43770017021,2021,Julio,202107.0
Noreste,Jabón de tocador,125 g,Año 2021 - Julio,54.9869247761257,2021,Julio,202107.0
Noroeste,Pan francés,kg,Año 2021 - Julio,140.890890813362,2021,Julio,202107.0
Noroeste,Harina de trigo común,kg,Año 2021 - Julio,60.2374711813518,2021,Julio,202107.0
Noroeste,Arroz blanco simple,kg,Año 2021 - Julio,115.122039807007,2021,Julio,202107.0
Noroeste,Fideos secos tipo guisero,500 g,Año 2021 - Julio,61.1570051778016,2021,Julio,202107.0
Noroeste,Carne picada común,kg,Año 2021 - Julio,462.939655728133,2021,Julio,202107.0
Noroeste,Pollo entero,kg,Año 2021 - Julio,197.717572588121,2021,Julio,202107.0
Noroeste,Aceite de girasol,"1,5 litros",Año 2021 - Julio,340.62015645373,2021,Julio,202107.0
Noroeste,Leche fresca entera sachet,Litro,Año 2021 - Julio,96.3727775682868,2021,Julio,202107.0
Noroeste,Huevos de gallina,Docena,Año 2021 - Julio,139.869379800349,2021,Julio,202107.0
Noroeste,Papa,kg,Año 2021 - Julio,42.7511270536942,2021,Julio,202107.0
Noroeste,Azúcar,kg,Año 2021 - Julio,68.0076146636195,2021,Julio,202107.0
Noroeste,Detergente líquido,750 cc,Año 2021 - Julio,95.2321600703081,2021,Julio,202107.0
Noroeste,Lavandina,1.000 cc,Año 2021 - Julio,68.9766122340265,2021,Julio,202107.0
Noroeste,Jabón de tocador,125 g,Año 2021 - Julio,58.072627252083,2021,Julio,202107.0
Cuyo,Pan francés,kg,Año 2021 - Julio,136.045204228929,2021,Julio,202107.0
Cuyo,Harina de trigo común,kg,Año 2021 - Julio,59.6723304097307,2021,Julio,202107.0
Cuyo,Arroz blanco simple,kg,Año 2021 - Julio,123.765400414295,2021,Julio,202107.0
Cuyo,Fideos secos tipo guisero,500 g,Año 2021 - Julio,69.4053959704762,2021,Julio,202107.0
Cuyo,Carne picada común,kg,Año 2021 - Julio,441.47072434647,2021,Julio,202107.0
Cuyo,Pollo entero,kg,Año 2021 - Julio,209.998206922769,2021,Julio,202107.0
Cuyo,Aceite de girasol,"1,5 litros",Año 2021 - Julio,321.661080449294,2021,Julio,202107.0
Cuyo,Leche fresca entera sachet,Litro,Año 2021 - Julio,99.3148890590863,2021,Julio,202107.0
Cuyo,Huevos de gallina,Docena,Año 2021 - Julio,146.571594481866,2021,Julio,202107.0
Cuyo,Papa,kg,Año 2021 - Julio,46.3931628486899,2021,Julio,202107.0
Cuyo,Azúcar,kg,Año 2021 - Julio,72.6792577514977,2021,Julio,202107.0
Cuyo,Detergente líquido,750 cc,Año 2021 - Julio,100.11197057612,2021,Julio,202107.0
Cuyo,Lavandina,1.000 cc,Año 2021 - Julio,59.2951619173656,2021,Julio,202107.0
Cuyo,Jabón de tocador,125 g,Año 2021 - Julio,58.176612054071,2021,Julio,202107.0
Patagonia,Pan francés,kg,Año 2021 - Julio,177.824763413283,2021,Julio,202107.0
Patagonia,Harina de trigo común,kg,Año 2021 - Julio,63.9873767491421,2021,Julio,202107.0
Patagonia,Arroz blanco simple,kg,Año 2021 - Julio,125.939619211337,2021,Julio,202107.0
Patagonia,Fideos secos tipo guisero,500 g,Año 2021 - Julio,79.829804178293,2021,Julio,202107.0
Patagonia,Carne picada común,kg,Año 2021 - Julio,508.301165793692,2021,Julio,202107.0
Patagonia,Pollo entero,kg,Año 2021 - Julio,200.477712072501,2021,Julio,202107.0
Patagonia,Aceite de girasol,"1,5 litros",Año 2021 - Julio,286.960418762237,2021,Julio,202107.0
Patagonia,Leche fresca entera sachet,Litro,Año 2021 - Julio,100.737602146654,2021,Julio,202107.0
Patagonia,Huevos de gallina,Docena,Año 2021 - Julio,165.181916193971,2021,Julio,202107.0
Patagonia,Papa,kg,Año 2021 - Julio,71.2586603222196,2021,Julio,202107.0
Patagonia,Azúcar,kg,Año 2021 - Julio,81.9950339490659,2021,Julio,202107.0
Patagonia,Detergente líquido,750 cc,Año 2021 - Julio,157.591556234285,2021,Julio,202107.0
Patagonia,Lavandina,1.000 cc,Año 2021 - Julio,61.1886428599557,2021,Julio,202107.0
Patagonia,Jabón de tocador,125 g,Año 2021 - Julio,60.3660441552043,2021,Julio,202107.0
GBA,Pan francés,kg,Año 2021 - Agosto,188.621431134082,2021,Agosto,202108.0
GBA,Harina de trigo común,kg,Año 2021 - Agosto,53.547282963772,2021,Agosto,202108.0
GBA,Arroz blanco simple,kg,Año 2021 - Agosto,117.360671749081,2021,Agosto,202108.0
GBA,Fideos secos tipo guisero,500 g,Año 2021 - Agosto,75.188592325642,2021,Agosto,202108.0
GBA,Carne picada común,kg,Año 2021 - Agosto,414.759300910814,2021,Agosto,202108.0
GBA,Pollo entero,kg,Año 2021 - Agosto,198.662496786726,2021,Agosto,202108.0
GBA,Aceite de girasol,"1,5 litros",Año 2021 - Agosto,258.721479803637,2021,Agosto,202108.0
GBA,Leche fresca entera sachet,Litro,Año 2021 - Agosto,86.7027184673727,2021,Agosto,202108.0
GBA,Huevos de gallina,Docena,Año 2021 - Agosto,147.683904475283,2021,Agosto,202108.0
GBA,Papa,kg,Año 2021 - Agosto,50.19178002585386,2021,Agosto,202108.0
GBA,Azúcar,kg,Año 2021 - Agosto,75.6773169692804,2021,Agosto,202108.0
GBA,Detergente líquido,750 cc,Año 2021 - Agosto,92.425562212087,2021,Agosto,202108.0
GBA,Lavandina,1.000 cc,Año 2021 - Agosto,60.6554514868132,2021,Agosto,202108.0
GBA,Jabón de tocador,125 g,Año 2021 - Agosto,58.4098396776261,2021,Agosto,202108.0
Pampeana,Pan francés,kg,Año 2021 - Agosto,156.7035412,2021,Agosto,202108.0
Pampeana,Harina de trigo común,kg,Año 2021 - Agosto,63.10925464,2021,Agosto,202108.0
Pampeana,Arroz blanco simple,kg,Año 2021 - Agosto,127.2048067,2021,Agosto,202108.0
Pampeana,Fideos secos tipo guisero,500 g,Año 2021 - Agosto,73.24745643,2021,Agosto,202108.0
Pampeana,Carne picada común,kg,Año 2021 - Agosto,479.6643163,2021,Agosto,202108.0
Pampeana,Pollo entero,kg,Año 2021 - Agosto,211.2598663,2021,Agosto,202108.0
Pampeana,Aceite de girasol,"1,5 litros",Año 2021 - Agosto,321.979644,2021,Agosto,202108.0
Pampeana,Leche fresca entera sachet,Litro,Año 2021 - Agosto,95.45934486,2021,Agosto,202108.0
Pampeana,Huevos de gallina,Docena,Año 2021 - Agosto,154.5493944,2021,Agosto,202108.0
Pampeana,Papa,kg,Año 2021 - Agosto,49.3875104,2021,Agosto,202108.0
Pampeana,Azúcar,kg,Año 2021 - Agosto,77.67605743,2021,Agosto,202108.0
Pampeana,Detergente líquido,750 cc,Año 2021 - Agosto,100.2942999,2021,Agosto,202108.0
Pampeana,Lavandina,1.000 cc,Año 2021 - Agosto,64.49948608,2021,Agosto,202108.0
Pampeana,Jabón de tocador,125 g,Año 2021 - Agosto,59.8316827,2021,Agosto,202108.0
Noreste,Pan francés,kg,Año 2021 - Agosto,127.8507089,2021,Agosto,202108.0
Noreste,Harina de trigo común,kg,Año 2021 - Agosto,60.84658468,2021,Agosto,202108.0
Noreste,Arroz blanco simple,kg,Año 2021 - Agosto,119.5655513,2021,Agosto,202108.0
Noreste,Fideos secos tipo guisero,500 g,Año 2021 - Agosto,61.3025729,2021,Agosto,202108.0
Noreste,Carne picada común,kg,Año 2021 - Agosto,444.1229137,2021,Agosto,202108.0
Noreste,Pollo entero,kg,Año 2021 - Agosto,199.7650414,2021,Agosto,202108.0
Noreste,Aceite de girasol,"1,5 litros",Año 2021 - Agosto,382.8617029,2021,Agosto,202108.0
Noreste,Leche fresca entera sachet,Litro,Año 2021 - Agosto,105.2589044,2021,Agosto,202108.0
Noreste,Huevos de gallina,Docena,Año 2021 - Agosto,147.9142257,2021,Agosto,202108.0
Noreste,Papa,kg,Año 2021 - Agosto,52.62465337,2021,Agosto,202108.0
Noreste,Azúcar,kg,Año 2021 - Agosto,77.93285465,2021,Agosto,202108.0
Noreste,Detergente líquido,750 cc,Año 2021 - Agosto,88.26039401,2021,Agosto,202108.0
Noreste,Lavandina,1.000 cc,Año 2021 - Agosto,72.83997845,2021,Agosto,202108.0
Noreste,Jabón de tocador,125 g,Año 2021 - Agosto,58.21811731,2021,Agosto,202108.0
Noroeste,Pan francés,kg,Año 2021 - Agosto,142.2449994,2021,Agosto,202108.0
Noroeste,Harina de trigo común,kg,Año 2021 - Agosto,61.30206553,2021,Agosto,202108.0
Noroeste,Arroz blanco simple,kg,Año 2021 - Agosto,116.8203312,2021,Agosto,202108.0
Noroeste,Fideos secos tipo guisero,500 g,Año 2021 - Agosto,63.33511175,2021,Agosto,202108.0
Noroeste,Carne picada común,kg,Año 2021 - Agosto,458.9746324,2021,Agosto,202108.0
Noroeste,Pollo entero,kg,Año 2021 - Agosto,198.6944301,2021,Agosto,202108.0
Noroeste,Aceite de girasol,"1,5 litros",Año 2021 - Agosto,347.4587683,2021,Agosto,202108.0
Noroeste,Leche fresca entera sachet,Litro,Año 2021 - Agosto,99.57794675,2021,Agosto,202108.0
Noroeste,Huevos de gallina,Docena,Año 2021 - Agosto,143.3424205,2021,Agosto,202108.0
Noroeste,Papa,kg,Año 2021 - Agosto,39.92042284,2021,Agosto,202108.0
Noroeste,Azúcar,kg,Año 2021 - Agosto,71.8793753,2021,Agosto,202108.0
Noroeste,Detergente líquido,750 cc,Año 2021 - Agosto,98.56176791,2021,Agosto,202108.0
Noroeste,Lavandina,1.000 cc,Año 2021 - Agosto,69.86548673,2021,Agosto,202108.0
Noroeste,Jabón de tocador,125 g,Año 2021 - Agosto,59.61496461,2021,Agosto,202108.0
Cuyo,Pan francés,kg,Año 2021 - Agosto,137.4961804,2021,Agosto,202108.0
Cuyo,Harina de trigo común,kg,Año 2021 - Agosto,61.08006404,2021,Agosto,202108.0
Cuyo,Arroz blanco simple,kg,Año 2021 - Agosto,125.5342302,2021,Agosto,202108.0
Cuyo,Fideos secos tipo guisero,500 g,Año 2021 - Agosto,71.69939258,2021,Agosto,202108.0
Cuyo,Carne picada común,kg,Año 2021 - Agosto,434.2004247,2021,Agosto,202108.0
Cuyo,Pollo entero,kg,Año 2021 - Agosto,208.9354352,2021,Agosto,202108.0
Cuyo,Aceite de girasol,"1,5 litros",Año 2021 - Agosto,325.9670675,2021,Agosto,202108.0
Cuyo,Leche fresca entera sachet,Litro,Año 2021 - Agosto,102.6749906,2021,Agosto,202108.0
Cuyo,Huevos de gallina,Docena,Año 2021 - Agosto,147.9630113,2021,Agosto,202108.0
Cuyo,Papa,kg,Año 2021 - Agosto,46.00787351,2021,Agosto,202108.0
Cuyo,Azúcar,kg,Año 2021 - Agosto,75.99028307,2021,Agosto,202108.0
Cuyo,Detergente líquido,750 cc,Año 2021 - Agosto,99.50207549,2021,Agosto,202108.0
Cuyo,Lavandina,1.000 cc,Año 2021 - Agosto,64.15311108,2021,Agosto,202108.0
Cuyo,Jabón de tocador,125 g,Año 2021 - Agosto,58.63082403,2021,Agosto,202108.0
Patagonia,Pan francés,kg,Año 2021 - Agosto,182.2251941,2021,Agosto,202108.0
Patagonia,Harina de trigo común,kg,Año 2021 - Agosto,65.97796047,2021,Agosto,202108.0
Patagonia,Arroz blanco simple,kg,Año 2021 - Agosto,133.5186146,2021,Agosto,202108.0
Patagonia,Fideos secos tipo guisero,500 g,Año 2021 - Agosto,82.1057792,2021,Agosto,202108.0
Patagonia,Carne picada común,kg,Año 2021 - Agosto,529.2329936,2021,Agosto,202108.0
Patagonia,Pollo entero,kg,Año 2021 - Agosto,205.7458322,2021,Agosto,202108.0
Patagonia,Aceite de girasol,"1,5 litros",Año 2021 - Agosto,290.8408789,2021,Agosto,202108.0
Patagonia,Leche fresca entera sachet,Litro,Año 2021 - Agosto,102.7488154,2021,Agosto,202108.0
Patagonia,Huevos de gallina,Docena,Año 2021 - Agosto,169.8286804,2021,Agosto,202108.0
Patagonia,Papa,kg,Año 2021 - Agosto,70.52171707,2021,Agosto,202108.0
Patagonia,Azúcar,kg,Año 2021 - Agosto,84.84822582,2021,Agosto,202108.0
Patagonia,Detergente líquido,750 cc,Año 2021 - Agosto,165.7507599,2021,Agosto,202108.0
Patagonia,Lavandina,1.000 cc,Año 2021 - Agosto,65.08877815,2021,Agosto,202108.0
Patagonia,Jabón de tocador,125 g,Año 2021 - Agosto,61.94398303,2021,Agosto,202108.0
GBA,Pan francés,kg,Año 2021 - Septiembre,190.09,2021,Septiembre,202109.0
GBA,Harina de trigo común,kg,Año 2021 - Septiembre,56.83,2021,Septiembre,202109.0
GBA,Arroz blanco simple,kg,Año 2021 - Septiembre,115.14,2021,Septiembre,202109.0
GBA,Fideos secos tipo guisero,500 g,Año 2021 - Septiembre,75.34,2021,Septiembre,202109.0
GBA,Carne picada común,kg,Año 2021 - Septiembre,431.41,2021,Septiembre,202109.0
GBA,Pollo entero,kg,Año 2021 - Septiembre,205.53,2021,Septiembre,202109.0
GBA,Aceite de girasol,"1,5 litros",Año 2021 - Septiembre,273.66,2021,Septiembre,202109.0
GBA,Leche fresca entera sachet,Litro,Año 2021 - Septiembre,93.73,2021,Septiembre,202109.0
GBA,Huevos de gallina,Docena,Año 2021 - Septiembre,152.16,2021,Septiembre,202109.0
GBA,Papa,kg,Año 2021 - Septiembre,51.18,2021,Septiembre,202109.0
GBA,Azúcar,kg,Año 2021 - Septiembre,78.15,2021,Septiembre,202109.0
GBA,Detergente líquido,750 cc,Año 2021 - Septiembre,96.43,2021,Septiembre,202109.0
GBA,Lavandina,1.000 cc,Año 2021 - Septiembre,64.63,2021,Septiembre,202109.0
GBA,Jabón de tocador,125 g,Año 2021 - Septiembre,61.38,2021,Septiembre,202109.0
Pampeana,Pan francés,kg,Año 2021 - Septiembre,160.34,2021,Septiembre,202109.0
Pampeana,Harina de trigo común,kg,Año 2021 - Septiembre,64.03,2021,Septiembre,202109.0
Pampeana,Arroz blanco simple,kg,Año 2021 - Septiembre,129.8,2021,Septiembre,202109.0
Pampeana,Fideos secos tipo guisero,500 g,Año 2021 - Septiembre,74.71,2021,Septiembre,202109.0
Pampeana,Carne picada común,kg,Año 2021 - Septiembre,481.11,2021,Septiembre,202109.0
Pampeana,Pollo entero,kg,Año 2021 - Septiembre,219.44,2021,Septiembre,202109.0
Pampeana,Aceite de girasol,"1,5 litros",Año 2021 - Septiembre,328.98,2021,Septiembre,202109.0
Pampeana,Leche fresca entera sachet,Litro,Año 2021 - Septiembre,98.86,2021,Septiembre,202109.0
Pampeana,Huevos de gallina,Docena,Año 2021 - Septiembre,155.75,2021,Septiembre,202109.0
Pampeana,Papa,kg,Año 2021 - Septiembre,49.98,2021,Septiembre,202109.0
Pampeana,Azúcar,kg,Año 2021 - Septiembre,82.34,2021,Septiembre,202109.0
Pampeana,Detergente líquido,750 cc,Año 2021 - Septiembre,102.17,2021,Septiembre,202109.0
Pampeana,Lavandina,1.000 cc,Año 2021 - Septiembre,66.69,2021,Septiembre,202109.0
Pampeana,Jabón de tocador,125 g,Año 2021 - Septiembre,62.57,2021,Septiembre,202109.0
Noreste,Pan francés,kg,Año 2021 - Septiembre,131.97,2021,Septiembre,202109.0
Noreste,Harina de trigo común,kg,Año 2021 - Septiembre,62.43,2021,Septiembre,202109.0
Noreste,Arroz blanco simple,kg,Año 2021 - Septiembre,125.41,2021,Septiembre,202109.0
Noreste,Fideos secos tipo guisero,500 g,Año 2021 - Septiembre,62.44,2021,Septiembre,202109.0
Noreste,Carne picada común,kg,Año 2021 - Septiembre,452.52,2021,Septiembre,202109.0
Noreste,Pollo entero,kg,Año 2021 - Septiembre,207.17,2021,Septiembre,202109.0
Noreste,Aceite de girasol,"1,5 litros",Año 2021 - Septiembre,384.81,2021,Septiembre,202109.0
Noreste,Leche fresca entera sachet,Litro,Año 2021 - Septiembre,108.87,2021,Septiembre,202109.0
Noreste,Huevos de gallina,Docena,Año 2021 - Septiembre,147.72,2021,Septiembre,202109.0
Noreste,Papa,kg,Año 2021 - Septiembre,50.95,2021,Septiembre,202109.0
Noreste,Azúcar,kg,Año 2021 - Septiembre,82.8,2021,Septiembre,202109.0
Noreste,Detergente líquido,750 cc,Año 2021 - Septiembre,90.54,2021,Septiembre,202109.0
Noreste,Lavandina,1.000 cc,Año 2021 - Septiembre,75.17,2021,Septiembre,202109.0
Noreste,Jabón de tocador,125 g,Año 2021 - Septiembre,59.88,2021,Septiembre,202109.0
Noroeste,Pan francés,kg,Año 2021 - Septiembre,147.57,2021,Septiembre,202109.0
Noroeste,Harina de trigo común,kg,Año 2021 - Septiembre,61.5,2021,Septiembre,202109.0
Noroeste,Arroz blanco simple,kg,Año 2021 - Septiembre,118.92,2021,Septiembre,202109.0
Noroeste,Fideos secos tipo guisero,500 g,Año 2021 - Septiembre,64.72,2021,Septiembre,202109.0
Noroeste,Carne picada común,kg,Año 2021 - Septiembre,450.0,2021,Septiembre,202109.0
Noroeste,Pollo entero,kg,Año 2021 - Septiembre,210.13,2021,Septiembre,202109.0
Noroeste,Aceite de girasol,"1,5 litros",Año 2021 - Septiembre,348.98,2021,Septiembre,202109.0
Noroeste,Leche fresca entera sachet,Litro,Año 2021 - Septiembre,101.63,2021,Septiembre,202109.0
Noroeste,Huevos de gallina,Docena,Año 2021 - Septiembre,142.07,2021,Septiembre,202109.0
Noroeste,Papa,kg,Año 2021 - Septiembre,40.43,2021,Septiembre,202109.0
Noroeste,Azúcar,kg,Año 2021 - Septiembre,75.3,2021,Septiembre,202109.0
Noroeste,Detergente líquido,750 cc,Año 2021 - Septiembre,101.57,2021,Septiembre,202109.0
Noroeste,Lavandina,1.000 cc,Año 2021 - Septiembre,72.77,2021,Septiembre,202109.0
Noroeste,Jabón de tocador,125 g,Año 2021 - Septiembre,62.17,2021,Septiembre,202109.0
Cuyo,Pan francés,kg,Año 2021 - Septiembre,139.25,2021,Septiembre,202109.0
Cuyo,Harina de trigo común,kg,Año 2021 - Septiembre,61.18,2021,Septiembre,202109.0
Cuyo,Arroz blanco simple,kg,Año 2021 - Septiembre,129.42,2021,Septiembre,202109.0
Cuyo,Fideos secos tipo guisero,500 g,Año 2021 - Septiembre,72.57,2021,Septiembre,202109.0
Cuyo,Carne picada común,kg,Año 2021 - Septiembre,427.17,2021,Septiembre,202109.0
Cuyo,Pollo entero,kg,Año 2021 - Septiembre,218.33,2021,Septiembre,202109.0
Cuyo,Aceite de girasol,"1,5 litros",Año 2021 - Septiembre,326.75,2021,Septiembre,202109.0
Cuyo,Leche fresca entera sachet,Litro,Año 2021 - Septiembre,104.78,2021,Septiembre,202109.0
Cuyo,Huevos de gallina,Docena,Año 2021 - Septiembre,149.18,2021,Septiembre,202109.0
Cuyo,Papa,kg,Año 2021 - Septiembre,46.48,2021,Septiembre,202109.0
Cuyo,Azúcar,kg,Año 2021 - Septiembre,79.07,2021,Septiembre,202109.0
Cuyo,Detergente líquido,750 cc,Año 2021 - Septiembre,101.53,2021,Septiembre,202109.0
Cuyo,Lavandina,1.000 cc,Año 2021 - Septiembre,65.29,2021,Septiembre,202109.0
Cuyo,Jabón de tocador,125 g,Año 2021 - Septiembre,58.96,2021,Septiembre,202109.0
Patagonia,Pan francés,kg,Año 2021 - Septiembre,185.07,2021,Septiembre,202109.0
Patagonia,Harina de trigo común,kg,Año 2021 - Septiembre,67.66,2021,Septiembre,202109.0
Patagonia,Arroz blanco simple,kg,Año 2021 - Septiembre,138.44,2021,Septiembre,202109.0
Patagonia,Fideos secos tipo guisero,500 g,Año 2021 - Septiembre,83.42,2021,Septiembre,202109.0
Patagonia,Carne picada común,kg,Año 2021 - Septiembre,544.36,2021,Septiembre,202109.0
Patagonia,Pollo entero,kg,Año 2021 - Septiembre,215.52,2021,Septiembre,202109.0
Patagonia,Aceite de girasol,"1,5 litros",Año 2021 - Septiembre,309.25,2021,Septiembre,202109.0
Patagonia,Leche fresca entera sachet,Litro,Año 2021 - Septiembre,107.05,2021,Septiembre,202109.0
Patagonia,Huevos de gallina,Docena,Año 2021 - Septiembre,173.13,2021,Septiembre,202109.0
Patagonia,Papa,kg,Año 2021 - Septiembre,71.14,2021,Septiembre,202109.0
Patagonia,Azúcar,kg,Año 2021 - Septiembre,87.23,2021,Septiembre,202109.0
Patagonia,Detergente líquido,750 cc,Año 2021 - Septiembre,172.43,2021,Septiembre,202109.0
Patagonia,Lavandina,1.000 cc,Año 2021 - Septiembre,66.66,2021,Septiembre,202109.0
Patagonia,Jabón de tocador,125 g,Año 2021 - Septiembre,63.97,2021,Septiembre,202109.0
GBA,Pan francés,kg,Año 2021 - Octubre,197.99,2021,Octubre,202110.0
GBA,Harina de trigo común,kg,Año 2021 - Octubre,59.29,2021,Octubre,202110.0
GBA,Arroz blanco simple,kg,Año 2021 - Octubre,116.74,2021,Octubre,202110.0
GBA,Fideos secos tipo guisero,500 g,Año 2021 - Octubre,77.52,2021,Octubre,202110.0
GBA,Carne picada común,kg,Año 2021 - Octubre,430.85,2021,Octubre,202110.0
GBA,Pollo entero,kg,Año 2021 - Octubre,208.68,2021,Octubre,202110.0
GBA,Aceite de girasol,"1,5 litros",Año 2021 - Octubre,290.33,2021,Octubre,202110.0
GBA,Leche fresca entera sachet,Litro,Año 2021 - Octubre,93.28,2021,Octubre,202110.0
GBA,Huevos de gallina,Docena,Año 2021 - Octubre,153.69,2021,Octubre,202110.0
GBA,Papa,kg,Año 2021 - Octubre,52.86,2021,Octubre,202110.0
GBA,Azúcar,kg,Año 2021 - Octubre,78.87,2021,Octubre,202110.0
GBA,Detergente líquido,750 cc,Año 2021 - Octubre,98.65,2021,Octubre,202110.0
GBA,Lavandina,1.000 cc,Año 2021 - Octubre,66.62,2021,Octubre,202110.0
GBA,Jabón de tocador,125 g,Año 2021 - Octubre,63.91,2021,Octubre,202110.0
Pampeana,Pan francés,kg,Año 2021 - Octubre,166.77,2021,Octubre,202110.0
Pampeana,Harina de trigo común,kg,Año 2021 - Octubre,64.9,2021,Octubre,202110.0
Pampeana,Arroz blanco simple,kg,Año 2021 - Octubre,131.74,2021,Octubre,202110.0
Pampeana,Fideos secos tipo guisero,500 g,Año 2021 - Octubre,76.92,2021,Octubre,202110.0
Pampeana,Carne picada común,kg,Año 2021 - Octubre,475.02,2021,Octubre,202110.0
Pampeana,Pollo entero,kg,Año 2021 - Octubre,225.66,2021,Octubre,202110.0
Pampeana,Aceite de girasol,"1,5 litros",Año 2021 - Octubre,334.51,2021,Octubre,202110.0
Pampeana,Leche fresca entera sachet,Litro,Año 2021 - Octubre,101.38,2021,Octubre,202110.0
Pampeana,Huevos de gallina,Docena,Año 2021 - Octubre,157.16,2021,Octubre,202110.0
Pampeana,Papa,kg,Año 2021 - Octubre,51.42,2021,Octubre,202110.0
Pampeana,Azúcar,kg,Año 2021 - Octubre,85.8,2021,Octubre,202110.0
Pampeana,Detergente líquido,750 cc,Año 2021 - Octubre,106.87,2021,Octubre,202110.0
Pampeana,Lavandina,1.000 cc,Año 2021 - Octubre,68.88,2021,Octubre,202110.0
Pampeana,Jabón de tocador,125 g,Año 2021 - Octubre,65.48,2021,Octubre,202110.0
Noreste,Pan francés,kg,Año 2021 - Octubre,136.27,2021,Octubre,202110.0
Noreste,Harina de trigo común,kg,Año 2021 - Octubre,62.87,2021,Octubre,202110.0
Noreste,Arroz blanco simple,kg,Año 2021 - Octubre,125.91,2021,Octubre,202110.0
Noreste,Fideos secos tipo guisero,500 g,Año 2021 - Octubre,64.29,2021,Octubre,202110.0
Noreste,Carne picada común,kg,Año 2021 - Octubre,461.13,2021,Octubre,202110.0
Noreste,Pollo entero,kg,Año 2021 - Octubre,212.79,2021,Octubre,202110.0
Noreste,Aceite de girasol,"1,5 litros",Año 2021 - Octubre,396.72,2021,Octubre,202110.0
Noreste,Leche fresca entera sachet,Litro,Año 2021 - Octubre,113.22,2021,Octubre,202110.0
Noreste,Huevos de gallina,Docena,Año 2021 - Octubre,149.8,2021,Octubre,202110.0
Noreste,Papa,kg,Año 2021 - Octubre,51.52,2021,Octubre,202110.0
Noreste,Azúcar,kg,Año 2021 - Octubre,85.09,2021,Octubre,202110.0
Noreste,Detergente líquido,750 cc,Año 2021 - Octubre,94.1,2021,Octubre,202110.0
Noreste,Lavandina,1.000 cc,Año 2021 - Octubre,79.0,2021,Octubre,202110.0
Noreste,Jabón de tocador,125 g,Año 2021 - Octubre,61.8,2021,Octubre,202110.0
Noroeste,Pan francés,kg,Año 2021 - Octubre,147.97,2021,Octubre,202110.0
Noroeste,Harina de trigo común,kg,Año 2021 - Octubre,62.99,2021,Octubre,202110.0
Noroeste,Arroz blanco simple,kg,Año 2021 - Octubre,120.13,2021,Octubre,202110.0
Noroeste,Fideos secos tipo guisero,500 g,Año 2021 - Octubre,66.06,2021,Octubre,202110.0
Noroeste,Carne picada común,kg,Año 2021 - Octubre,463.76,2021,Octubre,202110.0
Noroeste,Pollo entero,kg,Año 2021 - Octubre,220.16,2021,Octubre,202110.0
Noroeste,Aceite de girasol,"1,5 litros",Año 2021 - Octubre,351.97,2021,Octubre,202110.0
Noroeste,Leche fresca entera sachet,Litro,Año 2021 - Octubre,104.0,2021,Octubre,202110.0
Noroeste,Huevos de gallina,Docena,Año 2021 - Octubre,141.63,2021,Octubre,202110.0
Noroeste,Papa,kg,Año 2021 - Octubre,40.14,2021,Octubre,202110.0
Noroeste,Azúcar,kg,Año 2021 - Octubre,77.72,2021,Octubre,202110.0
Noroeste,Detergente líquido,750 cc,Año 2021 - Octubre,104.63,2021,Octubre,202110.0
Noroeste,Lavandina,1.000 cc,Año 2021 - Octubre,74.28,2021,Octubre,202110.0
Noroeste,Jabón de tocador,125 g,Año 2021 - Octubre,64.52,2021,Octubre,202110.0
Cuyo,Pan francés,kg,Año 2021 - Octubre,140.41,2021,Octubre,202110.0
Cuyo,Harina de trigo común,kg,Año 2021 - Octubre,62.29,2021,Octubre,202110.0
Cuyo,Arroz blanco simple,kg,Año 2021 - Octubre,131.94,2021,Octubre,202110.0
Cuyo,Fideos secos tipo guisero,500 g,Año 2021 - Octubre,75.05,2021,Octubre,202110.0
Cuyo,Carne picada común,kg,Año 2021 - Octubre,425.62,2021,Octubre,202110.0
Cuyo,Pollo entero,kg,Año 2021 - Octubre,225.53,2021,Octubre,202110.0
Cuyo,Aceite de girasol,"1,5 litros",Año 2021 - Octubre,317.52,2021,Octubre,202110.0
Cuyo,Leche fresca entera sachet,Litro,Año 2021 - Octubre,109.46,2021,Octubre,202110.0
Cuyo,Huevos de gallina,Docena,Año 2021 - Octubre,150.68,2021,Octubre,202110.0
Cuyo,Papa,kg,Año 2021 - Octubre,49.03,2021,Octubre,202110.0
Cuyo,Azúcar,kg,Año 2021 - Octubre,82.75,2021,Octubre,202110.0
Cuyo,Detergente líquido,750 cc,Año 2021 - Octubre,105.69,2021,Octubre,202110.0
Cuyo,Lavandina,1.000 cc,Año 2021 - Octubre,69.7,2021,Octubre,202110.0
Cuyo,Jabón de tocador,125 g,Año 2021 - Octubre,64.28,2021,Octubre,202110.0
Patagonia,Pan francés,kg,Año 2021 - Octubre,192.71,2021,Octubre,202110.0
Patagonia,Harina de trigo común,kg,Año 2021 - Octubre,68.44,2021,Octubre,202110.0
Patagonia,Arroz blanco simple,kg,Año 2021 - Octubre,142.53,2021,Octubre,202110.0
Patagonia,Fideos secos tipo guisero,500 g,Año 2021 - Octubre,84.92,2021,Octubre,202110.0
Patagonia,Carne picada común,kg,Año 2021 - Octubre,540.21,2021,Octubre,202110.0
Patagonia,Pollo entero,kg,Año 2021 - Octubre,227.76,2021,Octubre,202110.0
Patagonia,Aceite de girasol,"1,5 litros",Año 2021 - Octubre,305.18,2021,Octubre,202110.0
Patagonia,Leche fresca entera sachet,Litro,Año 2021 - Octubre,110.16,2021,Octubre,202110.0
Patagonia,Huevos de gallina,Docena,Año 2021 - Octubre,175.68,2021,Octubre,202110.0
Patagonia,Papa,kg,Año 2021 - Octubre,74.29,2021,Octubre,202110.0
Patagonia,Azúcar,kg,Año 2021 - Octubre,89.06,2021,Octubre,202110.0
Patagonia,Detergente líquido,750 cc,Año 2021 - Octubre,178.22,2021,Octubre,202110.0
Patagonia,Lavandina,1.000 cc,Año 2021 - Octubre,67.2,2021,Octubre,202110.0
Patagonia,Jabón de tocador,125 g,Año 2021 - Octubre,64.91,2021,Octubre,202110.0
GBA,Pan francés,kg,Año 2021 - Noviembre,204.32,2021,Noviembre,202111.0
GBA,Harina de trigo común,kg,Año 2021 - Noviembre,59.37,2021,Noviembre,202111.0
GBA,Arroz blanco simple,kg,Año 2021 - Noviembre,114.43,2021,Noviembre,202111.0
GBA,Fideos secos tipo guisero,500 g,Año 2021 - Noviembre,76.95,2021,Noviembre,202111.0
GBA,Carne picada común,kg,Año 2021 - Noviembre,479.86,2021,Noviembre,202111.0
GBA,Pollo entero,kg,Año 2021 - Noviembre,217.62,2021,Noviembre,202111.0
GBA,Aceite de girasol,"1,5 litros",Año 2021 - Noviembre,289.3,2021,Noviembre,202111.0
GBA,Leche fresca entera sachet,Litro,Año 2021 - Noviembre,89.46,2021,Noviembre,202111.0
GBA,Huevos de gallina,Docena,Año 2021 - Noviembre,155.52,2021,Noviembre,202111.0
GBA,Papa,kg,Año 2021 - Noviembre,55.84,2021,Noviembre,202111.0
GBA,Azúcar,kg,Año 2021 - Noviembre,79.26,2021,Noviembre,202111.0
GBA,Detergente líquido,750 cc,Año 2021 - Noviembre,104.38,2021,Noviembre,202111.0
GBA,Lavandina,1.000 cc,Año 2021 - Noviembre,67.05,2021,Noviembre,202111.0
GBA,Jabón de tocador,125 g,Año 2021 - Noviembre,67.78,2021,Noviembre,202111.0
Pampeana,Pan francés,kg,Año 2021 - Noviembre,169.24,2021,Noviembre,202111.0
Pampeana,Harina de trigo común,kg,Año 2021 - Noviembre,66.22,2021,Noviembre,202111.0
Pampeana,Arroz blanco simple,kg,Año 2021 - Noviembre,132.61,2021,Noviembre,202111.0
Pampeana,Fideos secos tipo guisero,500 g,Año 2021 - Noviembre,77.52,2021,Noviembre,202111.0
Pampeana,Carne picada común,kg,Año 2021 - Noviembre,504.49,2021,Noviembre,202111.0
Pampeana,Pollo entero,kg,Año 2021 - Noviembre,232.3,2021,Noviembre,202111.0
Pampeana,Aceite de girasol,"1,5 litros",Año 2021 - Noviembre,334.56,2021,Noviembre,202111.0
Pampeana,Leche fresca entera sachet,Litro,Año 2021 - Noviembre,100.15,2021,Noviembre,202111.0
Pampeana,Huevos de gallina,Docena,Año 2021 - Noviembre,157.64,2021,Noviembre,202111.0
Pampeana,Papa,kg,Año 2021 - Noviembre,56.54,2021,Noviembre,202111.0
Pampeana,Azúcar,kg,Año 2021 - Noviembre,87.95,2021,Noviembre,202111.0
Pampeana,Detergente líquido,750 cc,Año 2021 - Noviembre,108.78,2021,Noviembre,202111.0
Pampeana,Lavandina,1.000 cc,Año 2021 - Noviembre,71.6,2021,Noviembre,202111.0
Pampeana,Jabón de tocador,125 g,Año 2021 - Noviembre,67.66,2021,Noviembre,202111.0
Noreste,Pan francés,kg,Año 2021 - Noviembre,139.34,2021,Noviembre,202111.0
Noreste,Harina de trigo común,kg,Año 2021 - Noviembre,64.08,2021,Noviembre,202111.0
Noreste,Arroz blanco simple,kg,Año 2021 - Noviembre,126.67,2021,Noviembre,202111.0
Noreste,Fideos secos tipo guisero,500 g,Año 2021 - Noviembre,65.33,2021,Noviembre,202111.0
Noreste,Carne picada común,kg,Año 2021 - Noviembre,489.91,2021,Noviembre,202111.0
Noreste,Pollo entero,kg,Año 2021 - Noviembre,218.38,2021,Noviembre,202111.0
Noreste,Aceite de girasol,"1,5 litros",Año 2021 - Noviembre,392.33,2021,Noviembre,202111.0
Noreste,Leche fresca entera sachet,Litro,Año 2021 - Noviembre,113.13,2021,Noviembre,202111.0
Noreste,Huevos de gallina,Docena,Año 2021 - Noviembre,149.86,2021,Noviembre,202111.0
Noreste,Papa,kg,Año 2021 - Noviembre,54.24,2021,Noviembre,202111.0
Noreste,Azúcar,kg,Año 2021 - Noviembre,86.11,2021,Noviembre,202111.0
Noreste,Detergente líquido,750 cc,Año 2021 - Noviembre,96.27,2021,Noviembre,202111.0
Noreste,Lavandina,1.000 cc,Año 2021 - Noviembre,81.7,2021,Noviembre,202111.0
Noreste,Jabón de tocador,125 g,Año 2021 - Noviembre,62.74,2021,Noviembre,202111.0
Noroeste,Pan francés,kg,Año 2021 - Noviembre,151.19,2021,Noviembre,202111.0
Noroeste,Harina de trigo común,kg,Año 2021 - Noviembre,64.43,2021,Noviembre,202111.0
Noroeste,Arroz blanco simple,kg,Año 2021 - Noviembre,122.31,2021,Noviembre,202111.0
Noroeste,Fideos secos tipo guisero,500 g,Año 2021 - Noviembre,66.32,2021,Noviembre,202111.0
Noroeste,Carne picada común,kg,Año 2021 - Noviembre,488.22,2021,Noviembre,202111.0
Noroeste,Pollo entero,kg,Año 2021 - Noviembre,224.87,2021,Noviembre,202111.0
Noroeste,Aceite de girasol,"1,5 litros",Año 2021 - Noviembre,348.38,2021,Noviembre,202111.0
Noroeste,Leche fresca entera sachet,Litro,Año 2021 - Noviembre,104.71,2021,Noviembre,202111.0
Noroeste,Huevos de gallina,Docena,Año 2021 - Noviembre,140.34,2021,Noviembre,202111.0
Noroeste,Papa,kg,Año 2021 - Noviembre,42.22,2021,Noviembre,202111.0
Noroeste,Azúcar,kg,Año 2021 - Noviembre,79.15,2021,Noviembre,202111.0
Noroeste,Detergente líquido,750 cc,Año 2021 - Noviembre,105.15,2021,Noviembre,202111.0
Noroeste,Lavandina,1.000 cc,Año 2021 - Noviembre,75.67,2021,Noviembre,202111.0
Noroeste,Jabón de tocador,125 g,Año 2021 - Noviembre,65.04,2021,Noviembre,202111.0
Cuyo,Pan francés,kg,Año 2021 - Noviembre,144.22,2021,Noviembre,202111.0
Cuyo,Harina de trigo común,kg,Año 2021 - Noviembre,62.17,2021,Noviembre,202111.0
Cuyo,Arroz blanco simple,kg,Año 2021 - Noviembre,131.3,2021,Noviembre,202111.0
Cuyo,Fideos secos tipo guisero,500 g,Año 2021 - Noviembre,74.52,2021,Noviembre,202111.0
Cuyo,Carne picada común,kg,Año 2021 - Noviembre,460.87,2021,Noviembre,202111.0
Cuyo,Pollo entero,kg,Año 2021 - Noviembre,231.86,2021,Noviembre,202111.0
Cuyo,Aceite de girasol,"1,5 litros",Año 2021 - Noviembre,316.06,2021,Noviembre,202111.0
Cuyo,Leche fresca entera sachet,Litro,Año 2021 - Noviembre,109.82,2021,Noviembre,202111.0
Cuyo,Huevos de gallina,Docena,Año 2021 - Noviembre,151.26,2021,Noviembre,202111.0
Cuyo,Papa,kg,Año 2021 - Noviembre,54.91,2021,Noviembre,202111.0
Cuyo,Azúcar,kg,Año 2021 - Noviembre,84.55,2021,Noviembre,202111.0
Cuyo,Detergente líquido,750 cc,Año 2021 - Noviembre,107.68,2021,Noviembre,202111.0
Cuyo,Lavandina,1.000 cc,Año 2021 - Noviembre,70.23,2021,Noviembre,202111.0
Cuyo,Jabón de tocador,125 g,Año 2021 - Noviembre,66.86,2021,Noviembre,202111.0
Patagonia,Pan francés,kg,Año 2021 - Noviembre,197.42,2021,Noviembre,202111.0
Patagonia,Harina de trigo común,kg,Año 2021 - Noviembre,67.84,2021,Noviembre,202111.0
Patagonia,Arroz blanco simple,kg,Año 2021 - Noviembre,141.1,2021,Noviembre,202111.0
Patagonia,Fideos secos tipo guisero,500 g,Año 2021 - Noviembre,86.4,2021,Noviembre,202111.0
Patagonia,Carne picada común,kg,Año 2021 - Noviembre,559.7,2021,Noviembre,202111.0
Patagonia,Pollo entero,kg,Año 2021 - Noviembre,233.58,2021,Noviembre,202111.0
Patagonia,Aceite de girasol,"1,5 litros",Año 2021 - Noviembre,302.44,2021,Noviembre,202111.0
Patagonia,Leche fresca entera sachet,Litro,Año 2021 - Noviembre,105.96,2021,Noviembre,202111.0
Patagonia,Huevos de gallina,Docena,Año 2021 - Noviembre,177.2,2021,Noviembre,202111.0
Patagonia,Papa,kg,Año 2021 - Noviembre,76.92,2021,Noviembre,202111.0
Patagonia,Azúcar,kg,Año 2021 - Noviembre,90.66,2021,Noviembre,202111.0
Patagonia,Detergente líquido,750 cc,Año 2021 - Noviembre,189.42,2021,Noviembre,202111.0
Patagonia,Lavandina,1.000 cc,Año 2021 - Noviembre,68.74,2021,Noviembre,202111.0
Patagonia,Jabón de tocador,125 g,Año 2021 - Noviembre,67.5,2021,Noviembre,202111.0
GBA,Pan francés,kg,Año 2021 - Diciembre,207.97,2021,Diciembre,202112.0
GBA,Harina de trigo común,kg,Año 2021 - Diciembre,59.46,2021,Diciembre,202112.0
GBA,Arroz blanco simple,kg,Año 2021 - Diciembre,114.82,2021,Diciembre,202112.0
GBA,Fideos secos tipo guisero,500 g,Año 2021 - Diciembre,78.44,2021,Diciembre,202112.0
GBA,Carne picada común,kg,Año 2021 - Diciembre,507.32,2021,Diciembre,202112.0
GBA,Pollo entero,kg,Año 2021 - Diciembre,223.64,2021,Diciembre,202112.0
GBA,Aceite de girasol,"1,5 litros",Año 2021 - Diciembre,296.67,2021,Diciembre,202112.0
GBA,Leche fresca entera sachet,Litro,Año 2021 - Diciembre,90.29,2021,Diciembre,202112.0
GBA,Huevos de gallina,Docena,Año 2021 - Diciembre,159.68,2021,Diciembre,202112.0
GBA,Papa,kg,Año 2021 - Diciembre,53.71,2021,Diciembre,202112.0
GBA,Azúcar,kg,Año 2021 - Diciembre,81.71,2021,Diciembre,202112.0
GBA,Detergente líquido,750 cc,Año 2021 - Diciembre,111.31,2021,Diciembre,202112.0
GBA,Lavandina,1.000 cc,Año 2021 - Diciembre,71.05,2021,Diciembre,202112.0
GBA,Jabón de tocador,125 g,Año 2021 - Diciembre,69.61,2021,Diciembre,202112.0
Pampeana,Pan francés,kg,Año 2021 - Diciembre,174.78,2021,Diciembre,202112.0
Pampeana,Harina de trigo común,kg,Año 2021 - Diciembre,67.64,2021,Diciembre,202112.0
Pampeana,Arroz blanco simple,kg,Año 2021 - Diciembre,135.71,2021,Diciembre,202112.0
Pampeana,Fideos secos tipo guisero,500 g,Año 2021 - Diciembre,77.79,2021,Diciembre,202112.0
Pampeana,Carne picada común,kg,Año 2021 - Diciembre,549.69,2021,Diciembre,202112.0
Pampeana,Pollo entero,kg,Año 2021 - Diciembre,242.45,2021,Diciembre,202112.0
Pampeana,Aceite de girasol,"1,5 litros",Año 2021 - Diciembre,342.37,2021,Diciembre,202112.0
Pampeana,Leche fresca entera sachet,Litro,Año 2021 - Diciembre,101.8,2021,Diciembre,202112.0
Pampeana,Huevos de gallina,Docena,Año 2021 - Diciembre,159.89,2021,Diciembre,202112.0
Pampeana,Papa,kg,Año 2021 - Diciembre,53.92,2021,Diciembre,202112.0
Pampeana,Azúcar,kg,Año 2021 - Diciembre,89.89,2021,Diciembre,202112.0
Pampeana,Detergente líquido,750 cc,Año 2021 - Diciembre,115.62,2021,Diciembre,202112.0
Pampeana,Lavandina,1.000 cc,Año 2021 - Diciembre,74.06,2021,Diciembre,202112.0
Pampeana,Jabón de tocador,125 g,Año 2021 - Diciembre,71.5,2021,Diciembre,202112.0
Noreste,Pan francés,kg,Año 2021 - Diciembre,143.93,2021,Diciembre,202112.0
Noreste,Harina de trigo común,kg,Año 2021 - Diciembre,64.39,2021,Diciembre,202112.0
Noreste,Arroz blanco simple,kg,Año 2021 - Diciembre,129.41,2021,Diciembre,202112.0
Noreste,Fideos secos tipo guisero,500 g,Año 2021 - Diciembre,67.31,2021,Diciembre,202112.0
Noreste,Carne picada común,kg,Año 2021 - Diciembre,541.4,2021,Diciembre,202112.0
Noreste,Pollo entero,kg,Año 2021 - Diciembre,230.67,2021,Diciembre,202112.0
Noreste,Aceite de girasol,"1,5 litros",Año 2021 - Diciembre,397.36,2021,Diciembre,202112.0
Noreste,Leche fresca entera sachet,Litro,Año 2021 - Diciembre,114.64,2021,Diciembre,202112.0
Noreste,Huevos de gallina,Docena,Año 2021 - Diciembre,150.0,2021,Diciembre,202112.0
Noreste,Papa,kg,Año 2021 - Diciembre,52.48,2021,Diciembre,202112.0
Noreste,Azúcar,kg,Año 2021 - Diciembre,89.14,2021,Diciembre,202112.0
Noreste,Detergente líquido,750 cc,Año 2021 - Diciembre,100.5,2021,Diciembre,202112.0
Noreste,Lavandina,1.000 cc,Año 2021 - Diciembre,84.03,2021,Diciembre,202112.0
Noreste,Jabón de tocador,125 g,Año 2021 - Diciembre,65.71,2021,Diciembre,202112.0
Noroeste,Pan francés,kg,Año 2021 - Diciembre,158.37,2021,Diciembre,202112.0
Noroeste,Harina de trigo común,kg,Año 2021 - Diciembre,64.49,2021,Diciembre,202112.0
Noroeste,Arroz blanco simple,kg,Año 2021 - Diciembre,122.96,2021,Diciembre,202112.0
Noroeste,Fideos secos tipo guisero,500 g,Año 2021 - Diciembre,67.21,2021,Diciembre,202112.0
Noroeste,Carne picada común,kg,Año 2021 - Diciembre,545.98,2021,Diciembre,202112.0
Noroeste,Pollo entero,kg,Año 2021 - Diciembre,234.45,2021,Diciembre,202112.0
Noroeste,Aceite de girasol,"1,5 litros",Año 2021 - Diciembre,354.62,2021,Diciembre,202112.0
Noroeste,Leche fresca entera sachet,Litro,Año 2021 - Diciembre,106.8,2021,Diciembre,202112.0
Noroeste,Huevos de gallina,Docena,Año 2021 - Diciembre,142.73,2021,Diciembre,202112.0
Noroeste,Papa,kg,Año 2021 - Diciembre,39.05,2021,Diciembre,202112.0
Noroeste,Azúcar,kg,Año 2021 - Diciembre,81.45,2021,Diciembre,202112.0
Noroeste,Detergente líquido,750 cc,Año 2021 - Diciembre,108.76,2021,Diciembre,202112.0
Noroeste,Lavandina,1.000 cc,Año 2021 - Diciembre,78.66,2021,Diciembre,202112.0
Noroeste,Jabón de tocador,125 g,Año 2021 - Diciembre,69.12,2021,Diciembre,202112.0
Cuyo,Pan francés,kg,Año 2021 - Diciembre,148.78,2021,Diciembre,202112.0
Cuyo,Harina de trigo común,kg,Año 2021 - Diciembre,64.88,2021,Diciembre,202112.0
Cuyo,Arroz blanco simple,kg,Año 2021 - Diciembre,135.7,2021,Diciembre,202112.0
Cuyo,Fideos secos tipo guisero,500 g,Año 2021 - Diciembre,78.0,2021,Diciembre,202112.0
Cuyo,Carne picada común,kg,Año 2021 - Diciembre,526.94,2021,Diciembre,202112.0
Cuyo,Pollo entero,kg,Año 2021 - Diciembre,247.26,2021,Diciembre,202112.0
Cuyo,Aceite de girasol,"1,5 litros",Año 2021 - Diciembre,318.5,2021,Diciembre,202112.0
Cuyo,Leche fresca entera sachet,Litro,Año 2021 - Diciembre,114.06,2021,Diciembre,202112.0
Cuyo,Huevos de gallina,Docena,Año 2021 - Diciembre,153.56,2021,Diciembre,202112.0
Cuyo,Papa,kg,Año 2021 - Diciembre,47.79,2021,Diciembre,202112.0
Cuyo,Azúcar,kg,Año 2021 - Diciembre,86.3,2021,Diciembre,202112.0
Cuyo,Detergente líquido,750 cc,Año 2021 - Diciembre,111.19,2021,Diciembre,202112.0
Cuyo,Lavandina,1.000 cc,Año 2021 - Diciembre,70.75,2021,Diciembre,202112.0
Cuyo,Jabón de tocador,125 g,Año 2021 - Diciembre,69.37,2021,Diciembre,202112.0
Patagonia,Pan francés,kg,Año 2021 - Diciembre,201.41,2021,Diciembre,202112.0
Patagonia,Harina de trigo común,kg,Año 2021 - Diciembre,68.38,2021,Diciembre,202112.0
Patagonia,Arroz blanco simple,kg,Año 2021 - Diciembre,144.0,2021,Diciembre,202112.0
Patagonia,Fideos secos tipo guisero,500 g,Año 2021 - Diciembre,88.83,2021,Diciembre,202112.0
Patagonia,Carne picada común,kg,Año 2021 - Diciembre,596.17,2021,Diciembre,202112.0
Patagonia,Pollo entero,kg,Año 2021 - Diciembre,241.97,2021,Diciembre,202112.0
Patagonia,Aceite de girasol,"1,5 litros",Año 2021 - Diciembre,319.92,2021,Diciembre,202112.0
Patagonia,Leche fresca entera sachet,Litro,Año 2021 - Diciembre,106.66,2021,Diciembre,202112.0
Patagonia,Huevos de gallina,Docena,Año 2021 - Diciembre,179.19,2021,Diciembre,202112.0
Patagonia,Papa,kg,Año 2021 - Diciembre,77.51,2021,Diciembre,202112.0
Patagonia,Azúcar,kg,Año 2021 - Diciembre,93.54,2021,Diciembre,202112.0
Patagonia,Detergente líquido,750 cc,Año 2021 - Diciembre,198.83,2021,Diciembre,202112.0
Patagonia,Lavandina,1.000 cc,Año 2021 - Diciembre,70.48,2021,Diciembre,202112.0
Patagonia,Jabón de tocador,125 g,Año 2021 - Diciembre,70.33,2021,Diciembre,202112.0
GBA,Pan francés,kg,Año 2022 - Enero,209.92,2022,Enero,202201.0
GBA,Harina de trigo común,kg,Año 2022 - Enero,62.82,2022,Enero,202201.0
GBA,Arroz blanco simple,kg,Año 2022 - Enero,120.6,2022,Enero,202201.0
GBA,Fideos secos tipo guisero,500 g,Año 2022 - Enero,80.6,2022,Enero,202201.0
GBA,Carne picada común,kg,Año 2022 - Enero,481.74,2022,Enero,202201.0
GBA,Pollo entero,kg,Año 2022 - Enero,229.35,2022,Enero,202201.0
GBA,Aceite de girasol,"1,5 litros",Año 2022 - Enero,305.48,2022,Enero,202201.0
GBA,Leche fresca entera sachet,Litro,Año 2022 - Enero,91.22,2022,Enero,202201.0
GBA,Huevos de gallina,Docena,Año 2022 - Enero,163.58,2022,Enero,202201.0
GBA,Papa,kg,Año 2022 - Enero,61.33,2022,Enero,202201.0
GBA,Azúcar,kg,Año 2022 - Enero,83.75,2022,Enero,202201.0
GBA,Detergente líquido,750 cc,Año 2022 - Enero,114.95,2022,Enero,202201.0
GBA,Lavandina,1.000 cc,Año 2022 - Enero,72.85,2022,Enero,202201.0
GBA,Jabón de tocador,125 g,Año 2022 - Enero,73.15,2022,Enero,202201.0
Pampeana,Pan francés,kg,Año 2022 - Enero,180.46,2022,Enero,202201.0
Pampeana,Harina de trigo común,kg,Año 2022 - Enero,68.53,2022,Enero,202201.0
Pampeana,Arroz blanco simple,kg,Año 2022 - Enero,138.32,2022,Enero,202201.0
Pampeana,Fideos secos tipo guisero,500 g,Año 2022 - Enero,80.56,2022,Enero,202201.0
Pampeana,Carne picada común,kg,Año 2022 - Enero,534.26,2022,Enero,202201.0
Pampeana,Pollo entero,kg,Año 2022 - Enero,245.27,2022,Enero,202201.0
Pampeana,Aceite de girasol,"1,5 litros",Año 2022 - Enero,345.54,2022,Enero,202201.0
Pampeana,Leche fresca entera sachet,Litro,Año 2022 - Enero,105.58,2022,Enero,202201.0
Pampeana,Huevos de gallina,Docena,Año 2022 - Enero,165.76,2022,Enero,202201.0
Pampeana,Papa,kg,Año 2022 - Enero,60.4,2022,Enero,202201.0
Pampeana,Azúcar,kg,Año 2022 - Enero,92.52,2022,Enero,202201.0
Pampeana,Detergente líquido,750 cc,Año 2022 - Enero,122.3,2022,Enero,202201.0
Pampeana,Lavandina,1.000 cc,Año 2022 - Enero,75.22,2022,Enero,202201.0
Pampeana,Jabón de tocador,125 g,Año 2022 - Enero,73.59,2022,Enero,202201.0
Noreste,Pan francés,kg,Año 2022 - Enero,148.87,2022,Enero,202201.0
Noreste,Harina de trigo común,kg,Año 2022 - Enero,65.78,2022,Enero,202201.0
Noreste,Arroz blanco simple,kg,Año 2022 - Enero,129.45,2022,Enero,202201.0
Noreste,Fideos secos tipo guisero,500 g,Año 2022 - Enero,69.98,2022,Enero,202201.0
Noreste,Carne picada común,kg,Año 2022 - Enero,557.14,2022,Enero,202201.0
Noreste,Pollo entero,kg,Año 2022 - Enero,238.2,2022,Enero,202201.0
Noreste,Aceite de girasol,"1,5 litros",Año 2022 - Enero,403.96,2022,Enero,202201.0
Noreste,Leche fresca entera sachet,Litro,Año 2022 - Enero,116.2,2022,Enero,202201.0
Noreste,Huevos de gallina,Docena,Año 2022 - Enero,154.58,2022,Enero,202201.0
Noreste,Papa,kg,Año 2022 - Enero,55.58,2022,Enero,202201.0
Noreste,Azúcar,kg,Año 2022 - Enero,91.59,2022,Enero,202201.0
Noreste,Detergente líquido,750 cc,Año 2022 - Enero,105.16,2022,Enero,202201.0
Noreste,Lavandina,1.000 cc,Año 2022 - Enero,85.85,2022,Enero,202201.0
Noreste,Jabón de tocador,125 g,Año 2022 - Enero,69.35,2022,Enero,202201.0
Noroeste,Pan francés,kg,Año 2022 - Enero,161.22,2022,Enero,202201.0
Noroeste,Harina de trigo común,kg,Año 2022 - Enero,65.63,2022,Enero,202201.0
Noroeste,Arroz blanco simple,kg,Año 2022 - Enero,124.33,2022,Enero,202201.0
Noroeste,Fideos secos tipo guisero,500 g,Año 2022 - Enero,68.58,2022,Enero,202201.0
Noroeste,Carne picada común,kg,Año 2022 - Enero,560.39,2022,Enero,202201.0
Noroeste,Pollo entero,kg,Año 2022 - Enero,242.2,2022,Enero,202201.0
Noroeste,Aceite de girasol,"1,5 litros",Año 2022 - Enero,361.17,2022,Enero,202201.0
Noroeste,Leche fresca entera sachet,Litro,Año 2022 - Enero,109.97,2022,Enero,202201.0
Noroeste,Huevos de gallina,Docena,Año 2022 - Enero,145.99,2022,Enero,202201.0
Noroeste,Papa,kg,Año 2022 - Enero,46.43,2022,Enero,202201.0
Noroeste,Azúcar,kg,Año 2022 - Enero,84.42,2022,Enero,202201.0
Noroeste,Detergente líquido,750 cc,Año 2022 - Enero,118.27,2022,Enero,202201.0
Noroeste,Lavandina,1.000 cc,Año 2022 - Enero,81.5,2022,Enero,202201.0
Noroeste,Jabón de tocador,125 g,Año 2022 - Enero,72.51,2022,Enero,202201.0
Cuyo,Pan francés,kg,Año 2022 - Enero,151.07,2022,Enero,202201.0
Cuyo,Harina de trigo común,kg,Año 2022 - Enero,67.99,2022,Enero,202201.0
Cuyo,Arroz blanco simple,kg,Año 2022 - Enero,140.8,2022,Enero,202201.0
Cuyo,Fideos secos tipo guisero,500 g,Año 2022 - Enero,78.79,2022,Enero,202201.0
Cuyo,Carne picada común,kg,Año 2022 - Enero,529.58,2022,Enero,202201.0
Cuyo,Pollo entero,kg,Año 2022 - Enero,254.23,2022,Enero,202201.0
Cuyo,Aceite de girasol,"1,5 litros",Año 2022 - Enero,332.87,2022,Enero,202201.0
Cuyo,Leche fresca entera sachet,Litro,Año 2022 - Enero,117.05,2022,Enero,202201.0
Cuyo,Huevos de gallina,Docena,Año 2022 - Enero,157.78,2022,Enero,202201.0
Cuyo,Papa,kg,Año 2022 - Enero,48.88,2022,Enero,202201.0
Cuyo,Azúcar,kg,Año 2022 - Enero,88.48,2022,Enero,202201.0
Cuyo,Detergente líquido,750 cc,Año 2022 - Enero,118.95,2022,Enero,202201.0
Cuyo,Lavandina,1.000 cc,Año 2022 - Enero,72.99,2022,Enero,202201.0
Cuyo,Jabón de tocador,125 g,Año 2022 - Enero,75.69,2022,Enero,202201.0
Patagonia,Pan francés,kg,Año 2022 - Enero,205.46,2022,Enero,202201.0
Patagonia,Harina de trigo común,kg,Año 2022 - Enero,72.61,2022,Enero,202201.0
Patagonia,Arroz blanco simple,kg,Año 2022 - Enero,148.33,2022,Enero,202201.0
Patagonia,Fideos secos tipo guisero,500 g,Año 2022 - Enero,91.85,2022,Enero,202201.0
Patagonia,Carne picada común,kg,Año 2022 - Enero,619.89,2022,Enero,202201.0
Patagonia,Pollo entero,kg,Año 2022 - Enero,247.08,2022,Enero,202201.0
Patagonia,Aceite de girasol,"1,5 litros",Año 2022 - Enero,317.88,2022,Enero,202201.0
Patagonia,Leche fresca entera sachet,Litro,Año 2022 - Enero,110.01,2022,Enero,202201.0
Patagonia,Huevos de gallina,Docena,Año 2022 - Enero,184.14,2022,Enero,202201.0
Patagonia,Papa,kg,Año 2022 - Enero,79.97,2022,Enero,202201.0
Patagonia,Azúcar,kg,Año 2022 - Enero,95.63,2022,Enero,202201.0
Patagonia,Detergente líquido,750 cc,Año 2022 - Enero,207.76,2022,Enero,202201.0
Patagonia,Lavandina,1.000 cc,Año 2022 - Enero,73.61,2022,Enero,202201.0
Patagonia,Jabón de tocador,125 g,Año 2022 - Enero,73.82,2022,Enero,202201.0
GBA,Pan francés,kg,Año 2022 - Febrero,225.82,2022,Febrero,202202.0
GBA,Harina de trigo común,kg,Año 2022 - Febrero,65.55,2022,Febrero,202202.0
GBA,Arroz blanco simple,kg,Año 2022 - Febrero,120.62,2022,Febrero,202202.0
GBA,Fideos secos tipo guisero,500 g,Año 2022 - Febrero,84.2,2022,Febrero,202202.0
GBA,Carne picada común,kg,Año 2022 - Febrero,538.25,2022,Febrero,202202.0
GBA,Pollo entero,kg,Año 2022 - Febrero,240.37,2022,Febrero,202202.0
GBA,Aceite de girasol,"1,5 litros",Año 2022 - Febrero,312.8,2022,Febrero,202202.0
GBA,Leche fresca entera sachet,Litro,Año 2022 - Febrero,95.44,2022,Febrero,202202.0
GBA,Huevos de gallina,Docena,Año 2022 - Febrero,200.45,2022,Febrero,202202.0
GBA,Papa,kg,Año 2022 - Febrero,71.35,2022,Febrero,202202.0
GBA,Azúcar,kg,Año 2022 - Febrero,89.08,2022,Febrero,202202.0
GBA,Detergente líquido,750 cc,Año 2022 - Febrero,119.86,2022,Febrero,202202.0
GBA,Lavandina,1.000 cc,Año 2022 - Febrero,77.26,2022,Febrero,202202.0
GBA,Jabón de tocador,125 g,Año 2022 - Febrero,77.41,2022,Febrero,202202.0
Pampeana,Pan francés,kg,Año 2022 - Febrero,189.19,2022,Febrero,202202.0
Pampeana,Harina de trigo común,kg,Año 2022 - Febrero,72.62,2022,Febrero,202202.0
Pampeana,Arroz blanco simple,kg,Año 2022 - Febrero,141.56,2022,Febrero,202202.0
Pampeana,Fideos secos tipo guisero,500 g,Año 2022 - Febrero,83.9,2022,Febrero,202202.0
Pampeana,Carne picada común,kg,Año 2022 - Febrero,562.85,2022,Febrero,202202.0
Pampeana,Pollo entero,kg,Año 2022 - Febrero,256.18,2022,Febrero,202202.0
Pampeana,Aceite de girasol,"1,5 litros",Año 2022 - Febrero,352.55,2022,Febrero,202202.0
Pampeana,Leche fresca entera sachet,Litro,Año 2022 - Febrero,112.89,2022,Febrero,202202.0
Pampeana,Huevos de gallina,Docena,Año 2022 - Febrero,195.56,2022,Febrero,202202.0
Pampeana,Papa,kg,Año 2022 - Febrero,70.6,2022,Febrero,202202.0
Pampeana,Azúcar,kg,Año 2022 - Febrero,98.12,2022,Febrero,202202.0
Pampeana,Detergente líquido,750 cc,Año 2022 - Febrero,132.89,2022,Febrero,202202.0
Pampeana,Lavandina,1.000 cc,Año 2022 - Febrero,80.6,2022,Febrero,202202.0
Pampeana,Jabón de tocador,125 g,Año 2022 - Febrero,77.77,2022,Febrero,202202.0
Noreste,Pan francés,kg,Año 2022 - Febrero,156.44,2022,Febrero,202202.0
Noreste,Harina de trigo común,kg,Año 2022 - Febrero,68.9,2022,Febrero,202202.0
Noreste,Arroz blanco simple,kg,Año 2022 - Febrero,133.82,2022,Febrero,202202.0
Noreste,Fideos secos tipo guisero,500 g,Año 2022 - Febrero,72.53,2022,Febrero,202202.0
Noreste,Carne picada común,kg,Año 2022 - Febrero,577.13,2022,Febrero,202202.0
Noreste,Pollo entero,kg,Año 2022 - Febrero,248.29,2022,Febrero,202202.0
Noreste,Aceite de girasol,"1,5 litros",Año 2022 - Febrero,428.26,2022,Febrero,202202.0
Noreste,Leche fresca entera sachet,Litro,Año 2022 - Febrero,124.31,2022,Febrero,202202.0
Noreste,Huevos de gallina,Docena,Año 2022 - Febrero,184.19,2022,Febrero,202202.0
Noreste,Papa,kg,Año 2022 - Febrero,66.47,2022,Febrero,202202.0
Noreste,Azúcar,kg,Año 2022 - Febrero,98.6,2022,Febrero,202202.0
Noreste,Detergente líquido,750 cc,Año 2022 - Febrero,113.64,2022,Febrero,202202.0
Noreste,Lavandina,1.000 cc,Año 2022 - Febrero,91.91,2022,Febrero,202202.0
Noreste,Jabón de tocador,125 g,Año 2022 - Febrero,71.94,2022,Febrero,202202.0
Noroeste,Pan francés,kg,Año 2022 - Febrero,167.72,2022,Febrero,202202.0
Noroeste,Harina de trigo común,kg,Año 2022 - Febrero,68.7,2022,Febrero,202202.0
Noroeste,Arroz blanco simple,kg,Año 2022 - Febrero,125.51,2022,Febrero,202202.0
Noroeste,Fideos secos tipo guisero,500 g,Año 2022 - Febrero,72.03,2022,Febrero,202202.0
Noroeste,Carne picada común,kg,Año 2022 - Febrero,578.11,2022,Febrero,202202.0
Noroeste,Pollo entero,kg,Año 2022 - Febrero,253.72,2022,Febrero,202202.0
Noroeste,Aceite de girasol,"1,5 litros",Año 2022 - Febrero,367.66,2022,Febrero,202202.0
Noroeste,Leche fresca entera sachet,Litro,Año 2022 - Febrero,114.2,2022,Febrero,202202.0
Noroeste,Huevos de gallina,Docena,Año 2022 - Febrero,193.62,2022,Febrero,202202.0
Noroeste,Papa,kg,Año 2022 - Febrero,59.27,2022,Febrero,202202.0
Noroeste,Azúcar,kg,Año 2022 - Febrero,90.8,2022,Febrero,202202.0
Noroeste,Detergente líquido,750 cc,Año 2022 - Febrero,127.16,2022,Febrero,202202.0
Noroeste,Lavandina,1.000 cc,Año 2022 - Febrero,85.4,2022,Febrero,202202.0
Noroeste,Jabón de tocador,125 g,Año 2022 - Febrero,77.56,2022,Febrero,202202.0
Cuyo,Pan francés,kg,Año 2022 - Febrero,158.61,2022,Febrero,202202.0
Cuyo,Harina de trigo común,kg,Año 2022 - Febrero,69.29,2022,Febrero,202202.0
Cuyo,Arroz blanco simple,kg,Año 2022 - Febrero,141.39,2022,Febrero,202202.0
Cuyo,Fideos secos tipo guisero,500 g,Año 2022 - Febrero,83.22,2022,Febrero,202202.0
Cuyo,Carne picada común,kg,Año 2022 - Febrero,562.88,2022,Febrero,202202.0
Cuyo,Pollo entero,kg,Año 2022 - Febrero,263.51,2022,Febrero,202202.0
Cuyo,Aceite de girasol,"1,5 litros",Año 2022 - Febrero,326.46,2022,Febrero,202202.0
Cuyo,Leche fresca entera sachet,Litro,Año 2022 - Febrero,124.78,2022,Febrero,202202.0
Cuyo,Huevos de gallina,Docena,Año 2022 - Febrero,198.96,2022,Febrero,202202.0
Cuyo,Papa,kg,Año 2022 - Febrero,65.53,2022,Febrero,202202.0
Cuyo,Azúcar,kg,Año 2022 - Febrero,95.75,2022,Febrero,202202.0
Cuyo,Detergente líquido,750 cc,Año 2022 - Febrero,129.97,2022,Febrero,202202.0
Cuyo,Lavandina,1.000 cc,Año 2022 - Febrero,77.66,2022,Febrero,202202.0
Cuyo,Jabón de tocador,125 g,Año 2022 - Febrero,80.14,2022,Febrero,202202.0
Patagonia,Pan francés,kg,Año 2022 - Febrero,216.45,2022,Febrero,202202.0
Patagonia,Harina de trigo común,kg,Año 2022 - Febrero,75.66,2022,Febrero,202202.0
Patagonia,Arroz blanco simple,kg,Año 2022 - Febrero,147.51,2022,Febrero,202202.0
Patagonia,Fideos secos tipo guisero,500 g,Año 2022 - Febrero,92.8,2022,Febrero,202202.0
Patagonia,Carne picada común,kg,Año 2022 - Febrero,667.37,2022,Febrero,202202.0
Patagonia,Pollo entero,kg,Año 2022 - Febrero,257.68,2022,Febrero,202202.0
Patagonia,Aceite de girasol,"1,5 litros",Año 2022 - Febrero,317.45,2022,Febrero,202202.0
Patagonia,Leche fresca entera sachet,Litro,Año 2022 - Febrero,115.71,2022,Febrero,202202.0
Patagonia,Huevos de gallina,Docena,Año 2022 - Febrero,202.9,2022,Febrero,202202.0
Patagonia,Papa,kg,Año 2022 - Febrero,90.33,2022,Febrero,202202.0
Patagonia,Azúcar,kg,Año 2022 - Febrero,99.98,2022,Febrero,202202.0
Patagonia,Detergente líquido,750 cc,Año 2022 - Febrero,218.87,2022,Febrero,202202.0
Patagonia,Lavandina,1.000 cc,Año 2022 - Febrero,77.45,2022,Febrero,202202.0
Patagonia,Jabón de tocador,125 g,Año 2022 - Febrero,79.87,2022,Febrero,202202.0
GBA,Pan francés,kg,Año 2022 - Marzo,265.71,2022,Marzo,202203.0
GBA,Harina de trigo común,kg,Año 2022 - Marzo,74.22,2022,Marzo,202203.0
GBA,Arroz blanco simple,kg,Año 2022 - Marzo,124.5,2022,Marzo,202203.0
GBA,Fideos secos tipo guisero,500 g,Año 2022 - Marzo,93.18,2022,Marzo,202203.0
GBA,Carne picada común,kg,Año 2022 - Marzo,559.84,2022,Marzo,202203.0
GBA,Pollo entero,kg,Año 2022 - Marzo,276.59,2022,Marzo,202203.0
GBA,Aceite de girasol,"1,5 litros",Año 2022 - Marzo,309.79,2022,Marzo,202203.0
GBA,Leche fresca entera sachet,Litro,Año 2022 - Marzo,108.75,2022,Marzo,202203.0
GBA,Huevos de gallina,Docena,Año 2022 - Marzo,243.77,2022,Marzo,202203.0
GBA,Papa,kg,Año 2022 - Marzo,67.24,2022,Marzo,202203.0
GBA,Azúcar,kg,Año 2022 - Marzo,98.46,2022,Marzo,202203.0
GBA,Detergente líquido,750 cc,Año 2022 - Marzo,130.13,2022,Marzo,202203.0
GBA,Lavandina,1.000 cc,Año 2022 - Marzo,80.48,2022,Marzo,202203.0
GBA,Jabón de tocador,125 g,Año 2022 - Marzo,82.17,2022,Marzo,202203.0
Pampeana,Pan francés,kg,Año 2022 - Marzo,225.75,2022,Marzo,202203.0
Pampeana,Harina de trigo común,kg,Año 2022 - Marzo,83.2,2022,Marzo,202203.0
Pampeana,Arroz blanco simple,kg,Año 2022 - Marzo,146.22,2022,Marzo,202203.0
Pampeana,Fideos secos tipo guisero,500 g,Año 2022 - Marzo,91.12,2022,Marzo,202203.0
Pampeana,Carne picada común,kg,Año 2022 - Marzo,629.0,2022,Marzo,202203.0
Pampeana,Pollo entero,kg,Año 2022 - Marzo,286.52,2022,Marzo,202203.0
Pampeana,Aceite de girasol,"1,5 litros",Año 2022 - Marzo,376.27,2022,Marzo,202203.0
Pampeana,Leche fresca entera sachet,Litro,Año 2022 - Marzo,122.17,2022,Marzo,202203.0
Pampeana,Huevos de gallina,Docena,Año 2022 - Marzo,243.59,2022,Marzo,202203.0
Pampeana,Papa,kg,Año 2022 - Marzo,67.7,2022,Marzo,202203.0
Pampeana,Azúcar,kg,Año 2022 - Marzo,108.4,2022,Marzo,202203.0
Pampeana,Detergente líquido,750 cc,Año 2022 - Marzo,138.31,2022,Marzo,202203.0
Pampeana,Lavandina,1.000 cc,Año 2022 - Marzo,84.55,2022,Marzo,202203.0
Pampeana,Jabón de tocador,125 g,Año 2022 - Marzo,83.46,2022,Marzo,202203.0
Noreste,Pan francés,kg,Año 2022 - Marzo,191.25,2022,Marzo,202203.0
Noreste,Harina de trigo común,kg,Año 2022 - Marzo,78.28,2022,Marzo,202203.0
Noreste,Arroz blanco simple,kg,Año 2022 - Marzo,134.81,2022,Marzo,202203.0
Noreste,Fideos secos tipo guisero,500 g,Año 2022 - Marzo,78.46,2022,Marzo,202203.0
Noreste,Carne picada común,kg,Año 2022 - Marzo,622.07,2022,Marzo,202203.0
Noreste,Pollo entero,kg,Año 2022 - Marzo,274.33,2022,Marzo,202203.0
Noreste,Aceite de girasol,"1,5 litros",Año 2022 - Marzo,453.19,2022,Marzo,202203.0
Noreste,Leche fresca entera sachet,Litro,Año 2022 - Marzo,130.82,2022,Marzo,202203.0
Noreste,Huevos de gallina,Docena,Año 2022 - Marzo,224.6,2022,Marzo,202203.0
Noreste,Papa,kg,Año 2022 - Marzo,69.71,2022,Marzo,202203.0
Noreste,Azúcar,kg,Año 2022 - Marzo,106.79,2022,Marzo,202203.0
Noreste,Detergente líquido,750 cc,Año 2022 - Marzo,121.33,2022,Marzo,202203.0
Noreste,Lavandina,1.000 cc,Año 2022 - Marzo,95.72,2022,Marzo,202203.0
Noreste,Jabón de tocador,125 g,Año 2022 - Marzo,77.69,2022,Marzo,202203.0
Noroeste,Pan francés,kg,Año 2022 - Marzo,206.87,2022,Marzo,202203.0
Noroeste,Harina de trigo común,kg,Año 2022 - Marzo,81.83,2022,Marzo,202203.0
Noroeste,Arroz blanco simple,kg,Año 2022 - Marzo,129.82,2022,Marzo,202203.0
Noroeste,Fideos secos tipo guisero,500 g,Año 2022 - Marzo,78.7,2022,Marzo,202203.0
Noroeste,Carne picada común,kg,Año 2022 - Marzo,651.41,2022,Marzo,202203.0
Noroeste,Pollo entero,kg,Año 2022 - Marzo,282.6,2022,Marzo,202203.0
Noroeste,Aceite de girasol,"1,5 litros",Año 2022 - Marzo,401.6,2022,Marzo,202203.0
Noroeste,Leche fresca entera sachet,Litro,Año 2022 - Marzo,121.87,2022,Marzo,202203.0
Noroeste,Huevos de gallina,Docena,Año 2022 - Marzo,237.02,2022,Marzo,202203.0
Noroeste,Papa,kg,Año 2022 - Marzo,57.51,2022,Marzo,202203.0
Noroeste,Azúcar,kg,Año 2022 - Marzo,98.79,2022,Marzo,202203.0
Noroeste,Detergente líquido,750 cc,Año 2022 - Marzo,131.85,2022,Marzo,202203.0
Noroeste,Lavandina,1.000 cc,Año 2022 - Marzo,88.58,2022,Marzo,202203.0
Noroeste,Jabón de tocador,125 g,Año 2022 - Marzo,83.89,2022,Marzo,202203.0
Cuyo,Pan francés,kg,Año 2022 - Marzo,200.94,2022,Marzo,202203.0
Cuyo,Harina de trigo común,kg,Año 2022 - Marzo,82.8,2022,Marzo,202203.0
Cuyo,Arroz blanco simple,kg,Año 2022 - Marzo,141.58,2022,Marzo,202203.0
Cuyo,Fideos secos tipo guisero,500 g,Año 2022 - Marzo,89.37,2022,Marzo,202203.0
Cuyo,Carne picada común,kg,Año 2022 - Marzo,618.49,2022,Marzo,202203.0
Cuyo,Pollo entero,kg,Año 2022 - Marzo,299.13,2022,Marzo,202203.0
Cuyo,Aceite de girasol,"1,5 litros",Año 2022 - Marzo,361.77,2022,Marzo,202203.0
Cuyo,Leche fresca entera sachet,Litro,Año 2022 - Marzo,132.39,2022,Marzo,202203.0
Cuyo,Huevos de gallina,Docena,Año 2022 - Marzo,257.04,2022,Marzo,202203.0
Cuyo,Papa,kg,Año 2022 - Marzo,69.85,2022,Marzo,202203.0
Cuyo,Azúcar,kg,Año 2022 - Marzo,109.52,2022,Marzo,202203.0
Cuyo,Detergente líquido,750 cc,Año 2022 - Marzo,137.56,2022,Marzo,202203.0
Cuyo,Lavandina,1.000 cc,Año 2022 - Marzo,81.03,2022,Marzo,202203.0
Cuyo,Jabón de tocador,125 g,Año 2022 - Marzo,86.69,2022,Marzo,202203.0
Patagonia,Pan francés,kg,Año 2022 - Marzo,254.49,2022,Marzo,202203.0
Patagonia,Harina de trigo común,kg,Año 2022 - Marzo,85.6,2022,Marzo,202203.0
Patagonia,Arroz blanco simple,kg,Año 2022 - Marzo,151.64,2022,Marzo,202203.0
Patagonia,Fideos secos tipo guisero,500 g,Año 2022 - Marzo,101.72,2022,Marzo,202203.0
Patagonia,Carne picada común,kg,Año 2022 - Marzo,757.98,2022,Marzo,202203.0
Patagonia,Pollo entero,kg,Año 2022 - Marzo,287.48,2022,Marzo,202203.0
Patagonia,Aceite de girasol,"1,5 litros",Año 2022 - Marzo,340.36,2022,Marzo,202203.0
Patagonia,Leche fresca entera sachet,Litro,Año 2022 - Marzo,129.95,2022,Marzo,202203.0
Patagonia,Huevos de gallina,Docena,Año 2022 - Marzo,243.46,2022,Marzo,202203.0
Patagonia,Papa,kg,Año 2022 - Marzo,95.49,2022,Marzo,202203.0
Patagonia,Azúcar,kg,Año 2022 - Marzo,116.85,2022,Marzo,202203.0
Patagonia,Detergente líquido,750 cc,Año 2022 - Marzo,229.15,2022,Marzo,202203.0
Patagonia,Lavandina,1.000 cc,Año 2022 - Marzo,79.54,2022,Marzo,202203.0
Patagonia,Jabón de tocador,125 g,Año 2022 - Marzo,87.15,2022,Marzo,202203.0
GBA,Pan francés,kg,Año 2022 - Abril,295.24,2022,Abril,202204.0
GBA,Harina de trigo común,kg,Año 2022 - Abril,86.18,2022,Abril,202204.0
GBA,Arroz blanco simple,kg,Año 2022 - Abril,127.08,2022,Abril,202204.0
GBA,Fideos secos tipo guisero,500 g,Año 2022 - Abril,100.91,2022,Abril,202204.0
GBA,Carne picada común,kg,Año 2022 - Abril,614.62,2022,Abril,202204.0
GBA,Pollo entero,kg,Año 2022 - Abril,310.0,2022,Abril,202204.0
GBA,Aceite de girasol,"1,5 litros",Año 2022 - Abril,351.67,2022,Abril,202204.0
GBA,Leche fresca entera sachet,Litro,Año 2022 - Abril,117.5,2022,Abril,202204.0
GBA,Huevos de gallina,Docena,Año 2022 - Abril,263.81,2022,Abril,202204.0
GBA,Papa,kg,Año 2022 - Abril,68.2,2022,Abril,202204.0
GBA,Azúcar,kg,Año 2022 - Abril,110.09,2022,Abril,202204.0
GBA,Detergente líquido,750 cc,Año 2022 - Abril,139.97,2022,Abril,202204.0
GBA,Lavandina,1.000 cc,Año 2022 - Abril,89.65,2022,Abril,202204.0
GBA,Jabón de tocador,125 g,Año 2022 - Abril,89.85,2022,Abril,202204.0
Pampeana,Pan francés,kg,Año 2022 - Abril,247.89,2022,Abril,202204.0
Pampeana,Harina de trigo común,kg,Año 2022 - Abril,93.61,2022,Abril,202204.0
Pampeana,Arroz blanco simple,kg,Año 2022 - Abril,150.64,2022,Abril,202204.0
Pampeana,Fideos secos tipo guisero,500 g,Año 2022 - Abril,100.19,2022,Abril,202204.0
Pampeana,Carne picada común,kg,Año 2022 - Abril,691.03,2022,Abril,202204.0
Pampeana,Pollo entero,kg,Año 2022 - Abril,318.4,2022,Abril,202204.0
Pampeana,Aceite de girasol,"1,5 litros",Año 2022 - Abril,407.42,2022,Abril,202204.0
Pampeana,Leche fresca entera sachet,Litro,Año 2022 - Abril,129.98,2022,Abril,202204.0
Pampeana,Huevos de gallina,Docena,Año 2022 - Abril,259.95,2022,Abril,202204.0
Pampeana,Papa,kg,Año 2022 - Abril,67.61,2022,Abril,202204.0
Pampeana,Azúcar,kg,Año 2022 - Abril,120.24,2022,Abril,202204.0
Pampeana,Detergente líquido,750 cc,Año 2022 - Abril,148.82,2022,Abril,202204.0
Pampeana,Lavandina,1.000 cc,Año 2022 - Abril,88.04,2022,Abril,202204.0
Pampeana,Jabón de tocador,125 g,Año 2022 - Abril,89.56,2022,Abril,202204.0
Noreste,Pan francés,kg,Año 2022 - Abril,217.5,2022,Abril,202204.0
Noreste,Harina de trigo común,kg,Año 2022 - Abril,90.44,2022,Abril,202204.0
Noreste,Arroz blanco simple,kg,Año 2022 - Abril,139.6,2022,Abril,202204.0
Noreste,Fideos secos tipo guisero,500 g,Año 2022 - Abril,87.45,2022,Abril,202204.0
Noreste,Carne picada común,kg,Año 2022 - Abril,654.28,2022,Abril,202204.0
Noreste,Pollo entero,kg,Año 2022 - Abril,303.32,2022,Abril,202204.0
Noreste,Aceite de girasol,"1,5 litros",Año 2022 - Abril,528.12,2022,Abril,202204.0
Noreste,Leche fresca entera sachet,Litro,Año 2022 - Abril,144.01,2022,Abril,202204.0
Noreste,Huevos de gallina,Docena,Año 2022 - Abril,249.99,2022,Abril,202204.0
Noreste,Papa,kg,Año 2022 - Abril,71.58,2022,Abril,202204.0
Noreste,Azúcar,kg,Año 2022 - Abril,117.64,2022,Abril,202204.0
Noreste,Detergente líquido,750 cc,Año 2022 - Abril,136.36,2022,Abril,202204.0
Noreste,Lavandina,1.000 cc,Año 2022 - Abril,102.93,2022,Abril,202204.0
Noreste,Jabón de tocador,125 g,Año 2022 - Abril,83.88,2022,Abril,202204.0
Noroeste,Pan francés,kg,Año 2022 - Abril,226.13,2022,Abril,202204.0
Noroeste,Harina de trigo común,kg,Año 2022 - Abril,93.72,2022,Abril,202204.0
Noroeste,Arroz blanco simple,kg,Año 2022 - Abril,137.62,2022,Abril,202204.0
Noroeste,Fideos secos tipo guisero,500 g,Año 2022 - Abril,87.11,2022,Abril,202204.0
Noroeste,Carne picada común,kg,Año 2022 - Abril,693.32,2022,Abril,202204.0
Noroeste,Pollo entero,kg,Año 2022 - Abril,316.52,2022,Abril,202204.0
Noroeste,Aceite de girasol,"1,5 litros",Año 2022 - Abril,466.97,2022,Abril,202204.0
Noroeste,Leche fresca entera sachet,Litro,Año 2022 - Abril,129.0,2022,Abril,202204.0
Noroeste,Huevos de gallina,Docena,Año 2022 - Abril,248.63,2022,Abril,202204.0
Noroeste,Papa,kg,Año 2022 - Abril,58.47,2022,Abril,202204.0
Noroeste,Azúcar,kg,Año 2022 - Abril,108.67,2022,Abril,202204.0
Noroeste,Detergente líquido,750 cc,Año 2022 - Abril,143.06,2022,Abril,202204.0
Noroeste,Lavandina,1.000 cc,Año 2022 - Abril,92.46,2022,Abril,202204.0
Noroeste,Jabón de tocador,125 g,Año 2022 - Abril,88.93,2022,Abril,202204.0
Cuyo,Pan francés,kg,Año 2022 - Abril,220.7,2022,Abril,202204.0
Cuyo,Harina de trigo común,kg,Año 2022 - Abril,91.11,2022,Abril,202204.0
Cuyo,Arroz blanco simple,kg,Año 2022 - Abril,151.52,2022,Abril,202204.0
Cuyo,Fideos secos tipo guisero,500 g,Año 2022 - Abril,100.05,2022,Abril,202204.0
Cuyo,Carne picada común,kg,Año 2022 - Abril,650.11,2022,Abril,202204.0
Cuyo,Pollo entero,kg,Año 2022 - Abril,324.47,2022,Abril,202204.0
Cuyo,Aceite de girasol,"1,5 litros",Año 2022 - Abril,411.8,2022,Abril,202204.0
Cuyo,Leche fresca entera sachet,Litro,Año 2022 - Abril,141.68,2022,Abril,202204.0
Cuyo,Huevos de gallina,Docena,Año 2022 - Abril,267.48,2022,Abril,202204.0
Cuyo,Papa,kg,Año 2022 - Abril,69.48,2022,Abril,202204.0
Cuyo,Azúcar,kg,Año 2022 - Abril,121.72,2022,Abril,202204.0
Cuyo,Detergente líquido,750 cc,Año 2022 - Abril,150.14,2022,Abril,202204.0
Cuyo,Lavandina,1.000 cc,Año 2022 - Abril,91.8,2022,Abril,202204.0
Cuyo,Jabón de tocador,125 g,Año 2022 - Abril,93.96,2022,Abril,202204.0
Patagonia,Pan francés,kg,Año 2022 - Abril,284.93,2022,Abril,202204.0
Patagonia,Harina de trigo común,kg,Año 2022 - Abril,95.66,2022,Abril,202204.0
Patagonia,Arroz blanco simple,kg,Año 2022 - Abril,155.33,2022,Abril,202204.0
Patagonia,Fideos secos tipo guisero,500 g,Año 2022 - Abril,113.28,2022,Abril,202204.0
Patagonia,Carne picada común,kg,Año 2022 - Abril,834.0,2022,Abril,202204.0
Patagonia,Pollo entero,kg,Año 2022 - Abril,319.69,2022,Abril,202204.0
Patagonia,Aceite de girasol,"1,5 litros",Año 2022 - Abril,369.17,2022,Abril,202204.0
Patagonia,Leche fresca entera sachet,Litro,Año 2022 - Abril,143.75,2022,Abril,202204.0
Patagonia,Huevos de gallina,Docena,Año 2022 - Abril,266.79,2022,Abril,202204.0
Patagonia,Papa,kg,Año 2022 - Abril,94.06,2022,Abril,202204.0
Patagonia,Azúcar,kg,Año 2022 - Abril,127.28,2022,Abril,202204.0
Patagonia,Detergente líquido,750 cc,Año 2022 - Abril,244.97,2022,Abril,202204.0
Patagonia,Lavandina,1.000 cc,Año 2022 - Abril,85.73,2022,Abril,202204.0
Patagonia,Jabón de tocador,125 g,Año 2022 - Abril,90.81,2022,Abril,202204.0
GBA,Pan francés,kg,Año 2022 - Mayo,301.62,2022,Mayo,202205.0
GBA,Harina de trigo común,kg,Año 2022 - Mayo,95.25,2022,Mayo,202205.0
GBA,Arroz blanco simple,kg,Año 2022 - Mayo,131.18,2022,Mayo,202205.0
GBA,Fideos secos tipo guisero,500 g,Año 2022 - Mayo,108.12,2022,Mayo,202205.0
GBA,Carne picada común,kg,Año 2022 - Mayo,664.87,2022,Mayo,202205.0
GBA,Pollo entero,kg,Año 2022 - Mayo,335.82,2022,Mayo,202205.0
GBA,Aceite de girasol,"1,5 litros",Año 2022 - Mayo,370.71,2022,Mayo,202205.0
GBA,Leche fresca entera sachet,Litro,Año 2022 - Mayo,125.69,2022,Mayo,202205.0
GBA,Huevos de gallina,Docena,Año 2022 - Mayo,268.24,2022,Mayo,202205.0
GBA,Papa,kg,Año 2022 - Mayo,71.28,2022,Mayo,202205.0
GBA,Azúcar,kg,Año 2022 - Mayo,123.16,2022,Mayo,202205.0
GBA,Detergente líquido,750 cc,Año 2022 - Mayo,150.47,2022,Mayo,202205.0
GBA,Lavandina,1.000 cc,Año 2022 - Mayo,94.02,2022,Mayo,202205.0
GBA,Jabón de tocador,125 g,Año 2022 - Mayo,94.54,2022,Mayo,202205.0
Pampeana,Pan francés,kg,Año 2022 - Mayo,260.8,2022,Mayo,202205.0
Pampeana,Harina de trigo común,kg,Año 2022 - Mayo,99.84,2022,Mayo,202205.0
Pampeana,Arroz blanco simple,kg,Año 2022 - Mayo,155.89,2022,Mayo,202205.0
Pampeana,Fideos secos tipo guisero,500 g,Año 2022 - Mayo,108.97,2022,Mayo,202205.0
Pampeana,Carne picada común,kg,Año 2022 - Mayo,741.17,2022,Mayo,202205.0
Pampeana,Pollo entero,kg,Año 2022 - Mayo,342.83,2022,Mayo,202205.0
Pampeana,Aceite de girasol,"1,5 litros",Año 2022 - Mayo,441.73,2022,Mayo,202205.0
Pampeana,Leche fresca entera sachet,Litro,Año 2022 - Mayo,138.32,2022,Mayo,202205.0
Pampeana,Huevos de gallina,Docena,Año 2022 - Mayo,264.4,2022,Mayo,202205.0
Pampeana,Papa,kg,Año 2022 - Mayo,68.72,2022,Mayo,202205.0
Pampeana,Azúcar,kg,Año 2022 - Mayo,130.03,2022,Mayo,202205.0
Pampeana,Detergente líquido,750 cc,Año 2022 - Mayo,158.24,2022,Mayo,202205.0
Pampeana,Lavandina,1.000 cc,Año 2022 - Mayo,92.66,2022,Mayo,202205.0
Pampeana,Jabón de tocador,125 g,Año 2022 - Mayo,94.13,2022,Mayo,202205.0
Noreste,Pan francés,kg,Año 2022 - Mayo,234.72,2022,Mayo,202205.0
Noreste,Harina de trigo común,kg,Año 2022 - Mayo,98.1,2022,Mayo,202205.0
Noreste,Arroz blanco simple,kg,Año 2022 - Mayo,142.8,2022,Mayo,202205.0
Noreste,Fideos secos tipo guisero,500 g,Año 2022 - Mayo,93.66,2022,Mayo,202205.0
Noreste,Carne picada común,kg,Año 2022 - Mayo,690.51,2022,Mayo,202205.0
Noreste,Pollo entero,kg,Año 2022 - Mayo,329.43,2022,Mayo,202205.0
Noreste,Aceite de girasol,"1,5 litros",Año 2022 - Mayo,555.53,2022,Mayo,202205.0
Noreste,Leche fresca entera sachet,Litro,Año 2022 - Mayo,151.08,2022,Mayo,202205.0
Noreste,Huevos de gallina,Docena,Año 2022 - Mayo,253.94,2022,Mayo,202205.0
Noreste,Papa,kg,Año 2022 - Mayo,71.18,2022,Mayo,202205.0
Noreste,Azúcar,kg,Año 2022 - Mayo,128.63,2022,Mayo,202205.0
Noreste,Detergente líquido,750 cc,Año 2022 - Mayo,146.51,2022,Mayo,202205.0
Noreste,Lavandina,1.000 cc,Año 2022 - Mayo,106.62,2022,Mayo,202205.0
Noreste,Jabón de tocador,125 g,Año 2022 - Mayo,90.14,2022,Mayo,202205.0
Noroeste,Pan francés,kg,Año 2022 - Mayo,235.77,2022,Mayo,202205.0
Noroeste,Harina de trigo común,kg,Año 2022 - Mayo,100.83,2022,Mayo,202205.0
Noroeste,Arroz blanco simple,kg,Año 2022 - Mayo,140.88,2022,Mayo,202205.0
Noroeste,Fideos secos tipo guisero,500 g,Año 2022 - Mayo,93.89,2022,Mayo,202205.0
Noroeste,Carne picada común,kg,Año 2022 - Mayo,744.54,2022,Mayo,202205.0
Noroeste,Pollo entero,kg,Año 2022 - Mayo,339.59,2022,Mayo,202205.0
Noroeste,Aceite de girasol,"1,5 litros",Año 2022 - Mayo,522.17,2022,Mayo,202205.0
Noroeste,Leche fresca entera sachet,Litro,Año 2022 - Mayo,136.36,2022,Mayo,202205.0
Noroeste,Huevos de gallina,Docena,Año 2022 - Mayo,249.56,2022,Mayo,202205.0
Noroeste,Papa,kg,Año 2022 - Mayo,58.78,2022,Mayo,202205.0
Noroeste,Azúcar,kg,Año 2022 - Mayo,115.41,2022,Mayo,202205.0
Noroeste,Detergente líquido,750 cc,Año 2022 - Mayo,148.28,2022,Mayo,202205.0
Noroeste,Lavandina,1.000 cc,Año 2022 - Mayo,95.37,2022,Mayo,202205.0
Noroeste,Jabón de tocador,125 g,Año 2022 - Mayo,93.84,2022,Mayo,202205.0
Cuyo,Pan francés,kg,Año 2022 - Mayo,230.43,2022,Mayo,202205.0
Cuyo,Harina de trigo común,kg,Año 2022 - Mayo,96.23,2022,Mayo,202205.0
Cuyo,Arroz blanco simple,kg,Año 2022 - Mayo,151.95,2022,Mayo,202205.0
Cuyo,Fideos secos tipo guisero,500 g,Año 2022 - Mayo,105.57,2022,Mayo,202205.0
Cuyo,Carne picada común,kg,Año 2022 - Mayo,686.44,2022,Mayo,202205.0
Cuyo,Pollo entero,kg,Año 2022 - Mayo,343.69,2022,Mayo,202205.0
Cuyo,Aceite de girasol,"1,5 litros",Año 2022 - Mayo,459.64,2022,Mayo,202205.0
Cuyo,Leche fresca entera sachet,Litro,Año 2022 - Mayo,150.7,2022,Mayo,202205.0
Cuyo,Huevos de gallina,Docena,Año 2022 - Mayo,267.95,2022,Mayo,202205.0
Cuyo,Papa,kg,Año 2022 - Mayo,71.73,2022,Mayo,202205.0
Cuyo,Azúcar,kg,Año 2022 - Mayo,129.16,2022,Mayo,202205.0
Cuyo,Detergente líquido,750 cc,Año 2022 - Mayo,156.11,2022,Mayo,202205.0
Cuyo,Lavandina,1.000 cc,Año 2022 - Mayo,96.15,2022,Mayo,202205.0
Cuyo,Jabón de tocador,125 g,Año 2022 - Mayo,100.59,2022,Mayo,202205.0
Patagonia,Pan francés,kg,Año 2022 - Mayo,294.71,2022,Mayo,202205.0
Patagonia,Harina de trigo común,kg,Año 2022 - Mayo,104.59,2022,Mayo,202205.0
Patagonia,Arroz blanco simple,kg,Año 2022 - Mayo,165.13,2022,Mayo,202205.0
Patagonia,Fideos secos tipo guisero,500 g,Año 2022 - Mayo,121.78,2022,Mayo,202205.0
Patagonia,Carne picada común,kg,Año 2022 - Mayo,842.39,2022,Mayo,202205.0
Patagonia,Pollo entero,kg,Año 2022 - Mayo,349.34,2022,Mayo,202205.0
Patagonia,Aceite de girasol,"1,5 litros",Año 2022 - Mayo,404.18,2022,Mayo,202205.0
Patagonia,Leche fresca entera sachet,Litro,Año 2022 - Mayo,151.61,2022,Mayo,202205.0
Patagonia,Huevos de gallina,Docena,Año 2022 - Mayo,282.06,2022,Mayo,202205.0
Patagonia,Papa,kg,Año 2022 - Mayo,96.84,2022,Mayo,202205.0
Patagonia,Azúcar,kg,Año 2022 - Mayo,136.99,2022,Mayo,202205.0
Patagonia,Detergente líquido,750 cc,Año 2022 - Mayo,266.0,2022,Mayo,202205.0
Patagonia,Lavandina,1.000 cc,Año 2022 - Mayo,89.69,2022,Mayo,202205.0
Patagonia,Jabón de tocador,125 g,Año 2022 - Mayo,97.02,2022,Mayo,202205.0
GBA,Pan francés,kg,Año 2022 - Junio,311.8,2022,Junio,202206.0
GBA,Harina de trigo común,kg,Año 2022 - Junio,95.24,2022,Junio,202206.0
GBA,Arroz blanco simple,kg,Año 2022 - Junio,136.95,2022,Junio,202206.0
GBA,Fideos secos tipo guisero,500 g,Año 2022 - Junio,122.06,2022,Junio,202206.0
GBA,Carne picada común,kg,Año 2022 - Junio,686.83,2022,Junio,202206.0
GBA,Pollo entero,kg,Año 2022 - Junio,356.69,2022,Junio,202206.0
GBA,Aceite de girasol,"1,5 litros",Año 2022 - Junio,418.66,2022,Junio,202206.0
GBA,Leche fresca entera sachet,Litro,Año 2022 - Junio,132.51,2022,Junio,202206.0
GBA,Huevos de gallina,Docena,Año 2022 - Junio,272.46,2022,Junio,202206.0
GBA,Papa,kg,Año 2022 - Junio,86.64,2022,Junio,202206.0
GBA,Azúcar,kg,Año 2022 - Junio,133.11,2022,Junio,202206.0
GBA,Detergente líquido,750 cc,Año 2022 - Junio,157.6,2022,Junio,202206.0
GBA,Lavandina,1.000 cc,Año 2022 - Junio,96.76,2022,Junio,202206.0
GBA,Jabón de tocador,125 g,Año 2022 - Junio,105.14,2022,Junio,202206.0
Pampeana,Pan francés,kg,Año 2022 - Junio,268.78,2022,Junio,202206.0
Pampeana,Harina de trigo común,kg,Año 2022 - Junio,106.83,2022,Junio,202206.0
Pampeana,Arroz blanco simple,kg,Año 2022 - Junio,159.8,2022,Junio,202206.0
Pampeana,Fideos secos tipo guisero,500 g,Año 2022 - Junio,116.44,2022,Junio,202206.0
Pampeana,Carne picada común,kg,Año 2022 - Junio,762.43,2022,Junio,202206.0
Pampeana,Pollo entero,kg,Año 2022 - Junio,363.73,2022,Junio,202206.0
Pampeana,Aceite de girasol,"1,5 litros",Año 2022 - Junio,492.19,2022,Junio,202206.0
Pampeana,Leche fresca entera sachet,Litro,Año 2022 - Junio,145.05,2022,Junio,202206.0
Pampeana,Huevos de gallina,Docena,Año 2022 - Junio,269.29,2022,Junio,202206.0
Pampeana,Papa,kg,Año 2022 - Junio,83.21,2022,Junio,202206.0
Pampeana,Azúcar,kg,Año 2022 - Junio,139.18,2022,Junio,202206.0
Pampeana,Detergente líquido,750 cc,Año 2022 - Junio,163.79,2022,Junio,202206.0
Pampeana,Lavandina,1.000 cc,Año 2022 - Junio,99.51,2022,Junio,202206.0
Pampeana,Jabón de tocador,125 g,Año 2022 - Junio,101.44,2022,Junio,202206.0
Noreste,Pan francés,kg,Año 2022 - Junio,247.96,2022,Junio,202206.0
Noreste,Harina de trigo común,kg,Año 2022 - Junio,102.31,2022,Junio,202206.0
Noreste,Arroz blanco simple,kg,Año 2022 - Junio,147.22,2022,Junio,202206.0
Noreste,Fideos secos tipo guisero,500 g,Año 2022 - Junio,101.98,2022,Junio,202206.0
Noreste,Carne picada común,kg,Año 2022 - Junio,715.62,2022,Junio,202206.0
Noreste,Pollo entero,kg,Año 2022 - Junio,345.35,2022,Junio,202206.0
Noreste,Aceite de girasol,"1,5 litros",Año 2022 - Junio,595.26,2022,Junio,202206.0
Noreste,Leche fresca entera sachet,Litro,Año 2022 - Junio,160.71,2022,Junio,202206.0
Noreste,Huevos de gallina,Docena,Año 2022 - Junio,258.17,2022,Junio,202206.0
Noreste,Papa,kg,Año 2022 - Junio,83.48,2022,Junio,202206.0
Noreste,Azúcar,kg,Año 2022 - Junio,135.77,2022,Junio,202206.0
Noreste,Detergente líquido,750 cc,Año 2022 - Junio,150.56,2022,Junio,202206.0
Noreste,Lavandina,1.000 cc,Año 2022 - Junio,112.54,2022,Junio,202206.0
Noreste,Jabón de tocador,125 g,Año 2022 - Junio,96.94,2022,Junio,202206.0
Noroeste,Pan francés,kg,Año 2022 - Junio,255.32,2022,Junio,202206.0
Noroeste,Harina de trigo común,kg,Año 2022 - Junio,107.91,2022,Junio,202206.0
Noroeste,Arroz blanco simple,kg,Año 2022 - Junio,143.34,2022,Junio,202206.0
Noroeste,Fideos secos tipo guisero,500 g,Año 2022 - Junio,100.31,2022,Junio,202206.0
Noroeste,Carne picada común,kg,Año 2022 - Junio,755.28,2022,Junio,202206.0
Noroeste,Pollo entero,kg,Año 2022 - Junio,357.06,2022,Junio,202206.0
Noroeste,Aceite de girasol,"1,5 litros",Año 2022 - Junio,563.08,2022,Junio,202206.0
Noroeste,Leche fresca entera sachet,Litro,Año 2022 - Junio,145.51,2022,Junio,202206.0
Noroeste,Huevos de gallina,Docena,Año 2022 - Junio,254.46,2022,Junio,202206.0
Noroeste,Papa,kg,Año 2022 - Junio,72.99,2022,Junio,202206.0
Noroeste,Azúcar,kg,Año 2022 - Junio,121.73,2022,Junio,202206.0
Noroeste,Detergente líquido,750 cc,Año 2022 - Junio,156.95,2022,Junio,202206.0
Noroeste,Lavandina,1.000 cc,Año 2022 - Junio,100.98,2022,Junio,202206.0
Noroeste,Jabón de tocador,125 g,Año 2022 - Junio,102.59,2022,Junio,202206.0
Cuyo,Pan francés,kg,Año 2022 - Junio,241.09,2022,Junio,202206.0
Cuyo,Harina de trigo común,kg,Año 2022 - Junio,104.03,2022,Junio,202206.0
Cuyo,Arroz blanco simple,kg,Año 2022 - Junio,152.64,2022,Junio,202206.0
Cuyo,Fideos secos tipo guisero,500 g,Año 2022 - Junio,113.61,2022,Junio,202206.0
Cuyo,Carne picada común,kg,Año 2022 - Junio,698.62,2022,Junio,202206.0
Cuyo,Pollo entero,kg,Año 2022 - Junio,358.29,2022,Junio,202206.0
Cuyo,Aceite de girasol,"1,5 litros",Año 2022 - Junio,512.17,2022,Junio,202206.0
Cuyo,Leche fresca entera sachet,Litro,Año 2022 - Junio,158.84,2022,Junio,202206.0
Cuyo,Huevos de gallina,Docena,Año 2022 - Junio,271.58,2022,Junio,202206.0
Cuyo,Papa,kg,Año 2022 - Junio,90.85,2022,Junio,202206.0
Cuyo,Azúcar,kg,Año 2022 - Junio,137.54,2022,Junio,202206.0
Cuyo,Detergente líquido,750 cc,Año 2022 - Junio,162.09,2022,Junio,202206.0
Cuyo,Lavandina,1.000 cc,Año 2022 - Junio,104.06,2022,Junio,202206.0
Cuyo,Jabón de tocador,125 g,Año 2022 - Junio,105.48,2022,Junio,202206.0
Patagonia,Pan francés,kg,Año 2022 - Junio,308.09,2022,Junio,202206.0
Patagonia,Harina de trigo común,kg,Año 2022 - Junio,108.91,2022,Junio,202206.0
Patagonia,Arroz blanco simple,kg,Año 2022 - Junio,169.26,2022,Junio,202206.0
Patagonia,Fideos secos tipo guisero,500 g,Año 2022 - Junio,131.34,2022,Junio,202206.0
Patagonia,Carne picada común,kg,Año 2022 - Junio,871.35,2022,Junio,202206.0
Patagonia,Pollo entero,kg,Año 2022 - Junio,368.47,2022,Junio,202206.0
Patagonia,Aceite de girasol,"1,5 litros",Año 2022 - Junio,449.03,2022,Junio,202206.0
Patagonia,Leche fresca entera sachet,Litro,Año 2022 - Junio,156.46,2022,Junio,202206.0
Patagonia,Huevos de gallina,Docena,Año 2022 - Junio,299.94,2022,Junio,202206.0
Patagonia,Papa,kg,Año 2022 - Junio,108.6,2022,Junio,202206.0
Patagonia,Azúcar,kg,Año 2022 - Junio,150.15,2022,Junio,202206.0
Patagonia,Detergente líquido,750 cc,Año 2022 - Junio,278.55,2022,Junio,202206.0
Patagonia,Lavandina,1.000 cc,Año 2022 - Junio,95.3,2022,Junio,202206.0
Patagonia,Jabón de tocador,125 g,Año 2022 - Junio,103.8,2022,Junio,202206.0
GBA,Pan francés,kg,Año 2022 - Julio,327.39,2022,Julio,202207.0
GBA,Harina de trigo común,kg,Año 2022 - Julio,107.06,2022,Julio,202207.0
GBA,Arroz blanco simple,kg,Año 2022 - Julio,137.75,2022,Julio,202207.0
GBA,Fideos secos tipo guisero,500 g,Año 2022 - Julio,139.54,2022,Julio,202207.0
GBA,Carne picada común,kg,Año 2022 - Julio,695.04,2022,Julio,202207.0
GBA,Pollo entero,kg,Año 2022 - Julio,367.61,2022,Julio,202207.0
GBA,Aceite de girasol,"1,5 litros",Año 2022 - Julio,487.16,2022,Julio,202207.0
GBA,Leche fresca entera sachet,Litro,Año 2022 - Julio,142.42,2022,Julio,202207.0
GBA,Huevos de gallina,Docena,Año 2022 - Julio,305.61,2022,Julio,202207.0
GBA,Papa,kg,Año 2022 - Julio,91.32,2022,Julio,202207.0
GBA,Azúcar,kg,Año 2022 - Julio,173.68,2022,Julio,202207.0
GBA,Detergente líquido,750 cc,Año 2022 - Julio,163.79,2022,Julio,202207.0
GBA,Lavandina,1.000 cc,Año 2022 - Julio,106.55,2022,Julio,202207.0
GBA,Jabón de tocador,125 g,Año 2022 - Julio,116.38,2022,Julio,202207.0
Pampeana,Pan francés,kg,Año 2022 - Julio,282.23,2022,Julio,202207.0
Pampeana,Harina de trigo común,kg,Año 2022 - Julio,114.9,2022,Julio,202207.0
Pampeana,Arroz blanco simple,kg,Año 2022 - Julio,169.83,2022,Julio,202207.0
Pampeana,Fideos secos tipo guisero,500 g,Año 2022 - Julio,127.07,2022,Julio,202207.0
Pampeana,Carne picada común,kg,Año 2022 - Julio,776.86,2022,Julio,202207.0
Pampeana,Pollo entero,kg,Año 2022 - Julio,385.1,2022,Julio,202207.0
Pampeana,Aceite de girasol,"1,5 litros",Año 2022 - Julio,560.41,2022,Julio,202207.0
Pampeana,Leche fresca entera sachet,Litro,Año 2022 - Julio,155.86,2022,Julio,202207.0
Pampeana,Huevos de gallina,Docena,Año 2022 - Julio,297.96,2022,Julio,202207.0
Pampeana,Papa,kg,Año 2022 - Julio,87.59,2022,Julio,202207.0
Pampeana,Azúcar,kg,Año 2022 - Julio,169.48,2022,Julio,202207.0
Pampeana,Detergente líquido,750 cc,Año 2022 - Julio,177.38,2022,Julio,202207.0
Pampeana,Lavandina,1.000 cc,Año 2022 - Julio,107.15,2022,Julio,202207.0
Pampeana,Jabón de tocador,125 g,Año 2022 - Julio,113.47,2022,Julio,202207.0
Noreste,Pan francés,kg,Año 2022 - Julio,265.96,2022,Julio,202207.0
Noreste,Harina de trigo común,kg,Año 2022 - Julio,117.83,2022,Julio,202207.0
Noreste,Arroz blanco simple,kg,Año 2022 - Julio,157.13,2022,Julio,202207.0
Noreste,Fideos secos tipo guisero,500 g,Año 2022 - Julio,114.42,2022,Julio,202207.0
Noreste,Carne picada común,kg,Año 2022 - Julio,751.25,2022,Julio,202207.0
Noreste,Pollo entero,kg,Año 2022 - Julio,360.17,2022,Julio,202207.0
Noreste,Aceite de girasol,"1,5 litros",Año 2022 - Julio,704.36,2022,Julio,202207.0
Noreste,Leche fresca entera sachet,Litro,Año 2022 - Julio,173.16,2022,Julio,202207.0
Noreste,Huevos de gallina,Docena,Año 2022 - Julio,277.72,2022,Julio,202207.0
Noreste,Papa,kg,Año 2022 - Julio,88.7,2022,Julio,202207.0
Noreste,Azúcar,kg,Año 2022 - Julio,166.37,2022,Julio,202207.0
Noreste,Detergente líquido,750 cc,Año 2022 - Julio,162.32,2022,Julio,202207.0
Noreste,Lavandina,1.000 cc,Año 2022 - Julio,124.07,2022,Julio,202207.0
Noreste,Jabón de tocador,125 g,Año 2022 - Julio,105.55,2022,Julio,202207.0
Noroeste,Pan francés,kg,Año 2022 - Julio,266.73,2022,Julio,202207.0
Noroeste,Harina de trigo común,kg,Año 2022 - Julio,117.66,2022,Julio,202207.0
Noroeste,Arroz blanco simple,kg,Año 2022 - Julio,152.02,2022,Julio,202207.0
Noroeste,Fideos secos tipo guisero,500 g,Año 2022 - Julio,111.45,2022,Julio,202207.0
Noroeste,Carne picada común,kg,Año 2022 - Julio,784.3,2022,Julio,202207.0
Noroeste,Pollo entero,kg,Año 2022 - Julio,370.31,2022,Julio,202207.0
Noroeste,Aceite de girasol,"1,5 litros",Año 2022 - Julio,641.91,2022,Julio,202207.0
Noroeste,Leche fresca entera sachet,Litro,Año 2022 - Julio,158.27,2022,Julio,202207.0
Noroeste,Huevos de gallina,Docena,Año 2022 - Julio,301.51,2022,Julio,202207.0
Noroeste,Papa,kg,Año 2022 - Julio,75.74,2022,Julio,202207.0
Noroeste,Azúcar,kg,Año 2022 - Julio,153.58,2022,Julio,202207.0
Noroeste,Detergente líquido,750 cc,Año 2022 - Julio,167.07,2022,Julio,202207.0
Noroeste,Lavandina,1.000 cc,Año 2022 - Julio,110.06,2022,Julio,202207.0
Noroeste,Jabón de tocador,125 g,Año 2022 - Julio,112.66,2022,Julio,202207.0
Cuyo,Pan francés,kg,Año 2022 - Julio,251.03,2022,Julio,202207.0
Cuyo,Harina de trigo común,kg,Año 2022 - Julio,110.41,2022,Julio,202207.0
Cuyo,Arroz blanco simple,kg,Año 2022 - Julio,159.71,2022,Julio,202207.0
Cuyo,Fideos secos tipo guisero,500 g,Año 2022 - Julio,124.34,2022,Julio,202207.0
Cuyo,Carne picada común,kg,Año 2022 - Julio,709.85,2022,Julio,202207.0
Cuyo,Pollo entero,kg,Año 2022 - Julio,385.97,2022,Julio,202207.0
Cuyo,Aceite de girasol,"1,5 litros",Año 2022 - Julio,547.55,2022,Julio,202207.0
Cuyo,Leche fresca entera sachet,Litro,Año 2022 - Julio,167.52,2022,Julio,202207.0
Cuyo,Huevos de gallina,Docena,Año 2022 - Julio,309.46,2022,Julio,202207.0
Cuyo,Papa,kg,Año 2022 - Julio,95.02,2022,Julio,202207.0
Cuyo,Azúcar,kg,Año 2022 - Julio,169.87,2022,Julio,202207.0
Cuyo,Detergente líquido,750 cc,Año 2022 - Julio,174.28,2022,Julio,202207.0
Cuyo,Lavandina,1.000 cc,Año 2022 - Julio,110.14,2022,Julio,202207.0
Cuyo,Jabón de tocador,125 g,Año 2022 - Julio,118.55,2022,Julio,202207.0
Patagonia,Pan francés,kg,Año 2022 - Julio,326.17,2022,Julio,202207.0
Patagonia,Harina de trigo común,kg,Año 2022 - Julio,116.21,2022,Julio,202207.0
Patagonia,Arroz blanco simple,kg,Año 2022 - Julio,174.4,2022,Julio,202207.0
Patagonia,Fideos secos tipo guisero,500 g,Año 2022 - Julio,143.72,2022,Julio,202207.0
Patagonia,Carne picada común,kg,Año 2022 - Julio,950.28,2022,Julio,202207.0
Patagonia,Pollo entero,kg,Año 2022 - Julio,389.46,2022,Julio,202207.0
Patagonia,Aceite de girasol,"1,5 litros",Año 2022 - Julio,490.97,2022,Julio,202207.0
Patagonia,Leche fresca entera sachet,Litro,Año 2022 - Julio,162.31,2022,Julio,202207.0
Patagonia,Huevos de gallina,Docena,Año 2022 - Julio,326.95,2022,Julio,202207.0
Patagonia,Papa,kg,Año 2022 - Julio,120.85,2022,Julio,202207.0
Patagonia,Azúcar,kg,Año 2022 - Julio,169.69,2022,Julio,202207.0
Patagonia,Detergente líquido,750 cc,Año 2022 - Julio,296.29,2022,Julio,202207.0
Patagonia,Lavandina,1.000 cc,Año 2022 - Julio,101.44,2022,Julio,202207.0
Patagonia,Jabón de tocador,125 g,Año 2022 - Julio,115.81,2022,Julio,202207.0
GBA,Pan francés,kg,Año 2022 - Agosto,343.1,2022,Agosto,202208.0
GBA,Harina de trigo común,kg,Año 2022 - Agosto,114.41,2022,Agosto,202208.0
GBA,Arroz blanco simple,kg,Año 2022 - Agosto,143.83,2022,Agosto,202208.0
GBA,Fideos secos tipo guisero,500 g,Año 2022 - Agosto,152.35,2022,Agosto,202208.0
GBA,Carne picada común,kg,Año 2022 - Agosto,697.06,2022,Agosto,202208.0
GBA,Pollo entero,kg,Año 2022 - Agosto,380.37,2022,Agosto,202208.0
GBA,Aceite de girasol,"1,5 litros",Año 2022 - Agosto,576.12,2022,Agosto,202208.0
GBA,Leche fresca entera sachet,Litro,Año 2022 - Agosto,153.89,2022,Agosto,202208.0
GBA,Huevos de gallina,Docena,Año 2022 - Agosto,345.75,2022,Agosto,202208.0
GBA,Papa,kg,Año 2022 - Agosto,120.84,2022,Agosto,202208.0
GBA,Azúcar,kg,Año 2022 - Agosto,203.52,2022,Agosto,202208.0
GBA,Detergente líquido,750 cc,Año 2022 - Agosto,178.55,2022,Agosto,202208.0
GBA,Lavandina,1.000 cc,Año 2022 - Agosto,123.51,2022,Agosto,202208.0
GBA,Jabón de tocador,125 g,Año 2022 - Agosto,128.12,2022,Agosto,202208.0
Pampeana,Pan francés,kg,Año 2022 - Agosto,305.11,2022,Agosto,202208.0
Pampeana,Harina de trigo común,kg,Año 2022 - Agosto,128.15,2022,Agosto,202208.0
Pampeana,Arroz blanco simple,kg,Año 2022 - Agosto,179.31,2022,Agosto,202208.0
Pampeana,Fideos secos tipo guisero,500 g,Año 2022 - Agosto,141.06,2022,Agosto,202208.0
Pampeana,Carne picada común,kg,Año 2022 - Agosto,790.28,2022,Agosto,202208.0
Pampeana,Pollo entero,kg,Año 2022 - Agosto,402.0,2022,Agosto,202208.0
Pampeana,Aceite de girasol,"1,5 litros",Año 2022 - Agosto,637.51,2022,Agosto,202208.0
Pampeana,Leche fresca entera sachet,Litro,Año 2022 - Agosto,167.97,2022,Agosto,202208.0
Pampeana,Huevos de gallina,Docena,Año 2022 - Agosto,341.15,2022,Agosto,202208.0
Pampeana,Papa,kg,Año 2022 - Agosto,118.8,2022,Agosto,202208.0
Pampeana,Azúcar,kg,Año 2022 - Agosto,213.91,2022,Agosto,202208.0
Pampeana,Detergente líquido,750 cc,Año 2022 - Agosto,193.04,2022,Agosto,202208.0
Pampeana,Lavandina,1.000 cc,Año 2022 - Agosto,119.55,2022,Agosto,202208.0
Pampeana,Jabón de tocador,125 g,Año 2022 - Agosto,128.61,2022,Agosto,202208.0
Noreste,Pan francés,kg,Año 2022 - Agosto,283.3,2022,Agosto,202208.0
Noreste,Harina de trigo común,kg,Año 2022 - Agosto,130.38,2022,Agosto,202208.0
Noreste,Arroz blanco simple,kg,Año 2022 - Agosto,164.27,2022,Agosto,202208.0
Noreste,Fideos secos tipo guisero,500 g,Año 2022 - Agosto,126.24,2022,Agosto,202208.0
Noreste,Carne picada común,kg,Año 2022 - Agosto,775.3,2022,Agosto,202208.0
Noreste,Pollo entero,kg,Año 2022 - Agosto,378.7,2022,Agosto,202208.0
Noreste,Aceite de girasol,"1,5 litros",Año 2022 - Agosto,771.59,2022,Agosto,202208.0
Noreste,Leche fresca entera sachet,Litro,Año 2022 - Agosto,187.49,2022,Agosto,202208.0
Noreste,Huevos de gallina,Docena,Año 2022 - Agosto,318.17,2022,Agosto,202208.0
Noreste,Papa,kg,Año 2022 - Agosto,113.74,2022,Agosto,202208.0
Noreste,Azúcar,kg,Año 2022 - Agosto,216.06,2022,Agosto,202208.0
Noreste,Detergente líquido,750 cc,Año 2022 - Agosto,175.85,2022,Agosto,202208.0
Noreste,Lavandina,1.000 cc,Año 2022 - Agosto,128.97,2022,Agosto,202208.0
Noreste,Jabón de tocador,125 g,Año 2022 - Agosto,118.75,2022,Agosto,202208.0
Noroeste,Pan francés,kg,Año 2022 - Agosto,288.79,2022,Agosto,202208.0
Noroeste,Harina de trigo común,kg,Año 2022 - Agosto,128.16,2022,Agosto,202208.0
Noroeste,Arroz blanco simple,kg,Año 2022 - Agosto,163.8,2022,Agosto,202208.0
Noroeste,Fideos secos tipo guisero,500 g,Año 2022 - Agosto,121.18,2022,Agosto,202208.0
Noroeste,Carne picada común,kg,Año 2022 - Agosto,787.07,2022,Agosto,202208.0
Noroeste,Pollo entero,kg,Año 2022 - Agosto,386.4,2022,Agosto,202208.0
Noroeste,Aceite de girasol,"1,5 litros",Año 2022 - Agosto,735.25,2022,Agosto,202208.0
Noroeste,Leche fresca entera sachet,Litro,Año 2022 - Agosto,171.88,2022,Agosto,202208.0
Noroeste,Huevos de gallina,Docena,Año 2022 - Agosto,347.29,2022,Agosto,202208.0
Noroeste,Papa,kg,Año 2022 - Agosto,97.04,2022,Agosto,202208.0
Noroeste,Azúcar,kg,Año 2022 - Agosto,195.79,2022,Agosto,202208.0
Noroeste,Detergente líquido,750 cc,Año 2022 - Agosto,182.23,2022,Agosto,202208.0
Noroeste,Lavandina,1.000 cc,Año 2022 - Agosto,119.65,2022,Agosto,202208.0
Noroeste,Jabón de tocador,125 g,Año 2022 - Agosto,125.59,2022,Agosto,202208.0
Cuyo,Pan francés,kg,Año 2022 - Agosto,265.01,2022,Agosto,202208.0
Cuyo,Harina de trigo común,kg,Año 2022 - Agosto,122.05,2022,Agosto,202208.0
Cuyo,Arroz blanco simple,kg,Año 2022 - Agosto,166.81,2022,Agosto,202208.0
Cuyo,Fideos secos tipo guisero,500 g,Año 2022 - Agosto,136.25,2022,Agosto,202208.0
Cuyo,Carne picada común,kg,Año 2022 - Agosto,717.4,2022,Agosto,202208.0
Cuyo,Pollo entero,kg,Año 2022 - Agosto,403.17,2022,Agosto,202208.0
Cuyo,Aceite de girasol,"1,5 litros",Año 2022 - Agosto,624.18,2022,Agosto,202208.0
Cuyo,Leche fresca entera sachet,Litro,Año 2022 - Agosto,182.8,2022,Agosto,202208.0
Cuyo,Huevos de gallina,Docena,Año 2022 - Agosto,361.99,2022,Agosto,202208.0
Cuyo,Papa,kg,Año 2022 - Agosto,123.3,2022,Agosto,202208.0
Cuyo,Azúcar,kg,Año 2022 - Agosto,210.55,2022,Agosto,202208.0
Cuyo,Detergente líquido,750 cc,Año 2022 - Agosto,186.93,2022,Agosto,202208.0
Cuyo,Lavandina,1.000 cc,Año 2022 - Agosto,117.05,2022,Agosto,202208.0
Cuyo,Jabón de tocador,125 g,Año 2022 - Agosto,133.93,2022,Agosto,202208.0
Patagonia,Pan francés,kg,Año 2022 - Agosto,340.77,2022,Agosto,202208.0
Patagonia,Harina de trigo común,kg,Año 2022 - Agosto,130.48,2022,Agosto,202208.0
Patagonia,Arroz blanco simple,kg,Año 2022 - Agosto,184.56,2022,Agosto,202208.0
Patagonia,Fideos secos tipo guisero,500 g,Año 2022 - Agosto,159.58,2022,Agosto,202208.0
Patagonia,Carne picada común,kg,Año 2022 - Agosto,997.6,2022,Agosto,202208.0
Patagonia,Pollo entero,kg,Año 2022 - Agosto,406.06,2022,Agosto,202208.0
Patagonia,Aceite de girasol,"1,5 litros",Año 2022 - Agosto,534.99,2022,Agosto,202208.0
Patagonia,Leche fresca entera sachet,Litro,Año 2022 - Agosto,176.29,2022,Agosto,202208.0
Patagonia,Huevos de gallina,Docena,Año 2022 - Agosto,374.23,2022,Agosto,202208.0
Patagonia,Papa,kg,Año 2022 - Agosto,145.63,2022,Agosto,202208.0
Patagonia,Azúcar,kg,Año 2022 - Agosto,202.17,2022,Agosto,202208.0
Patagonia,Detergente líquido,750 cc,Año 2022 - Agosto,320.41,2022,Agosto,202208.0
Patagonia,Lavandina,1.000 cc,Año 2022 - Agosto,120.52,2022,Agosto,202208.0
Patagonia,Jabón de tocador,125 g,Año 2022 - Agosto,129.03,2022,Agosto,202208.0
GBA,Pan francés,kg,Año 2022 - Septiembre,366.54,2022,Septiembre,202209.0
GBA,Harina de trigo común,kg,Año 2022 - Septiembre,123.46,2022,Septiembre,202209.0
GBA,Arroz blanco simple,kg,Año 2022 - Septiembre,154.33,2022,Septiembre,202209.0
GBA,Fideos secos tipo guisero,500 g,Año 2022 - Septiembre,162.58,2022,Septiembre,202209.0
GBA,Carne picada común,kg,Año 2022 - Septiembre,719.47,2022,Septiembre,202209.0
GBA,Pollo entero,kg,Año 2022 - Septiembre,404.87,2022,Septiembre,202209.0
GBA,Aceite de girasol,"1,5 litros",Año 2022 - Septiembre,632.66,2022,Septiembre,202209.0
GBA,Leche fresca entera sachet,Litro,Año 2022 - Septiembre,171.06,2022,Septiembre,202209.0
GBA,Huevos de gallina,Docena,Año 2022 - Septiembre,353.57,2022,Septiembre,202209.0
GBA,Papa,kg,Año 2022 - Septiembre,142.16,2022,Septiembre,202209.0
GBA,Azúcar,kg,Año 2022 - Septiembre,230.74,2022,Septiembre,202209.0
GBA,Detergente líquido,750 cc,Año 2022 - Septiembre,189.51,2022,Septiembre,202209.0
GBA,Lavandina,1.000 cc,Año 2022 - Septiembre,136.55,2022,Septiembre,202209.0
GBA,Jabón de tocador,125 g,Año 2022 - Septiembre,142.53,2022,Septiembre,202209.0
Pampeana,Pan francés,kg,Año 2022 - Septiembre,318.09,2022,Septiembre,202209.0
Pampeana,Harina de trigo común,kg,Año 2022 - Septiembre,138.66,2022,Septiembre,202209.0
Pampeana,Arroz blanco simple,kg,Año 2022 - Septiembre,185.96,2022,Septiembre,202209.0
Pampeana,Fideos secos tipo guisero,500 g,Año 2022 - Septiembre,155.28,2022,Septiembre,202209.0
Pampeana,Carne picada común,kg,Año 2022 - Septiembre,807.84,2022,Septiembre,202209.0
Pampeana,Pollo entero,kg,Año 2022 - Septiembre,424.62,2022,Septiembre,202209.0
Pampeana,Aceite de girasol,"1,5 litros",Año 2022 - Septiembre,735.35,2022,Septiembre,202209.0
Pampeana,Leche fresca entera sachet,Litro,Año 2022 - Septiembre,180.23,2022,Septiembre,202209.0
Pampeana,Huevos de gallina,Docena,Año 2022 - Septiembre,350.36,2022,Septiembre,202209.0
Pampeana,Papa,kg,Año 2022 - Septiembre,142.73,2022,Septiembre,202209.0
Pampeana,Azúcar,kg,Año 2022 - Septiembre,234.92,2022,Septiembre,202209.0
Pampeana,Detergente líquido,750 cc,Año 2022 - Septiembre,203.88,2022,Septiembre,202209.0
Pampeana,Lavandina,1.000 cc,Año 2022 - Septiembre,133.55,2022,Septiembre,202209.0
Pampeana,Jabón de tocador,125 g,Año 2022 - Septiembre,138.49,2022,Septiembre,202209.0
Noreste,Pan francés,kg,Año 2022 - Septiembre,291.73,2022,Septiembre,202209.0
Noreste,Harina de trigo común,kg,Año 2022 - Septiembre,147.08,2022,Septiembre,202209.0
Noreste,Arroz blanco simple,kg,Año 2022 - Septiembre,172.84,2022,Septiembre,202209.0
Noreste,Fideos secos tipo guisero,500 g,Año 2022 - Septiembre,141.31,2022,Septiembre,202209.0
Noreste,Carne picada común,kg,Año 2022 - Septiembre,800.63,2022,Septiembre,202209.0
Noreste,Pollo entero,kg,Año 2022 - Septiembre,403.74,2022,Septiembre,202209.0
Noreste,Aceite de girasol,"1,5 litros",Año 2022 - Septiembre,854.12,2022,Septiembre,202209.0
Noreste,Leche fresca entera sachet,Litro,Año 2022 - Septiembre,196.37,2022,Septiembre,202209.0
Noreste,Huevos de gallina,Docena,Año 2022 - Septiembre,333.88,2022,Septiembre,202209.0
Noreste,Papa,kg,Año 2022 - Septiembre,135.45,2022,Septiembre,202209.0
Noreste,Azúcar,kg,Año 2022 - Septiembre,241.55,2022,Septiembre,202209.0
Noreste,Detergente líquido,750 cc,Año 2022 - Septiembre,186.54,2022,Septiembre,202209.0
Noreste,Lavandina,1.000 cc,Año 2022 - Septiembre,141.67,2022,Septiembre,202209.0
Noreste,Jabón de tocador,125 g,Año 2022 - Septiembre,129.9,2022,Septiembre,202209.0
Noroeste,Pan francés,kg,Año 2022 - Septiembre,295.2,2022,Septiembre,202209.0
Noroeste,Harina de trigo común,kg,Año 2022 - Septiembre,137.33,2022,Septiembre,202209.0
Noroeste,Arroz blanco simple,kg,Año 2022 - Septiembre,172.7,2022,Septiembre,202209.0
Noroeste,Fideos secos tipo guisero,500 g,Año 2022 - Septiembre,130.22,2022,Septiembre,202209.0
Noroeste,Carne picada común,kg,Año 2022 - Septiembre,785.4,2022,Septiembre,202209.0
Noroeste,Pollo entero,kg,Año 2022 - Septiembre,405.12,2022,Septiembre,202209.0
Noroeste,Aceite de girasol,"1,5 litros",Año 2022 - Septiembre,760.0,2022,Septiembre,202209.0
Noroeste,Leche fresca entera sachet,Litro,Año 2022 - Septiembre,181.7,2022,Septiembre,202209.0
Noroeste,Huevos de gallina,Docena,Año 2022 - Septiembre,355.33,2022,Septiembre,202209.0
Noroeste,Papa,kg,Año 2022 - Septiembre,110.26,2022,Septiembre,202209.0
Noroeste,Azúcar,kg,Año 2022 - Septiembre,211.37,2022,Septiembre,202209.0
Noroeste,Detergente líquido,750 cc,Año 2022 - Septiembre,193.14,2022,Septiembre,202209.0
Noroeste,Lavandina,1.000 cc,Año 2022 - Septiembre,130.68,2022,Septiembre,202209.0
Noroeste,Jabón de tocador,125 g,Año 2022 - Septiembre,132.83,2022,Septiembre,202209.0
Cuyo,Pan francés,kg,Año 2022 - Septiembre,274.28,2022,Septiembre,202209.0
Cuyo,Harina de trigo común,kg,Año 2022 - Septiembre,130.45,2022,Septiembre,202209.0
Cuyo,Arroz blanco simple,kg,Año 2022 - Septiembre,179.87,2022,Septiembre,202209.0
Cuyo,Fideos secos tipo guisero,500 g,Año 2022 - Septiembre,150.57,2022,Septiembre,202209.0
Cuyo,Carne picada común,kg,Año 2022 - Septiembre,721.51,2022,Septiembre,202209.0
Cuyo,Pollo entero,kg,Año 2022 - Septiembre,426.33,2022,Septiembre,202209.0
Cuyo,Aceite de girasol,"1,5 litros",Año 2022 - Septiembre,721.35,2022,Septiembre,202209.0
Cuyo,Leche fresca entera sachet,Litro,Año 2022 - Septiembre,195.19,2022,Septiembre,202209.0
Cuyo,Huevos de gallina,Docena,Año 2022 - Septiembre,367.57,2022,Septiembre,202209.0
Cuyo,Papa,kg,Año 2022 - Septiembre,144.1,2022,Septiembre,202209.0
Cuyo,Azúcar,kg,Año 2022 - Septiembre,239.05,2022,Septiembre,202209.0
Cuyo,Detergente líquido,750 cc,Año 2022 - Septiembre,206.03,2022,Septiembre,202209.0
Cuyo,Lavandina,1.000 cc,Año 2022 - Septiembre,129.71,2022,Septiembre,202209.0
Cuyo,Jabón de tocador,125 g,Año 2022 - Septiembre,149.57,2022,Septiembre,202209.0
Patagonia,Pan francés,kg,Año 2022 - Septiembre,352.94,2022,Septiembre,202209.0
Patagonia,Harina de trigo común,kg,Año 2022 - Septiembre,138.73,2022,Septiembre,202209.0
Patagonia,Arroz blanco simple,kg,Año 2022 - Septiembre,191.42,2022,Septiembre,202209.0
Patagonia,Fideos secos tipo guisero,500 g,Año 2022 - Septiembre,169.84,2022,Septiembre,202209.0
Patagonia,Carne picada común,kg,Año 2022 - Septiembre,1038.87,2022,Septiembre,202209.0
Patagonia,Pollo entero,kg,Año 2022 - Septiembre,426.59,2022,Septiembre,202209.0
Patagonia,Aceite de girasol,"1,5 litros",Año 2022 - Septiembre,560.39,2022,Septiembre,202209.0
Patagonia,Leche fresca entera sachet,Litro,Año 2022 - Septiembre,192.73,2022,Septiembre,202209.0
Patagonia,Huevos de gallina,Docena,Año 2022 - Septiembre,394.15,2022,Septiembre,202209.0
Patagonia,Papa,kg,Año 2022 - Septiembre,173.89,2022,Septiembre,202209.0
Patagonia,Azúcar,kg,Año 2022 - Septiembre,235.82,2022,Septiembre,202209.0
Patagonia,Detergente líquido,750 cc,Año 2022 - Septiembre,336.99,2022,Septiembre,202209.0
Patagonia,Lavandina,1.000 cc,Año 2022 - Septiembre,138.8,2022,Septiembre,202209.0
Patagonia,Jabón de tocador,125 g,Año 2022 - Septiembre,142.68,2022,Septiembre,202209.0
GBA,Pan francés,kg,Año 2022 - Octubre,385.2,2022,Octubre,202210.0
GBA,Harina de trigo común,kg,Año 2022 - Octubre,132.37,2022,Octubre,202210.0
GBA,Arroz blanco simple,kg,Año 2022 - Octubre,167.76,2022,Octubre,202210.0
GBA,Fideos secos tipo guisero,500 g,Año 2022 - Octubre,177.09,2022,Octubre,202210.0
GBA,Carne picada común,kg,Año 2022 - Octubre,728.26,2022,Octubre,202210.0
GBA,Pollo entero,kg,Año 2022 - Octubre,424.66,2022,Octubre,202210.0
GBA,Aceite de girasol,"1,5 litros",Año 2022 - Octubre,714.85,2022,Octubre,202210.0
GBA,Leche fresca entera sachet,Litro,Año 2022 - Octubre,200.61,2022,Octubre,202210.0
GBA,Huevos de gallina,Docena,Año 2022 - Octubre,376.96,2022,Octubre,202210.0
GBA,Papa,kg,Año 2022 - Octubre,224.06,2022,Octubre,202210.0
GBA,Azúcar,kg,Año 2022 - Octubre,248.31,2022,Octubre,202210.0
GBA,Detergente líquido,750 cc,Año 2022 - Octubre,195.38,2022,Octubre,202210.0
GBA,Lavandina,1.000 cc,Año 2022 - Octubre,142.48,2022,Octubre,202210.0
GBA,Jabón de tocador,125 g,Año 2022 - Octubre,152.38,2022,Octubre,202210.0
Pampeana,Pan francés,kg,Año 2022 - Octubre,334.24,2022,Octubre,202210.0
Pampeana,Harina de trigo común,kg,Año 2022 - Octubre,146.56,2022,Octubre,202210.0
Pampeana,Arroz blanco simple,kg,Año 2022 - Octubre,195.06,2022,Octubre,202210.0
Pampeana,Fideos secos tipo guisero,500 g,Año 2022 - Octubre,168.21,2022,Octubre,202210.0
Pampeana,Carne picada común,kg,Año 2022 - Octubre,817.03,2022,Octubre,202210.0
Pampeana,Pollo entero,kg,Año 2022 - Octubre,446.5,2022,Octubre,202210.0
Pampeana,Aceite de girasol,"1,5 litros",Año 2022 - Octubre,781.78,2022,Octubre,202210.0
Pampeana,Leche fresca entera sachet,Litro,Año 2022 - Octubre,199.06,2022,Octubre,202210.0
Pampeana,Huevos de gallina,Docena,Año 2022 - Octubre,369.0,2022,Octubre,202210.0
Pampeana,Papa,kg,Año 2022 - Octubre,206.04,2022,Octubre,202210.0
Pampeana,Azúcar,kg,Año 2022 - Octubre,250.13,2022,Octubre,202210.0
Pampeana,Detergente líquido,750 cc,Año 2022 - Octubre,216.81,2022,Octubre,202210.0
Pampeana,Lavandina,1.000 cc,Año 2022 - Octubre,143.91,2022,Octubre,202210.0
Pampeana,Jabón de tocador,125 g,Año 2022 - Octubre,149.24,2022,Octubre,202210.0
Noreste,Pan francés,kg,Año 2022 - Octubre,305.53,2022,Octubre,202210.0
Noreste,Harina de trigo común,kg,Año 2022 - Octubre,154.98,2022,Octubre,202210.0
Noreste,Arroz blanco simple,kg,Año 2022 - Octubre,181.55,2022,Octubre,202210.0
Noreste,Fideos secos tipo guisero,500 g,Año 2022 - Octubre,147.82,2022,Octubre,202210.0
Noreste,Carne picada común,kg,Año 2022 - Octubre,827.95,2022,Octubre,202210.0
Noreste,Pollo entero,kg,Año 2022 - Octubre,424.21,2022,Octubre,202210.0
Noreste,Aceite de girasol,"1,5 litros",Año 2022 - Octubre,909.15,2022,Octubre,202210.0
Noreste,Leche fresca entera sachet,Litro,Año 2022 - Octubre,209.33,2022,Octubre,202210.0
Noreste,Huevos de gallina,Docena,Año 2022 - Octubre,341.87,2022,Octubre,202210.0
Noreste,Papa,kg,Año 2022 - Octubre,199.62,2022,Octubre,202210.0
Noreste,Azúcar,kg,Año 2022 - Octubre,251.02,2022,Octubre,202210.0
Noreste,Detergente líquido,750 cc,Año 2022 - Octubre,191.71,2022,Octubre,202210.0
Noreste,Lavandina,1.000 cc,Año 2022 - Octubre,149.7,2022,Octubre,202210.0
Noreste,Jabón de tocador,125 g,Año 2022 - Octubre,139.24,2022,Octubre,202210.0
Noroeste,Pan francés,kg,Año 2022 - Octubre,304.54,2022,Octubre,202210.0
Noroeste,Harina de trigo común,kg,Año 2022 - Octubre,144.01,2022,Octubre,202210.0
Noroeste,Arroz blanco simple,kg,Año 2022 - Octubre,180.76,2022,Octubre,202210.0
Noroeste,Fideos secos tipo guisero,500 g,Año 2022 - Octubre,141.46,2022,Octubre,202210.0
Noroeste,Carne picada común,kg,Año 2022 - Octubre,788.34,2022,Octubre,202210.0
Noroeste,Pollo entero,kg,Año 2022 - Octubre,426.22,2022,Octubre,202210.0
Noroeste,Aceite de girasol,"1,5 litros",Año 2022 - Octubre,797.32,2022,Octubre,202210.0
Noroeste,Leche fresca entera sachet,Litro,Año 2022 - Octubre,200.76,2022,Octubre,202210.0
Noroeste,Huevos de gallina,Docena,Año 2022 - Octubre,360.93,2022,Octubre,202210.0
Noroeste,Papa,kg,Año 2022 - Octubre,162.54,2022,Octubre,202210.0
Noroeste,Azúcar,kg,Año 2022 - Octubre,220.44,2022,Octubre,202210.0
Noroeste,Detergente líquido,750 cc,Año 2022 - Octubre,205.88,2022,Octubre,202210.0
Noroeste,Lavandina,1.000 cc,Año 2022 - Octubre,138.93,2022,Octubre,202210.0
Noroeste,Jabón de tocador,125 g,Año 2022 - Octubre,143.5,2022,Octubre,202210.0
Cuyo,Pan francés,kg,Año 2022 - Octubre,285.22,2022,Octubre,202210.0
Cuyo,Harina de trigo común,kg,Año 2022 - Octubre,137.89,2022,Octubre,202210.0
Cuyo,Arroz blanco simple,kg,Año 2022 - Octubre,189.53,2022,Octubre,202210.0
Cuyo,Fideos secos tipo guisero,500 g,Año 2022 - Octubre,159.83,2022,Octubre,202210.0
Cuyo,Carne picada común,kg,Año 2022 - Octubre,733.24,2022,Octubre,202210.0
Cuyo,Pollo entero,kg,Año 2022 - Octubre,449.46,2022,Octubre,202210.0
Cuyo,Aceite de girasol,"1,5 litros",Año 2022 - Octubre,750.58,2022,Octubre,202210.0
Cuyo,Leche fresca entera sachet,Litro,Año 2022 - Octubre,219.7,2022,Octubre,202210.0
Cuyo,Huevos de gallina,Docena,Año 2022 - Octubre,379.3,2022,Octubre,202210.0
Cuyo,Papa,kg,Año 2022 - Octubre,224.27,2022,Octubre,202210.0
Cuyo,Azúcar,kg,Año 2022 - Octubre,250.7,2022,Octubre,202210.0
Cuyo,Detergente líquido,750 cc,Año 2022 - Octubre,213.38,2022,Octubre,202210.0
Cuyo,Lavandina,1.000 cc,Año 2022 - Octubre,143.37,2022,Octubre,202210.0
Cuyo,Jabón de tocador,125 g,Año 2022 - Octubre,156.82,2022,Octubre,202210.0
Patagonia,Pan francés,kg,Año 2022 - Octubre,374.07,2022,Octubre,202210.0
Patagonia,Harina de trigo común,kg,Año 2022 - Octubre,150.7,2022,Octubre,202210.0
Patagonia,Arroz blanco simple,kg,Año 2022 - Octubre,203.55,2022,Octubre,202210.0
Patagonia,Fideos secos tipo guisero,500 g,Año 2022 - Octubre,184.56,2022,Octubre,202210.0
Patagonia,Carne picada común,kg,Año 2022 - Octubre,1103.11,2022,Octubre,202210.0
Patagonia,Pollo entero,kg,Año 2022 - Octubre,454.5,2022,Octubre,202210.0
Patagonia,Aceite de girasol,"1,5 litros",Año 2022 - Octubre,655.46,2022,Octubre,202210.0
Patagonia,Leche fresca entera sachet,Litro,Año 2022 - Octubre,223.98,2022,Octubre,202210.0
Patagonia,Huevos de gallina,Docena,Año 2022 - Octubre,414.06,2022,Octubre,202210.0
Patagonia,Papa,kg,Año 2022 - Octubre,239.68,2022,Octubre,202210.0
Patagonia,Azúcar,kg,Año 2022 - Octubre,259.97,2022,Octubre,202210.0
Patagonia,Detergente líquido,750 cc,Año 2022 - Octubre,362.03,2022,Octubre,202210.0
Patagonia,Lavandina,1.000 cc,Año 2022 - Octubre,152.04,2022,Octubre,202210.0
Patagonia,Jabón de tocador,125 g,Año 2022 - Octubre,156.12,2022,Octubre,202210.0
GBA,Pan francés,kg,Año 2022 - Noviembre,407.77,2022,Noviembre,202211.0
GBA,Harina de trigo común,kg,Año 2022 - Noviembre,140.7,2022,Noviembre,202211.0
GBA,Arroz blanco simple,kg,Año 2022 - Noviembre,173.27,2022,Noviembre,202211.0
GBA,Fideos secos tipo guisero,500 g,Año 2022 - Noviembre,184.35,2022,Noviembre,202211.0
GBA,Carne picada común,kg,Año 2022 - Noviembre,704.96,2022,Noviembre,202211.0
GBA,Pollo entero,kg,Año 2022 - Noviembre,426.82,2022,Noviembre,202211.0
GBA,Aceite de girasol,"1,5 litros",Año 2022 - Noviembre,727.68,2022,Noviembre,202211.0
GBA,Leche fresca entera sachet,Litro,Año 2022 - Noviembre,210.21,2022,Noviembre,202211.0
GBA,Huevos de gallina,Docena,Año 2022 - Noviembre,396.5,2022,Noviembre,202211.0
GBA,Papa,kg,Año 2022 - Noviembre,206.65,2022,Noviembre,202211.0
GBA,Azúcar,kg,Año 2022 - Noviembre,254.41,2022,Noviembre,202211.0
GBA,Detergente líquido,750 cc,Año 2022 - Noviembre,202.27,2022,Noviembre,202211.0
GBA,Lavandina,1.000 cc,Año 2022 - Noviembre,150.82,2022,Noviembre,202211.0
GBA,Jabón de tocador,125 g,Año 2022 - Noviembre,162.05,2022,Noviembre,202211.0
Pampeana,Pan francés,kg,Año 2022 - Noviembre,358.07,2022,Noviembre,202211.0
Pampeana,Harina de trigo común,kg,Año 2022 - Noviembre,158.7,2022,Noviembre,202211.0
Pampeana,Arroz blanco simple,kg,Año 2022 - Noviembre,204.93,2022,Noviembre,202211.0
Pampeana,Fideos secos tipo guisero,500 g,Año 2022 - Noviembre,180.11,2022,Noviembre,202211.0
Pampeana,Carne picada común,kg,Año 2022 - Noviembre,807.43,2022,Noviembre,202211.0
Pampeana,Pollo entero,kg,Año 2022 - Noviembre,459.24,2022,Noviembre,202211.0
Pampeana,Aceite de girasol,"1,5 litros",Año 2022 - Noviembre,813.96,2022,Noviembre,202211.0
Pampeana,Leche fresca entera sachet,Litro,Año 2022 - Noviembre,210.69,2022,Noviembre,202211.0
Pampeana,Huevos de gallina,Docena,Año 2022 - Noviembre,387.41,2022,Noviembre,202211.0
Pampeana,Papa,kg,Año 2022 - Noviembre,205.87,2022,Noviembre,202211.0
Pampeana,Azúcar,kg,Año 2022 - Noviembre,259.29,2022,Noviembre,202211.0
Pampeana,Detergente líquido,750 cc,Año 2022 - Noviembre,227.92,2022,Noviembre,202211.0
Pampeana,Lavandina,1.000 cc,Año 2022 - Noviembre,151.3,2022,Noviembre,202211.0
Pampeana,Jabón de tocador,125 g,Año 2022 - Noviembre,157.29,2022,Noviembre,202211.0
Noreste,Pan francés,kg,Año 2022 - Noviembre,323.02,2022,Noviembre,202211.0
Noreste,Harina de trigo común,kg,Año 2022 - Noviembre,162.62,2022,Noviembre,202211.0
Noreste,Arroz blanco simple,kg,Año 2022 - Noviembre,189.79,2022,Noviembre,202211.0
Noreste,Fideos secos tipo guisero,500 g,Año 2022 - Noviembre,158.73,2022,Noviembre,202211.0
Noreste,Carne picada común,kg,Año 2022 - Noviembre,835.54,2022,Noviembre,202211.0
Noreste,Pollo entero,kg,Año 2022 - Noviembre,432.01,2022,Noviembre,202211.0
Noreste,Aceite de girasol,"1,5 litros",Año 2022 - Noviembre,946.15,2022,Noviembre,202211.0
Noreste,Leche fresca entera sachet,Litro,Año 2022 - Noviembre,221.55,2022,Noviembre,202211.0
Noreste,Huevos de gallina,Docena,Año 2022 - Noviembre,352.69,2022,Noviembre,202211.0
Noreste,Papa,kg,Año 2022 - Noviembre,198.79,2022,Noviembre,202211.0
Noreste,Azúcar,kg,Año 2022 - Noviembre,256.94,2022,Noviembre,202211.0
Noreste,Detergente líquido,750 cc,Año 2022 - Noviembre,203.98,2022,Noviembre,202211.0
Noreste,Lavandina,1.000 cc,Año 2022 - Noviembre,155.44,2022,Noviembre,202211.0
Noreste,Jabón de tocador,125 g,Año 2022 - Noviembre,145.65,2022,Noviembre,202211.0
Noroeste,Pan francés,kg,Año 2022 - Noviembre,319.28,2022,Noviembre,202211.0
Noroeste,Harina de trigo común,kg,Año 2022 - Noviembre,152.64,2022,Noviembre,202211.0
Noroeste,Arroz blanco simple,kg,Año 2022 - Noviembre,192.13,2022,Noviembre,202211.0
Noroeste,Fideos secos tipo guisero,500 g,Año 2022 - Noviembre,153.57,2022,Noviembre,202211.0
Noroeste,Carne picada común,kg,Año 2022 - Noviembre,820.59,2022,Noviembre,202211.0
Noroeste,Pollo entero,kg,Año 2022 - Noviembre,437.18,2022,Noviembre,202211.0
Noroeste,Aceite de girasol,"1,5 litros",Año 2022 - Noviembre,831.79,2022,Noviembre,202211.0
Noroeste,Leche fresca entera sachet,Litro,Año 2022 - Noviembre,213.35,2022,Noviembre,202211.0
Noroeste,Huevos de gallina,Docena,Año 2022 - Noviembre,369.97,2022,Noviembre,202211.0
Noroeste,Papa,kg,Año 2022 - Noviembre,150.59,2022,Noviembre,202211.0
Noroeste,Azúcar,kg,Año 2022 - Noviembre,224.77,2022,Noviembre,202211.0
Noroeste,Detergente líquido,750 cc,Año 2022 - Noviembre,217.5,2022,Noviembre,202211.0
Noroeste,Lavandina,1.000 cc,Año 2022 - Noviembre,150.89,2022,Noviembre,202211.0
Noroeste,Jabón de tocador,125 g,Año 2022 - Noviembre,151.35,2022,Noviembre,202211.0
Cuyo,Pan francés,kg,Año 2022 - Noviembre,301.77,2022,Noviembre,202211.0
Cuyo,Harina de trigo común,kg,Año 2022 - Noviembre,151.44,2022,Noviembre,202211.0
Cuyo,Arroz blanco simple,kg,Año 2022 - Noviembre,203.05,2022,Noviembre,202211.0
Cuyo,Fideos secos tipo guisero,500 g,Año 2022 - Noviembre,169.51,2022,Noviembre,202211.0
Cuyo,Carne picada común,kg,Año 2022 - Noviembre,730.75,2022,Noviembre,202211.0
Cuyo,Pollo entero,kg,Año 2022 - Noviembre,465.72,2022,Noviembre,202211.0
Cuyo,Aceite de girasol,"1,5 litros",Año 2022 - Noviembre,779.57,2022,Noviembre,202211.0
Cuyo,Leche fresca entera sachet,Litro,Año 2022 - Noviembre,238.46,2022,Noviembre,202211.0
Cuyo,Huevos de gallina,Docena,Año 2022 - Noviembre,387.73,2022,Noviembre,202211.0
Cuyo,Papa,kg,Año 2022 - Noviembre,214.74,2022,Noviembre,202211.0
Cuyo,Azúcar,kg,Año 2022 - Noviembre,257.56,2022,Noviembre,202211.0
Cuyo,Detergente líquido,750 cc,Año 2022 - Noviembre,223.04,2022,Noviembre,202211.0
Cuyo,Lavandina,1.000 cc,Año 2022 - Noviembre,151.05,2022,Noviembre,202211.0
Cuyo,Jabón de tocador,125 g,Año 2022 - Noviembre,165.47,2022,Noviembre,202211.0
Patagonia,Pan francés,kg,Año 2022 - Noviembre,386.91,2022,Noviembre,202211.0
Patagonia,Harina de trigo común,kg,Año 2022 - Noviembre,162.74,2022,Noviembre,202211.0
Patagonia,Arroz blanco simple,kg,Año 2022 - Noviembre,214.55,2022,Noviembre,202211.0
Patagonia,Fideos secos tipo guisero,500 g,Año 2022 - Noviembre,201.77,2022,Noviembre,202211.0
Patagonia,Carne picada común,kg,Año 2022 - Noviembre,1063.94,2022,Noviembre,202211.0
Patagonia,Pollo entero,kg,Año 2022 - Noviembre,462.95,2022,Noviembre,202211.0
Patagonia,Aceite de girasol,"1,5 litros",Año 2022 - Noviembre,693.95,2022,Noviembre,202211.0
Patagonia,Leche fresca entera sachet,Litro,Año 2022 - Noviembre,234.35,2022,Noviembre,202211.0
Patagonia,Huevos de gallina,Docena,Año 2022 - Noviembre,436.48,2022,Noviembre,202211.0
Patagonia,Papa,kg,Año 2022 - Noviembre,258.58,2022,Noviembre,202211.0
Patagonia,Azúcar,kg,Año 2022 - Noviembre,275.22,2022,Noviembre,202211.0
Patagonia,Detergente líquido,750 cc,Año 2022 - Noviembre,399.5,2022,Noviembre,202211.0
Patagonia,Lavandina,1.000 cc,Año 2022 - Noviembre,157.97,2022,Noviembre,202211.0
Patagonia,Jabón de tocador,125 g,Año 2022 - Noviembre,165.94,2022,Noviembre,202211.0
GBA,Pan francés,kg,Año 2022 - Diciembre,428.42,2022,Diciembre,202212.0
GBA,Harina de trigo común,kg,Año 2022 - Diciembre,146.91,2022,Diciembre,202212.0
GBA,Arroz blanco simple,kg,Año 2022 - Diciembre,183.52,2022,Diciembre,202212.0
GBA,Fideos secos tipo guisero,500 g,Año 2022 - Diciembre,191.91,2022,Diciembre,202212.0
GBA,Carne picada común,kg,Año 2022 - Diciembre,698.77,2022,Diciembre,202212.0
GBA,Pollo entero,kg,Año 2022 - Diciembre,437.28,2022,Diciembre,202212.0
GBA,Aceite de girasol,"1,5 litros",Año 2022 - Diciembre,776.18,2022,Diciembre,202212.0
GBA,Leche fresca entera sachet,Litro,Año 2022 - Diciembre,216.31,2022,Diciembre,202212.0
GBA,Huevos de gallina,Docena,Año 2022 - Diciembre,411.77,2022,Diciembre,202212.0
GBA,Papa,kg,Año 2022 - Diciembre,210.94,2022,Diciembre,202212.0
GBA,Azúcar,kg,Año 2022 - Diciembre,251.86,2022,Diciembre,202212.0
GBA,Detergente líquido,750 cc,Año 2022 - Diciembre,207.92,2022,Diciembre,202212.0
GBA,Lavandina,1.000 cc,Año 2022 - Diciembre,158.29,2022,Diciembre,202212.0
GBA,Jabón de tocador,125 g,Año 2022 - Diciembre,172.01,2022,Diciembre,202212.0
Pampeana,Pan francés,kg,Año 2022 - Diciembre,376.71,2022,Diciembre,202212.0
Pampeana,Harina de trigo común,kg,Año 2022 - Diciembre,166.54,2022,Diciembre,202212.0
Pampeana,Arroz blanco simple,kg,Año 2022 - Diciembre,218.76,2022,Diciembre,202212.0
Pampeana,Fideos secos tipo guisero,500 g,Año 2022 - Diciembre,189.57,2022,Diciembre,202212.0
Pampeana,Carne picada común,kg,Año 2022 - Diciembre,814.28,2022,Diciembre,202212.0
Pampeana,Pollo entero,kg,Año 2022 - Diciembre,469.17,2022,Diciembre,202212.0
Pampeana,Aceite de girasol,"1,5 litros",Año 2022 - Diciembre,842.7,2022,Diciembre,202212.0
Pampeana,Leche fresca entera sachet,Litro,Año 2022 - Diciembre,220.74,2022,Diciembre,202212.0
Pampeana,Huevos de gallina,Docena,Año 2022 - Diciembre,408.15,2022,Diciembre,202212.0
Pampeana,Papa,kg,Año 2022 - Diciembre,203.84,2022,Diciembre,202212.0
Pampeana,Azúcar,kg,Año 2022 - Diciembre,265.81,2022,Diciembre,202212.0
Pampeana,Detergente líquido,750 cc,Año 2022 - Diciembre,236.69,2022,Diciembre,202212.0
Pampeana,Lavandina,1.000 cc,Año 2022 - Diciembre,158.0,2022,Diciembre,202212.0
Pampeana,Jabón de tocador,125 g,Año 2022 - Diciembre,169.89,2022,Diciembre,202212.0
Noreste,Pan francés,kg,Año 2022 - Diciembre,337.72,2022,Diciembre,202212.0
Noreste,Harina de trigo común,kg,Año 2022 - Diciembre,171.87,2022,Diciembre,202212.0
Noreste,Arroz blanco simple,kg,Año 2022 - Diciembre,193.55,2022,Diciembre,202212.0
Noreste,Fideos secos tipo guisero,500 g,Año 2022 - Diciembre,167.73,2022,Diciembre,202212.0
Noreste,Carne picada común,kg,Año 2022 - Diciembre,840.68,2022,Diciembre,202212.0
Noreste,Pollo entero,kg,Año 2022 - Diciembre,442.14,2022,Diciembre,202212.0
Noreste,Aceite de girasol,"1,5 litros",Año 2022 - Diciembre,965.33,2022,Diciembre,202212.0
Noreste,Leche fresca entera sachet,Litro,Año 2022 - Diciembre,231.52,2022,Diciembre,202212.0
Noreste,Huevos de gallina,Docena,Año 2022 - Diciembre,356.53,2022,Diciembre,202212.0
Noreste,Papa,kg,Año 2022 - Diciembre,204.22,2022,Diciembre,202212.0
Noreste,Azúcar,kg,Año 2022 - Diciembre,257.92,2022,Diciembre,202212.0
Noreste,Detergente líquido,750 cc,Año 2022 - Diciembre,209.72,2022,Diciembre,202212.0
Noreste,Lavandina,1.000 cc,Año 2022 - Diciembre,166.52,2022,Diciembre,202212.0
Noreste,Jabón de tocador,125 g,Año 2022 - Diciembre,153.84,2022,Diciembre,202212.0
Noroeste,Pan francés,kg,Año 2022 - Diciembre,332.28,2022,Diciembre,202212.0
Noroeste,Harina de trigo común,kg,Año 2022 - Diciembre,162.76,2022,Diciembre,202212.0
Noroeste,Arroz blanco simple,kg,Año 2022 - Diciembre,199.97,2022,Diciembre,202212.0
Noroeste,Fideos secos tipo guisero,500 g,Año 2022 - Diciembre,160.56,2022,Diciembre,202212.0
Noroeste,Carne picada común,kg,Año 2022 - Diciembre,843.97,2022,Diciembre,202212.0
Noroeste,Pollo entero,kg,Año 2022 - Diciembre,447.96,2022,Diciembre,202212.0
Noroeste,Aceite de girasol,"1,5 litros",Año 2022 - Diciembre,853.53,2022,Diciembre,202212.0
Noroeste,Leche fresca entera sachet,Litro,Año 2022 - Diciembre,222.27,2022,Diciembre,202212.0
Noroeste,Huevos de gallina,Docena,Año 2022 - Diciembre,377.93,2022,Diciembre,202212.0
Noroeste,Papa,kg,Año 2022 - Diciembre,150.5,2022,Diciembre,202212.0
Noroeste,Azúcar,kg,Año 2022 - Diciembre,233.55,2022,Diciembre,202212.0
Noroeste,Detergente líquido,750 cc,Año 2022 - Diciembre,226.67,2022,Diciembre,202212.0
Noroeste,Lavandina,1.000 cc,Año 2022 - Diciembre,157.36,2022,Diciembre,202212.0
Noroeste,Jabón de tocador,125 g,Año 2022 - Diciembre,160.72,2022,Diciembre,202212.0
Cuyo,Pan francés,kg,Año 2022 - Diciembre,315.66,2022,Diciembre,202212.0
Cuyo,Harina de trigo común,kg,Año 2022 - Diciembre,160.6,2022,Diciembre,202212.0
Cuyo,Arroz blanco simple,kg,Año 2022 - Diciembre,219.19,2022,Diciembre,202212.0
Cuyo,Fideos secos tipo guisero,500 g,Año 2022 - Diciembre,182.91,2022,Diciembre,202212.0
Cuyo,Carne picada común,kg,Año 2022 - Diciembre,737.03,2022,Diciembre,202212.0
Cuyo,Pollo entero,kg,Año 2022 - Diciembre,471.77,2022,Diciembre,202212.0
Cuyo,Aceite de girasol,"1,5 litros",Año 2022 - Diciembre,806.89,2022,Diciembre,202212.0
Cuyo,Leche fresca entera sachet,Litro,Año 2022 - Diciembre,247.12,2022,Diciembre,202212.0
Cuyo,Huevos de gallina,Docena,Año 2022 - Diciembre,405.63,2022,Diciembre,202212.0
Cuyo,Papa,kg,Año 2022 - Diciembre,192.87,2022,Diciembre,202212.0
Cuyo,Azúcar,kg,Año 2022 - Diciembre,261.02,2022,Diciembre,202212.0
Cuyo,Detergente líquido,750 cc,Año 2022 - Diciembre,232.95,2022,Diciembre,202212.0
Cuyo,Lavandina,1.000 cc,Año 2022 - Diciembre,159.08,2022,Diciembre,202212.0
Cuyo,Jabón de tocador,125 g,Año 2022 - Diciembre,177.97,2022,Diciembre,202212.0
Patagonia,Pan francés,kg,Año 2022 - Diciembre,406.21,2022,Diciembre,202212.0
Patagonia,Harina de trigo común,kg,Año 2022 - Diciembre,169.72,2022,Diciembre,202212.0
Patagonia,Arroz blanco simple,kg,Año 2022 - Diciembre,225.68,2022,Diciembre,202212.0
Patagonia,Fideos secos tipo guisero,500 g,Año 2022 - Diciembre,213.9,2022,Diciembre,202212.0
Patagonia,Carne picada común,kg,Año 2022 - Diciembre,1067.21,2022,Diciembre,202212.0
Patagonia,Pollo entero,kg,Año 2022 - Diciembre,466.41,2022,Diciembre,202212.0
Patagonia,Aceite de girasol,"1,5 litros",Año 2022 - Diciembre,720.8,2022,Diciembre,202212.0
Patagonia,Leche fresca entera sachet,Litro,Año 2022 - Diciembre,242.06,2022,Diciembre,202212.0
Patagonia,Huevos de gallina,Docena,Año 2022 - Diciembre,450.1,2022,Diciembre,202212.0
Patagonia,Papa,kg,Año 2022 - Diciembre,263.51,2022,Diciembre,202212.0
Patagonia,Azúcar,kg,Año 2022 - Diciembre,285.23,2022,Diciembre,202212.0
Patagonia,Detergente líquido,750 cc,Año 2022 - Diciembre,411.6,2022,Diciembre,202212.0
Patagonia,Lavandina,1.000 cc,Año 2022 - Diciembre,164.79,2022,Diciembre,202212.0
Patagonia,Jabón de tocador,125 g,Año 2022 - Diciembre,176.19,2022,Diciembre,202212.0
GBA,Pan francés,kg,2023 - Enero,435.66,2023,Enero,202301.0
GBA,Harina de trigo común,kg,2023 - Enero,160.14,2023,Enero,202301.0
GBA,Arroz blanco simple,kg,2023 - Enero,198.02,2023,Enero,202301.0
GBA,Fideos secos tipo guisero,500 g,2023 - Enero,207.95,2023,Enero,202301.0
GBA,Carne picada común,kg,2023 - Enero,750.61,2023,Enero,202301.0
GBA,Pollo entero,kg,2023 - Enero,452.94,2023,Enero,202301.0
GBA,Aceite de girasol,"1,5 litros",2023 - Enero,814.01,2023,Enero,202301.0
GBA,Leche fresca entera sachet,Litro,2023 - Enero,225.27,2023,Enero,202301.0
GBA,Huevos de gallina,Docena,2023 - Enero,432.85,2023,Enero,202301.0
GBA,Papa,kg,2023 - Enero,263.02,2023,Enero,202301.0
GBA,Azúcar,kg,2023 - Enero,254.84,2023,Enero,202301.0
GBA,Detergente líquido,750 cc,2023 - Enero,219.13,2023,Enero,202301.0
GBA,Lavandina,1.000 cc,2023 - Enero,169.62,2023,Enero,202301.0
GBA,Jabón de tocador,125 g,2023 - Enero,179.71,2023,Enero,202301.0
Pampeana,Pan francés,kg,2023 - Enero,392.17,2023,Enero,202301.0
Pampeana,Harina de trigo común,kg,2023 - Enero,171.99,2023,Enero,202301.0
Pampeana,Arroz blanco simple,kg,2023 - Enero,229.86,2023,Enero,202301.0
Pampeana,Fideos secos tipo guisero,500 g,2023 - Enero,199.51,2023,Enero,202301.0
Pampeana,Carne picada común,kg,2023 - Enero,825.28,2023,Enero,202301.0
Pampeana,Pollo entero,kg,2023 - Enero,491.34,2023,Enero,202301.0
Pampeana,Aceite de girasol,"1,5 litros",2023 - Enero,900.95,2023,Enero,202301.0
Pampeana,Leche fresca entera sachet,Litro,2023 - Enero,232.14,2023,Enero,202301.0
Pampeana,Huevos de gallina,Docena,2023 - Enero,425.52,2023,Enero,202301.0
Pampeana,Papa,kg,2023 - Enero,249.62,2023,Enero,202301.0
Pampeana,Azúcar,kg,2023 - Enero,273.61,2023,Enero,202301.0
Pampeana,Detergente líquido,750 cc,2023 - Enero,250.09,2023,Enero,202301.0
Pampeana,Lavandina,1.000 cc,2023 - Enero,166.87,2023,Enero,202301.0
Pampeana,Jabón de tocador,125 g,2023 - Enero,182.1,2023,Enero,202301.0
Noreste,Pan francés,kg,2023 - Enero,349.4,2023,Enero,202301.0
Noreste,Harina de trigo común,kg,2023 - Enero,179.2,2023,Enero,202301.0
Noreste,Arroz blanco simple,kg,2023 - Enero,206.04,2023,Enero,202301.0
Noreste,Fideos secos tipo guisero,500 g,2023 - Enero,183.77,2023,Enero,202301.0
Noreste,Carne picada común,kg,2023 - Enero,851.59,2023,Enero,202301.0
Noreste,Pollo entero,kg,2023 - Enero,455.69,2023,Enero,202301.0
Noreste,Aceite de girasol,"1,5 litros",2023 - Enero,1004.03,2023,Enero,202301.0
Noreste,Leche fresca entera sachet,Litro,2023 - Enero,244.8,2023,Enero,202301.0
Noreste,Huevos de gallina,Docena,2023 - Enero,363.89,2023,Enero,202301.0
Noreste,Papa,kg,2023 - Enero,271.11,2023,Enero,202301.0
Noreste,Azúcar,kg,2023 - Enero,269.87,2023,Enero,202301.0
Noreste,Detergente líquido,750 cc,2023 - Enero,219.31,2023,Enero,202301.0
Noreste,Lavandina,1.000 cc,2023 - Enero,174.66,2023,Enero,202301.0
Noreste,Jabón de tocador,125 g,2023 - Enero,169.45,2023,Enero,202301.0
Noroeste,Pan francés,kg,2023 - Enero,347.23,2023,Enero,202301.0
Noroeste,Harina de trigo común,kg,2023 - Enero,173.25,2023,Enero,202301.0
Noroeste,Arroz blanco simple,kg,2023 - Enero,210.52,2023,Enero,202301.0
Noroeste,Fideos secos tipo guisero,500 g,2023 - Enero,172.7,2023,Enero,202301.0
Noroeste,Carne picada común,kg,2023 - Enero,857.07,2023,Enero,202301.0
Noroeste,Pollo entero,kg,2023 - Enero,464.37,2023,Enero,202301.0
Noroeste,Aceite de girasol,"1,5 litros",2023 - Enero,882.5,2023,Enero,202301.0
Noroeste,Leche fresca entera sachet,Litro,2023 - Enero,233.26,2023,Enero,202301.0
Noroeste,Huevos de gallina,Docena,2023 - Enero,385.76,2023,Enero,202301.0
Noroeste,Papa,kg,2023 - Enero,227.56,2023,Enero,202301.0
Noroeste,Azúcar,kg,2023 - Enero,245.4,2023,Enero,202301.0
Noroeste,Detergente líquido,750 cc,2023 - Enero,241.91,2023,Enero,202301.0
Noroeste,Lavandina,1.000 cc,2023 - Enero,167.22,2023,Enero,202301.0
Noroeste,Jabón de tocador,125 g,2023 - Enero,169.78,2023,Enero,202301.0
Cuyo,Pan francés,kg,2023 - Enero,331.08,2023,Enero,202301.0
Cuyo,Harina de trigo común,kg,2023 - Enero,165.37,2023,Enero,202301.0
Cuyo,Arroz blanco simple,kg,2023 - Enero,230.56,2023,Enero,202301.0
Cuyo,Fideos secos tipo guisero,500 g,2023 - Enero,193.68,2023,Enero,202301.0
Cuyo,Carne picada común,kg,2023 - Enero,757.02,2023,Enero,202301.0
Cuyo,Pollo entero,kg,2023 - Enero,487.36,2023,Enero,202301.0
Cuyo,Aceite de girasol,"1,5 litros",2023 - Enero,860.67,2023,Enero,202301.0
Cuyo,Leche fresca entera sachet,Litro,2023 - Enero,259.75,2023,Enero,202301.0
Cuyo,Huevos de gallina,Docena,2023 - Enero,418.83,2023,Enero,202301.0
Cuyo,Papa,kg,2023 - Enero,262.1,2023,Enero,202301.0
Cuyo,Azúcar,kg,2023 - Enero,267.35,2023,Enero,202301.0
Cuyo,Detergente líquido,750 cc,2023 - Enero,247.24,2023,Enero,202301.0
Cuyo,Lavandina,1.000 cc,2023 - Enero,165.38,2023,Enero,202301.0
Cuyo,Jabón de tocador,125 g,2023 - Enero,191.1,2023,Enero,202301.0
Patagonia,Pan francés,kg,2023 - Enero,418.56,2023,Enero,202301.0
Patagonia,Harina de trigo común,kg,2023 - Enero,182.28,2023,Enero,202301.0
Patagonia,Arroz blanco simple,kg,2023 - Enero,241.43,2023,Enero,202301.0
Patagonia,Fideos secos tipo guisero,500 g,2023 - Enero,226.17,2023,Enero,202301.0
Patagonia,Carne picada común,kg,2023 - Enero,1132.74,2023,Enero,202301.0
Patagonia,Pollo entero,kg,2023 - Enero,495.1,2023,Enero,202301.0
Patagonia,Aceite de girasol,"1,5 litros",2023 - Enero,743.95,2023,Enero,202301.0
Patagonia,Leche fresca entera sachet,Litro,2023 - Enero,253.46,2023,Enero,202301.0
Patagonia,Huevos de gallina,Docena,2023 - Enero,461.14,2023,Enero,202301.0
Patagonia,Papa,kg,2023 - Enero,310.0,2023,Enero,202301.0
Patagonia,Azúcar,kg,2023 - Enero,289.51,2023,Enero,202301.0
Patagonia,Detergente líquido,750 cc,2023 - Enero,448.72,2023,Enero,202301.0
Patagonia,Lavandina,1.000 cc,2023 - Enero,173.8,2023,Enero,202301.0
Patagonia,Jabón de tocador,125 g,2023 - Enero,190.05,2023,Enero,202301.0
GBA,Pan francés,kg,2023 - Febrero,459.15,2023,Febrero,202302.0
GBA,Harina de trigo común,kg,2023 - Febrero,172.29,2023,Febrero,202302.0
GBA,Arroz blanco simple,kg,2023 - Febrero,226.87,2023,Febrero,202302.0
GBA,Fideos secos tipo guisero,500 g,2023 - Febrero,221.36,2023,Febrero,202302.0
GBA,Carne picada común,kg,2023 - Febrero,1013.04,2023,Febrero,202302.0
GBA,Pollo entero,kg,2023 - Febrero,483.55,2023,Febrero,202302.0
GBA,Aceite de girasol,"1,5 litros",2023 - Febrero,867.67,2023,Febrero,202302.0
GBA,Leche fresca entera sachet,Litro,2023 - Febrero,236.04,2023,Febrero,202302.0
GBA,Huevos de gallina,Docena,2023 - Febrero,490.18,2023,Febrero,202302.0
GBA,Papa,kg,2023 - Febrero,256.7,2023,Febrero,202302.0
GBA,Azúcar,kg,2023 - Febrero,271.75,2023,Febrero,202302.0
GBA,Detergente líquido,750 cc,2023 - Febrero,232.05,2023,Febrero,202302.0
GBA,Lavandina,1.000 cc,2023 - Febrero,175.1,2023,Febrero,202302.0
GBA,Jabón de tocador,125 g,2023 - Febrero,190.65,2023,Febrero,202302.0
Pampeana,Pan francés,kg,2023 - Febrero,412.84,2023,Febrero,202302.0
Pampeana,Harina de trigo común,kg,2023 - Febrero,181.86,2023,Febrero,202302.0
Pampeana,Arroz blanco simple,kg,2023 - Febrero,250.47,2023,Febrero,202302.0
Pampeana,Fideos secos tipo guisero,500 g,2023 - Febrero,214.51,2023,Febrero,202302.0
Pampeana,Carne picada común,kg,2023 - Febrero,1070.44,2023,Febrero,202302.0
Pampeana,Pollo entero,kg,2023 - Febrero,510.84,2023,Febrero,202302.0
Pampeana,Aceite de girasol,"1,5 litros",2023 - Febrero,935.67,2023,Febrero,202302.0
Pampeana,Leche fresca entera sachet,Litro,2023 - Febrero,246.41,2023,Febrero,202302.0
Pampeana,Huevos de gallina,Docena,2023 - Febrero,470.01,2023,Febrero,202302.0
Pampeana,Papa,kg,2023 - Febrero,253.13,2023,Febrero,202302.0
Pampeana,Azúcar,kg,2023 - Febrero,294.84,2023,Febrero,202302.0
Pampeana,Detergente líquido,750 cc,2023 - Febrero,258.41,2023,Febrero,202302.0
Pampeana,Lavandina,1.000 cc,2023 - Febrero,175.16,2023,Febrero,202302.0
Pampeana,Jabón de tocador,125 g,2023 - Febrero,191.72,2023,Febrero,202302.0
Noreste,Pan francés,kg,2023 - Febrero,370.39,2023,Febrero,202302.0
Noreste,Harina de trigo común,kg,2023 - Febrero,191.2,2023,Febrero,202302.0
Noreste,Arroz blanco simple,kg,2023 - Febrero,228.46,2023,Febrero,202302.0
Noreste,Fideos secos tipo guisero,500 g,2023 - Febrero,192.76,2023,Febrero,202302.0
Noreste,Carne picada común,kg,2023 - Febrero,1022.07,2023,Febrero,202302.0
Noreste,Pollo entero,kg,2023 - Febrero,475.59,2023,Febrero,202302.0
Noreste,Aceite de girasol,"1,5 litros",2023 - Febrero,1048.33,2023,Febrero,202302.0
Noreste,Leche fresca entera sachet,Litro,2023 - Febrero,261.88,2023,Febrero,202302.0
Noreste,Huevos de gallina,Docena,2023 - Febrero,427.95,2023,Febrero,202302.0
Noreste,Papa,kg,2023 - Febrero,261.22,2023,Febrero,202302.0
Noreste,Azúcar,kg,2023 - Febrero,297.2,2023,Febrero,202302.0
Noreste,Detergente líquido,750 cc,2023 - Febrero,232.3,2023,Febrero,202302.0
Noreste,Lavandina,1.000 cc,2023 - Febrero,184.53,2023,Febrero,202302.0
Noreste,Jabón de tocador,125 g,2023 - Febrero,180.19,2023,Febrero,202302.0
Noroeste,Pan francés,kg,2023 - Febrero,377.77,2023,Febrero,202302.0
Noroeste,Harina de trigo común,kg,2023 - Febrero,182.99,2023,Febrero,202302.0
Noroeste,Arroz blanco simple,kg,2023 - Febrero,237.42,2023,Febrero,202302.0
Noroeste,Fideos secos tipo guisero,500 g,2023 - Febrero,186.81,2023,Febrero,202302.0
Noroeste,Carne picada común,kg,2023 - Febrero,1016.83,2023,Febrero,202302.0
Noroeste,Pollo entero,kg,2023 - Febrero,487.25,2023,Febrero,202302.0
Noroeste,Aceite de girasol,"1,5 litros",2023 - Febrero,917.15,2023,Febrero,202302.0
Noroeste,Leche fresca entera sachet,Litro,2023 - Febrero,248.61,2023,Febrero,202302.0
Noroeste,Huevos de gallina,Docena,2023 - Febrero,441.23,2023,Febrero,202302.0
Noroeste,Papa,kg,2023 - Febrero,217.49,2023,Febrero,202302.0
Noroeste,Azúcar,kg,2023 - Febrero,274.95,2023,Febrero,202302.0
Noroeste,Detergente líquido,750 cc,2023 - Febrero,253.75,2023,Febrero,202302.0
Noroeste,Lavandina,1.000 cc,2023 - Febrero,174.02,2023,Febrero,202302.0
Noroeste,Jabón de tocador,125 g,2023 - Febrero,180.93,2023,Febrero,202302.0
Cuyo,Pan francés,kg,2023 - Febrero,346.72,2023,Febrero,202302.0
Cuyo,Harina de trigo común,kg,2023 - Febrero,175.38,2023,Febrero,202302.0
Cuyo,Arroz blanco simple,kg,2023 - Febrero,251.57,2023,Febrero,202302.0
Cuyo,Fideos secos tipo guisero,500 g,2023 - Febrero,203.5,2023,Febrero,202302.0
Cuyo,Carne picada común,kg,2023 - Febrero,987.58,2023,Febrero,202302.0
Cuyo,Pollo entero,kg,2023 - Febrero,509.96,2023,Febrero,202302.0
Cuyo,Aceite de girasol,"1,5 litros",2023 - Febrero,899.65,2023,Febrero,202302.0
Cuyo,Leche fresca entera sachet,Litro,2023 - Febrero,275.09,2023,Febrero,202302.0
Cuyo,Huevos de gallina,Docena,2023 - Febrero,482.95,2023,Febrero,202302.0
Cuyo,Papa,kg,2023 - Febrero,279.17,2023,Febrero,202302.0
Cuyo,Azúcar,kg,2023 - Febrero,280.25,2023,Febrero,202302.0
Cuyo,Detergente líquido,750 cc,2023 - Febrero,252.5,2023,Febrero,202302.0
Cuyo,Lavandina,1.000 cc,2023 - Febrero,175.87,2023,Febrero,202302.0
Cuyo,Jabón de tocador,125 g,2023 - Febrero,198.26,2023,Febrero,202302.0
Patagonia,Pan francés,kg,2023 - Febrero,443.53,2023,Febrero,202302.0
Patagonia,Harina de trigo común,kg,2023 - Febrero,193.97,2023,Febrero,202302.0
Patagonia,Arroz blanco simple,kg,2023 - Febrero,256.09,2023,Febrero,202302.0
Patagonia,Fideos secos tipo guisero,500 g,2023 - Febrero,236.23,2023,Febrero,202302.0
Patagonia,Carne picada común,kg,2023 - Febrero,1297.92,2023,Febrero,202302.0
Patagonia,Pollo entero,kg,2023 - Febrero,521.54,2023,Febrero,202302.0
Patagonia,Aceite de girasol,"1,5 litros",2023 - Febrero,785.57,2023,Febrero,202302.0
Patagonia,Leche fresca entera sachet,Litro,2023 - Febrero,264.0,2023,Febrero,202302.0
Patagonia,Huevos de gallina,Docena,2023 - Febrero,497.99,2023,Febrero,202302.0
Patagonia,Papa,kg,2023 - Febrero,331.68,2023,Febrero,202302.0
Patagonia,Azúcar,kg,2023 - Febrero,307.93,2023,Febrero,202302.0
Patagonia,Detergente líquido,750 cc,2023 - Febrero,446.56,2023,Febrero,202302.0
Patagonia,Lavandina,1.000 cc,2023 - Febrero,180.91,2023,Febrero,202302.0
Patagonia,Jabón de tocador,125 g,2023 - Febrero,200.22,2023,Febrero,202302.0
GBA,Pan francés,kg,2023 - Marzo,505.58,2023,Marzo,202303.0
GBA,Harina de trigo común,kg,2023 - Marzo,176.24,2023,Marzo,202303.0
GBA,Arroz blanco simple,kg,2023 - Marzo,242.47,2023,Marzo,202303.0
GBA,Fideos secos tipo guisero,500 g,2023 - Marzo,235.67,2023,Marzo,202303.0
GBA,Carne picada común,kg,2023 - Marzo,1047.42,2023,Marzo,202303.0
GBA,Pollo entero,kg,2023 - Marzo,612.5,2023,Marzo,202303.0
GBA,Aceite de girasol,"1,5 litros",2023 - Marzo,885.92,2023,Marzo,202303.0
GBA,Leche fresca entera sachet,Litro,2023 - Marzo,251.87,2023,Marzo,202303.0
GBA,Huevos de gallina,Docena,2023 - Marzo,616.35,2023,Marzo,202303.0
GBA,Papa,kg,2023 - Marzo,246.9,2023,Marzo,202303.0
GBA,Azúcar,kg,2023 - Marzo,293.61,2023,Marzo,202303.0
GBA,Detergente líquido,750 cc,2023 - Marzo,239.07,2023,Marzo,202303.0
GBA,Lavandina,1.000 cc,2023 - Marzo,181.11,2023,Marzo,202303.0
GBA,Jabón de tocador,125 g,2023 - Marzo,198.87,2023,Marzo,202303.0
Pampeana,Pan francés,kg,2023 - Marzo,435.19,2023,Marzo,202303.0
Pampeana,Harina de trigo común,kg,2023 - Marzo,193.06,2023,Marzo,202303.0
Pampeana,Arroz blanco simple,kg,2023 - Marzo,278.63,2023,Marzo,202303.0
Pampeana,Fideos secos tipo guisero,500 g,2023 - Marzo,228.35,2023,Marzo,202303.0
Pampeana,Carne picada común,kg,2023 - Marzo,1162.93,2023,Marzo,202303.0
Pampeana,Pollo entero,kg,2023 - Marzo,625.95,2023,Marzo,202303.0
Pampeana,Aceite de girasol,"1,5 litros",2023 - Marzo,970.94,2023,Marzo,202303.0
Pampeana,Leche fresca entera sachet,Litro,2023 - Marzo,265.16,2023,Marzo,202303.0
Pampeana,Huevos de gallina,Docena,2023 - Marzo,581.03,2023,Marzo,202303.0
Pampeana,Papa,kg,2023 - Marzo,245.61,2023,Marzo,202303.0
Pampeana,Azúcar,kg,2023 - Marzo,329.13,2023,Marzo,202303.0
Pampeana,Detergente líquido,750 cc,2023 - Marzo,263.39,2023,Marzo,202303.0
Pampeana,Lavandina,1.000 cc,2023 - Marzo,180.79,2023,Marzo,202303.0
Pampeana,Jabón de tocador,125 g,2023 - Marzo,199.96,2023,Marzo,202303.0
Noreste,Pan francés,kg,2023 - Marzo,388.42,2023,Marzo,202303.0
Noreste,Harina de trigo común,kg,2023 - Marzo,201.45,2023,Marzo,202303.0
Noreste,Arroz blanco simple,kg,2023 - Marzo,259.24,2023,Marzo,202303.0
Noreste,Fideos secos tipo guisero,500 g,2023 - Marzo,206.29,2023,Marzo,202303.0
Noreste,Carne picada común,kg,2023 - Marzo,1083.3,2023,Marzo,202303.0
Noreste,Pollo entero,kg,2023 - Marzo,571.72,2023,Marzo,202303.0
Noreste,Aceite de girasol,"1,5 litros",2023 - Marzo,1081.48,2023,Marzo,202303.0
Noreste,Leche fresca entera sachet,Litro,2023 - Marzo,277.25,2023,Marzo,202303.0
Noreste,Huevos de gallina,Docena,2023 - Marzo,564.27,2023,Marzo,202303.0
Noreste,Papa,kg,2023 - Marzo,242.1,2023,Marzo,202303.0
Noreste,Azúcar,kg,2023 - Marzo,342.02,2023,Marzo,202303.0
Noreste,Detergente líquido,750 cc,2023 - Marzo,236.53,2023,Marzo,202303.0
Noreste,Lavandina,1.000 cc,2023 - Marzo,196.61,2023,Marzo,202303.0
Noreste,Jabón de tocador,125 g,2023 - Marzo,189.03,2023,Marzo,202303.0
Noroeste,Pan francés,kg,2023 - Marzo,392.34,2023,Marzo,202303.0
Noroeste,Harina de trigo común,kg,2023 - Marzo,191.58,2023,Marzo,202303.0
Noroeste,Arroz blanco simple,kg,2023 - Marzo,269.53,2023,Marzo,202303.0
Noroeste,Fideos secos tipo guisero,500 g,2023 - Marzo,197.32,2023,Marzo,202303.0
Noroeste,Carne picada común,kg,2023 - Marzo,1144.46,2023,Marzo,202303.0
Noroeste,Pollo entero,kg,2023 - Marzo,597.97,2023,Marzo,202303.0
Noroeste,Aceite de girasol,"1,5 litros",2023 - Marzo,961.87,2023,Marzo,202303.0
Noroeste,Leche fresca entera sachet,Litro,2023 - Marzo,266.71,2023,Marzo,202303.0
Noroeste,Huevos de gallina,Docena,2023 - Marzo,597.96,2023,Marzo,202303.0
Noroeste,Papa,kg,2023 - Marzo,198.82,2023,Marzo,202303.0
Noroeste,Azúcar,kg,2023 - Marzo,314.46,2023,Marzo,202303.0
Noroeste,Detergente líquido,750 cc,2023 - Marzo,254.0,2023,Marzo,202303.0
Noroeste,Lavandina,1.000 cc,2023 - Marzo,183.9,2023,Marzo,202303.0
Noroeste,Jabón de tocador,125 g,2023 - Marzo,187.78,2023,Marzo,202303.0
Cuyo,Pan francés,kg,2023 - Marzo,371.08,2023,Marzo,202303.0
Cuyo,Harina de trigo común,kg,2023 - Marzo,185.16,2023,Marzo,202303.0
Cuyo,Arroz blanco simple,kg,2023 - Marzo,284.04,2023,Marzo,202303.0
Cuyo,Fideos secos tipo guisero,500 g,2023 - Marzo,222.17,2023,Marzo,202303.0
Cuyo,Carne picada común,kg,2023 - Marzo,1108.34,2023,Marzo,202303.0
Cuyo,Pollo entero,kg,2023 - Marzo,621.59,2023,Marzo,202303.0
Cuyo,Aceite de girasol,"1,5 litros",2023 - Marzo,904.08,2023,Marzo,202303.0
Cuyo,Leche fresca entera sachet,Litro,2023 - Marzo,298.74,2023,Marzo,202303.0
Cuyo,Huevos de gallina,Docena,2023 - Marzo,634.51,2023,Marzo,202303.0
Cuyo,Papa,kg,2023 - Marzo,251.67,2023,Marzo,202303.0
Cuyo,Azúcar,kg,2023 - Marzo,320.27,2023,Marzo,202303.0
Cuyo,Detergente líquido,750 cc,2023 - Marzo,269.55,2023,Marzo,202303.0
Cuyo,Lavandina,1.000 cc,2023 - Marzo,185.21,2023,Marzo,202303.0
Cuyo,Jabón de tocador,125 g,2023 - Marzo,204.94,2023,Marzo,202303.0
Patagonia,Pan francés,kg,2023 - Marzo,470.77,2023,Marzo,202303.0
Patagonia,Harina de trigo común,kg,2023 - Marzo,202.6,2023,Marzo,202303.0
Patagonia,Arroz blanco simple,kg,2023 - Marzo,286.95,2023,Marzo,202303.0
Patagonia,Fideos secos tipo guisero,500 g,2023 - Marzo,249.73,2023,Marzo,202303.0
Patagonia,Carne picada común,kg,2023 - Marzo,1465.21,2023,Marzo,202303.0
Patagonia,Pollo entero,kg,2023 - Marzo,597.99,2023,Marzo,202303.0
Patagonia,Aceite de girasol,"1,5 litros",2023 - Marzo,814.0,2023,Marzo,202303.0
Patagonia,Leche fresca entera sachet,Litro,2023 - Marzo,284.11,2023,Marzo,202303.0
Patagonia,Huevos de gallina,Docena,2023 - Marzo,597.3,2023,Marzo,202303.0
Patagonia,Papa,kg,2023 - Marzo,331.93,2023,Marzo,202303.0
Patagonia,Azúcar,kg,2023 - Marzo,331.43,2023,Marzo,202303.0
Patagonia,Detergente líquido,750 cc,2023 - Marzo,469.63,2023,Marzo,202303.0
Patagonia,Lavandina,1.000 cc,2023 - Marzo,187.55,2023,Marzo,202303.0
Patagonia,Jabón de tocador,125 g,2023 - Marzo,205.2,2023,Marzo,202303.0
GBA,Pan francés,kg,2023 - Abril,545.94,2023,Abril,202304.0
GBA,Harina de trigo común,kg,2023 - Abril,185.36,2023,Abril,202304.0
GBA,Arroz blanco simple,kg,2023 - Abril,269.86,2023,Abril,202304.0
GBA,Fideos secos tipo guisero,500 g,2023 - Abril,247.65,2023,Abril,202304.0
GBA,Carne picada común,kg,2023 - Abril,1097.26,2023,Abril,202304.0
GBA,Pollo entero,kg,2023 - Abril,774.33,2023,Abril,202304.0
GBA,Aceite de girasol,"1,5 litros",2023 - Abril,909.17,2023,Abril,202304.0
GBA,Leche fresca entera sachet,Litro,2023 - Abril,271.29,2023,Abril,202304.0
GBA,Huevos de gallina,Docena,2023 - Abril,744.62,2023,Abril,202304.0
GBA,Papa,kg,2023 - Abril,240.82,2023,Abril,202304.0
GBA,Azúcar,kg,2023 - Abril,355.67,2023,Abril,202304.0
GBA,Detergente líquido,750 cc,2023 - Abril,250.43,2023,Abril,202304.0
GBA,Lavandina,1.000 cc,2023 - Abril,188.7,2023,Abril,202304.0
GBA,Jabón de tocador,125 g,2023 - Abril,209.61,2023,Abril,202304.0
Pampeana,Pan francés,kg,2023 - Abril,469.09,2023,Abril,202304.0
Pampeana,Harina de trigo común,kg,2023 - Abril,203.25,2023,Abril,202304.0
Pampeana,Arroz blanco simple,kg,2023 - Abril,316.31,2023,Abril,202304.0
Pampeana,Fideos secos tipo guisero,500 g,2023 - Abril,248.84,2023,Abril,202304.0
Pampeana,Carne picada común,kg,2023 - Abril,1212.53,2023,Abril,202304.0
Pampeana,Pollo entero,kg,2023 - Abril,813.27,2023,Abril,202304.0
Pampeana,Aceite de girasol,"1,5 litros",2023 - Abril,995.23,2023,Abril,202304.0
Pampeana,Leche fresca entera sachet,Litro,2023 - Abril,288.83,2023,Abril,202304.0
Pampeana,Huevos de gallina,Docena,2023 - Abril,711.99,2023,Abril,202304.0
Pampeana,Papa,kg,2023 - Abril,247.0,2023,Abril,202304.0
Pampeana,Azúcar,kg,2023 - Abril,384.78,2023,Abril,202304.0
Pampeana,Detergente líquido,750 cc,2023 - Abril,283.87,2023,Abril,202304.0
Pampeana,Lavandina,1.000 cc,2023 - Abril,193.46,2023,Abril,202304.0
Pampeana,Jabón de tocador,125 g,2023 - Abril,213.07,2023,Abril,202304.0
Noreste,Pan francés,kg,2023 - Abril,423.31,2023,Abril,202304.0
Noreste,Harina de trigo común,kg,2023 - Abril,213.89,2023,Abril,202304.0
Noreste,Arroz blanco simple,kg,2023 - Abril,325.64,2023,Abril,202304.0
Noreste,Fideos secos tipo guisero,500 g,2023 - Abril,219.87,2023,Abril,202304.0
Noreste,Carne picada común,kg,2023 - Abril,1128.32,2023,Abril,202304.0
Noreste,Pollo entero,kg,2023 - Abril,738.11,2023,Abril,202304.0
Noreste,Aceite de girasol,"1,5 litros",2023 - Abril,1123.36,2023,Abril,202304.0
Noreste,Leche fresca entera sachet,Litro,2023 - Abril,302.1,2023,Abril,202304.0
Noreste,Huevos de gallina,Docena,2023 - Abril,660.38,2023,Abril,202304.0
Noreste,Papa,kg,2023 - Abril,232.38,2023,Abril,202304.0
Noreste,Azúcar,kg,2023 - Abril,394.36,2023,Abril,202304.0
Noreste,Detergente líquido,750 cc,2023 - Abril,262.44,2023,Abril,202304.0
Noreste,Lavandina,1.000 cc,2023 - Abril,211.36,2023,Abril,202304.0
Noreste,Jabón de tocador,125 g,2023 - Abril,203.78,2023,Abril,202304.0
Noroeste,Pan francés,kg,2023 - Abril,418.43,2023,Abril,202304.0
Noroeste,Harina de trigo común,kg,2023 - Abril,205.93,2023,Abril,202304.0
Noroeste,Arroz blanco simple,kg,2023 - Abril,314.08,2023,Abril,202304.0
Noroeste,Fideos secos tipo guisero,500 g,2023 - Abril,216.07,2023,Abril,202304.0
Noroeste,Carne picada común,kg,2023 - Abril,1188.62,2023,Abril,202304.0
Noroeste,Pollo entero,kg,2023 - Abril,772.67,2023,Abril,202304.0
Noroeste,Aceite de girasol,"1,5 litros",2023 - Abril,988.26,2023,Abril,202304.0
Noroeste,Leche fresca entera sachet,Litro,2023 - Abril,288.13,2023,Abril,202304.0
Noroeste,Huevos de gallina,Docena,2023 - Abril,654.31,2023,Abril,202304.0
Noroeste,Papa,kg,2023 - Abril,197.21,2023,Abril,202304.0
Noroeste,Azúcar,kg,2023 - Abril,364.78,2023,Abril,202304.0
Noroeste,Detergente líquido,750 cc,2023 - Abril,271.64,2023,Abril,202304.0
Noroeste,Lavandina,1.000 cc,2023 - Abril,198.42,2023,Abril,202304.0
Noroeste,Jabón de tocador,125 g,2023 - Abril,200.88,2023,Abril,202304.0
Cuyo,Pan francés,kg,2023 - Abril,405.84,2023,Abril,202304.0
Cuyo,Harina de trigo común,kg,2023 - Abril,187.65,2023,Abril,202304.0
Cuyo,Arroz blanco simple,kg,2023 - Abril,316.55,2023,Abril,202304.0
Cuyo,Fideos secos tipo guisero,500 g,2023 - Abril,239.0,2023,Abril,202304.0
Cuyo,Carne picada común,kg,2023 - Abril,1120.37,2023,Abril,202304.0
Cuyo,Pollo entero,kg,2023 - Abril,785.87,2023,Abril,202304.0
Cuyo,Aceite de girasol,"1,5 litros",2023 - Abril,935.37,2023,Abril,202304.0
Cuyo,Leche fresca entera sachet,Litro,2023 - Abril,320.08,2023,Abril,202304.0
Cuyo,Huevos de gallina,Docena,2023 - Abril,781.85,2023,Abril,202304.0
Cuyo,Papa,kg,2023 - Abril,250.66,2023,Abril,202304.0
Cuyo,Azúcar,kg,2023 - Abril,366.16,2023,Abril,202304.0
Cuyo,Detergente líquido,750 cc,2023 - Abril,267.08,2023,Abril,202304.0
Cuyo,Lavandina,1.000 cc,2023 - Abril,196.89,2023,Abril,202304.0
Cuyo,Jabón de tocador,125 g,2023 - Abril,216.72,2023,Abril,202304.0
Patagonia,Pan francés,kg,2023 - Abril,497.85,2023,Abril,202304.0
Patagonia,Harina de trigo común,kg,2023 - Abril,214.81,2023,Abril,202304.0
Patagonia,Arroz blanco simple,kg,2023 - Abril,322.46,2023,Abril,202304.0
Patagonia,Fideos secos tipo guisero,500 g,2023 - Abril,271.99,2023,Abril,202304.0
Patagonia,Carne picada común,kg,2023 - Abril,1563.88,2023,Abril,202304.0
Patagonia,Pollo entero,kg,2023 - Abril,782.18,2023,Abril,202304.0
Patagonia,Aceite de girasol,"1,5 litros",2023 - Abril,890.99,2023,Abril,202304.0
Patagonia,Leche fresca entera sachet,Litro,2023 - Abril,306.87,2023,Abril,202304.0
Patagonia,Huevos de gallina,Docena,2023 - Abril,745.09,2023,Abril,202304.0
Patagonia,Papa,kg,2023 - Abril,336.76,2023,Abril,202304.0
Patagonia,Azúcar,kg,2023 - Abril,354.25,2023,Abril,202304.0
Patagonia,Detergente líquido,750 cc,2023 - Abril,499.76,2023,Abril,202304.0
Patagonia,Lavandina,1.000 cc,2023 - Abril,200.24,2023,Abril,202304.0
Patagonia,Jabón de tocador,125 g,2023 - Abril,218.15,2023,Abril,202304.0
GBA,Pan francés,kg,2023 - Mayo,617.19,2023,Mayo,202305.0
GBA,Harina de trigo común,kg,2023 - Mayo,193.13,2023,Mayo,202305.0
GBA,Arroz blanco simple,kg,2023 - Mayo,318.44,2023,Mayo,202305.0
GBA,Fideos secos tipo guisero,500 g,2023 - Mayo,278.12,2023,Mayo,202305.0
GBA,Carne picada común,kg,2023 - Mayo,1146.09,2023,Mayo,202305.0
GBA,Pollo entero,kg,2023 - Mayo,726.36,2023,Mayo,202305.0
GBA,Aceite de girasol,"1,5 litros",2023 - Mayo,928.68,2023,Mayo,202305.0
GBA,Leche fresca entera sachet,Litro,2023 - Mayo,293.3,2023,Mayo,202305.0
GBA,Huevos de gallina,Docena,2023 - Mayo,812.81,2023,Mayo,202305.0
GBA,Papa,kg,2023 - Mayo,251.59,2023,Mayo,202305.0
GBA,Azúcar,kg,2023 - Mayo,459.16,2023,Mayo,202305.0
GBA,Detergente líquido,750 cc,2023 - Mayo,271.33,2023,Mayo,202305.0
GBA,Lavandina,1.000 cc,2023 - Mayo,203.16,2023,Mayo,202305.0
GBA,Jabón de tocador,125 g,2023 - Mayo,217.53,2023,Mayo,202305.0
Pampeana,Pan francés,kg,2023 - Mayo,513.29,2023,Mayo,202305.0
Pampeana,Harina de trigo común,kg,2023 - Mayo,214.44,2023,Mayo,202305.0
Pampeana,Arroz blanco simple,kg,2023 - Mayo,380.88,2023,Mayo,202305.0
Pampeana,Fideos secos tipo guisero,500 g,2023 - Mayo,275.71,2023,Mayo,202305.0
Pampeana,Carne picada común,kg,2023 - Mayo,1267.9,2023,Mayo,202305.0
Pampeana,Pollo entero,kg,2023 - Mayo,751.79,2023,Mayo,202305.0
Pampeana,Aceite de girasol,"1,5 litros",2023 - Mayo,1039.92,2023,Mayo,202305.0
Pampeana,Leche fresca entera sachet,Litro,2023 - Mayo,319.85,2023,Mayo,202305.0
Pampeana,Huevos de gallina,Docena,2023 - Mayo,784.22,2023,Mayo,202305.0
Pampeana,Papa,kg,2023 - Mayo,251.06,2023,Mayo,202305.0
Pampeana,Azúcar,kg,2023 - Mayo,469.44,2023,Mayo,202305.0
Pampeana,Detergente líquido,750 cc,2023 - Mayo,319.38,2023,Mayo,202305.0
Pampeana,Lavandina,1.000 cc,2023 - Mayo,208.55,2023,Mayo,202305.0
Pampeana,Jabón de tocador,125 g,2023 - Mayo,226.09,2023,Mayo,202305.0
Noreste,Pan francés,kg,2023 - Mayo,460.03,2023,Mayo,202305.0
Noreste,Harina de trigo común,kg,2023 - Mayo,225.85,2023,Mayo,202305.0
Noreste,Arroz blanco simple,kg,2023 - Mayo,397.52,2023,Mayo,202305.0
Noreste,Fideos secos tipo guisero,500 g,2023 - Mayo,239.76,2023,Mayo,202305.0
Noreste,Carne picada común,kg,2023 - Mayo,1156.35,2023,Mayo,202305.0
Noreste,Pollo entero,kg,2023 - Mayo,647.21,2023,Mayo,202305.0
Noreste,Aceite de girasol,"1,5 litros",2023 - Mayo,1192.42,2023,Mayo,202305.0
Noreste,Leche fresca entera sachet,Litro,2023 - Mayo,338.47,2023,Mayo,202305.0
Noreste,Huevos de gallina,Docena,2023 - Mayo,710.82,2023,Mayo,202305.0
Noreste,Papa,kg,2023 - Mayo,238.85,2023,Mayo,202305.0
Noreste,Azúcar,kg,2023 - Mayo,496.54,2023,Mayo,202305.0
Noreste,Detergente líquido,750 cc,2023 - Mayo,279.26,2023,Mayo,202305.0
Noreste,Lavandina,1.000 cc,2023 - Mayo,231.41,2023,Mayo,202305.0
Noreste,Jabón de tocador,125 g,2023 - Mayo,219.98,2023,Mayo,202305.0
Noroeste,Pan francés,kg,2023 - Mayo,464.67,2023,Mayo,202305.0
Noroeste,Harina de trigo común,kg,2023 - Mayo,216.66,2023,Mayo,202305.0
Noroeste,Arroz blanco simple,kg,2023 - Mayo,382.07,2023,Mayo,202305.0
Noroeste,Fideos secos tipo guisero,500 g,2023 - Mayo,238.01,2023,Mayo,202305.0
Noroeste,Carne picada común,kg,2023 - Mayo,1252.21,2023,Mayo,202305.0
Noroeste,Pollo entero,kg,2023 - Mayo,715.22,2023,Mayo,202305.0
Noroeste,Aceite de girasol,"1,5 litros",2023 - Mayo,1042.46,2023,Mayo,202305.0
Noroeste,Leche fresca entera sachet,Litro,2023 - Mayo,319.65,2023,Mayo,202305.0
Noroeste,Huevos de gallina,Docena,2023 - Mayo,742.78,2023,Mayo,202305.0
Noroeste,Papa,kg,2023 - Mayo,202.5,2023,Mayo,202305.0
Noroeste,Azúcar,kg,2023 - Mayo,467.54,2023,Mayo,202305.0
Noroeste,Detergente líquido,750 cc,2023 - Mayo,307.25,2023,Mayo,202305.0
Noroeste,Lavandina,1.000 cc,2023 - Mayo,217.48,2023,Mayo,202305.0
Noroeste,Jabón de tocador,125 g,2023 - Mayo,214.75,2023,Mayo,202305.0
Cuyo,Pan francés,kg,2023 - Mayo,442.99,2023,Mayo,202305.0
Cuyo,Harina de trigo común,kg,2023 - Mayo,200.62,2023,Mayo,202305.0
Cuyo,Arroz blanco simple,kg,2023 - Mayo,373.97,2023,Mayo,202305.0
Cuyo,Fideos secos tipo guisero,500 g,2023 - Mayo,257.25,2023,Mayo,202305.0
Cuyo,Carne picada común,kg,2023 - Mayo,1141.3,2023,Mayo,202305.0
Cuyo,Pollo entero,kg,2023 - Mayo,745.39,2023,Mayo,202305.0
Cuyo,Aceite de girasol,"1,5 litros",2023 - Mayo,993.22,2023,Mayo,202305.0
Cuyo,Leche fresca entera sachet,Litro,2023 - Mayo,351.32,2023,Mayo,202305.0
Cuyo,Huevos de gallina,Docena,2023 - Mayo,851.93,2023,Mayo,202305.0
Cuyo,Papa,kg,2023 - Mayo,271.13,2023,Mayo,202305.0
Cuyo,Azúcar,kg,2023 - Mayo,475.16,2023,Mayo,202305.0
Cuyo,Detergente líquido,750 cc,2023 - Mayo,287.73,2023,Mayo,202305.0
Cuyo,Lavandina,1.000 cc,2023 - Mayo,213.38,2023,Mayo,202305.0
Cuyo,Jabón de tocador,125 g,2023 - Mayo,227.33,2023,Mayo,202305.0
Patagonia,Pan francés,kg,2023 - Mayo,536.01,2023,Mayo,202305.0
Patagonia,Harina de trigo común,kg,2023 - Mayo,220.43,2023,Mayo,202305.0
Patagonia,Arroz blanco simple,kg,2023 - Mayo,363.65,2023,Mayo,202305.0
Patagonia,Fideos secos tipo guisero,500 g,2023 - Mayo,296.46,2023,Mayo,202305.0
Patagonia,Carne picada común,kg,2023 - Mayo,1638.25,2023,Mayo,202305.0
Patagonia,Pollo entero,kg,2023 - Mayo,790.18,2023,Mayo,202305.0
Patagonia,Aceite de girasol,"1,5 litros",2023 - Mayo,912.84,2023,Mayo,202305.0
Patagonia,Leche fresca entera sachet,Litro,2023 - Mayo,331.75,2023,Mayo,202305.0
Patagonia,Huevos de gallina,Docena,2023 - Mayo,881.59,2023,Mayo,202305.0
Patagonia,Papa,kg,2023 - Mayo,339.01,2023,Mayo,202305.0
Patagonia,Azúcar,kg,2023 - Mayo,412.35,2023,Mayo,202305.0
Patagonia,Detergente líquido,750 cc,2023 - Mayo,533.14,2023,Mayo,202305.0
Patagonia,Lavandina,1.000 cc,2023 - Mayo,213.94,2023,Mayo,202305.0
Patagonia,Jabón de tocador,125 g,2023 - Mayo,229.81,2023,Mayo,202305.0
GBA,Pan francés,kg,2023 - Junio,698.16,2023,Junio,202306.0
GBA,Harina de trigo común,kg,2023 - Junio,196.65,2023,Junio,202306.0
GBA,Arroz blanco simple,kg,2023 - Junio,358.85,2023,Junio,202306.0
GBA,Fideos secos tipo guisero,500 g,2023 - Junio,308.03,2023,Junio,202306.0
GBA,Carne picada común,kg,2023 - Junio,1172.34,2023,Junio,202306.0
GBA,Pollo entero,kg,2023 - Junio,687.76,2023,Junio,202306.0
GBA,Aceite de girasol,"1,5 litros",2023 - Junio,950.1,2023,Junio,202306.0
GBA,Leche fresca entera sachet,Litro,2023 - Junio,309.63,2023,Junio,202306.0
GBA,Huevos de gallina,Docena,2023 - Junio,856.34,2023,Junio,202306.0
GBA,Papa,kg,2023 - Junio,313.8,2023,Junio,202306.0
GBA,Azúcar,kg,2023 - Junio,614.94,2023,Junio,202306.0
GBA,Detergente líquido,750 cc,2023 - Junio,292.53,2023,Junio,202306.0
GBA,Lavandina,1.000 cc,2023 - Junio,219.2,2023,Junio,202306.0
GBA,Jabón de tocador,125 g,2023 - Junio,234.4,2023,Junio,202306.0
Pampeana,Pan francés,kg,2023 - Junio,561.86,2023,Junio,202306.0
Pampeana,Harina de trigo común,kg,2023 - Junio,227.08,2023,Junio,202306.0
Pampeana,Arroz blanco simple,kg,2023 - Junio,426.58,2023,Junio,202306.0
Pampeana,Fideos secos tipo guisero,500 g,2023 - Junio,300.04,2023,Junio,202306.0
Pampeana,Carne picada común,kg,2023 - Junio,1289.23,2023,Junio,202306.0
Pampeana,Pollo entero,kg,2023 - Junio,735.41,2023,Junio,202306.0
Pampeana,Aceite de girasol,"1,5 litros",2023 - Junio,1063.64,2023,Junio,202306.0
Pampeana,Leche fresca entera sachet,Litro,2023 - Junio,345.83,2023,Junio,202306.0
Pampeana,Huevos de gallina,Docena,2023 - Junio,824.91,2023,Junio,202306.0
Pampeana,Papa,kg,2023 - Junio,315.42,2023,Junio,202306.0
Pampeana,Azúcar,kg,2023 - Junio,596.22,2023,Junio,202306.0
Pampeana,Detergente líquido,750 cc,2023 - Junio,342.35,2023,Junio,202306.0
Pampeana,Lavandina,1.000 cc,2023 - Junio,220.98,2023,Junio,202306.0
Pampeana,Jabón de tocador,125 g,2023 - Junio,237.24,2023,Junio,202306.0
Noreste,Pan francés,kg,2023 - Junio,505.39,2023,Junio,202306.0
Noreste,Harina de trigo común,kg,2023 - Junio,241.83,2023,Junio,202306.0
Noreste,Arroz blanco simple,kg,2023 - Junio,477.92,2023,Junio,202306.0
Noreste,Fideos secos tipo guisero,500 g,2023 - Junio,255.72,2023,Junio,202306.0
Noreste,Carne picada común,kg,2023 - Junio,1192.07,2023,Junio,202306.0
Noreste,Pollo entero,kg,2023 - Junio,639.12,2023,Junio,202306.0
Noreste,Aceite de girasol,"1,5 litros",2023 - Junio,1213.47,2023,Junio,202306.0
Noreste,Leche fresca entera sachet,Litro,2023 - Junio,372.59,2023,Junio,202306.0
Noreste,Huevos de gallina,Docena,2023 - Junio,749.97,2023,Junio,202306.0
Noreste,Papa,kg,2023 - Junio,299.99,2023,Junio,202306.0
Noreste,Azúcar,kg,2023 - Junio,613.79,2023,Junio,202306.0
Noreste,Detergente líquido,750 cc,2023 - Junio,322.87,2023,Junio,202306.0
Noreste,Lavandina,1.000 cc,2023 - Junio,243.47,2023,Junio,202306.0
Noreste,Jabón de tocador,125 g,2023 - Junio,240.31,2023,Junio,202306.0
Noroeste,Pan francés,kg,2023 - Junio,495.66,2023,Junio,202306.0
Noroeste,Harina de trigo común,kg,2023 - Junio,228.67,2023,Junio,202306.0
Noroeste,Arroz blanco simple,kg,2023 - Junio,438.9,2023,Junio,202306.0
Noroeste,Fideos secos tipo guisero,500 g,2023 - Junio,258.04,2023,Junio,202306.0
Noroeste,Carne picada común,kg,2023 - Junio,1267.02,2023,Junio,202306.0
Noroeste,Pollo entero,kg,2023 - Junio,682.49,2023,Junio,202306.0
Noroeste,Aceite de girasol,"1,5 litros",2023 - Junio,1080.99,2023,Junio,202306.0
Noroeste,Leche fresca entera sachet,Litro,2023 - Junio,348.59,2023,Junio,202306.0
Noroeste,Huevos de gallina,Docena,2023 - Junio,764.31,2023,Junio,202306.0
Noroeste,Papa,kg,2023 - Junio,269.38,2023,Junio,202306.0
Noroeste,Azúcar,kg,2023 - Junio,553.08,2023,Junio,202306.0
Noroeste,Detergente líquido,750 cc,2023 - Junio,340.64,2023,Junio,202306.0
Noroeste,Lavandina,1.000 cc,2023 - Junio,237.17,2023,Junio,202306.0
Noroeste,Jabón de tocador,125 g,2023 - Junio,230.59,2023,Junio,202306.0
Cuyo,Pan francés,kg,2023 - Junio,473.83,2023,Junio,202306.0
Cuyo,Harina de trigo común,kg,2023 - Junio,208.52,2023,Junio,202306.0
Cuyo,Arroz blanco simple,kg,2023 - Junio,433.65,2023,Junio,202306.0
Cuyo,Fideos secos tipo guisero,500 g,2023 - Junio,277.84,2023,Junio,202306.0
Cuyo,Carne picada común,kg,2023 - Junio,1151.6,2023,Junio,202306.0
Cuyo,Pollo entero,kg,2023 - Junio,745.08,2023,Junio,202306.0
Cuyo,Aceite de girasol,"1,5 litros",2023 - Junio,1016.96,2023,Junio,202306.0
Cuyo,Leche fresca entera sachet,Litro,2023 - Junio,369.73,2023,Junio,202306.0
Cuyo,Huevos de gallina,Docena,2023 - Junio,884.1,2023,Junio,202306.0
Cuyo,Papa,kg,2023 - Junio,330.17,2023,Junio,202306.0
Cuyo,Azúcar,kg,2023 - Junio,585.41,2023,Junio,202306.0
Cuyo,Detergente líquido,750 cc,2023 - Junio,322.1,2023,Junio,202306.0
Cuyo,Lavandina,1.000 cc,2023 - Junio,226.17,2023,Junio,202306.0
Cuyo,Jabón de tocador,125 g,2023 - Junio,235.89,2023,Junio,202306.0
Patagonia,Pan francés,kg,2023 - Junio,586.62,2023,Junio,202306.0
Patagonia,Harina de trigo común,kg,2023 - Junio,228.18,2023,Junio,202306.0
Patagonia,Arroz blanco simple,kg,2023 - Junio,420.36,2023,Junio,202306.0
Patagonia,Fideos secos tipo guisero,500 g,2023 - Junio,314.99,2023,Junio,202306.0
Patagonia,Carne picada común,kg,2023 - Junio,1632.55,2023,Junio,202306.0
Patagonia,Pollo entero,kg,2023 - Junio,780.44,2023,Junio,202306.0
Patagonia,Aceite de girasol,"1,5 litros",2023 - Junio,924.12,2023,Junio,202306.0
Patagonia,Leche fresca entera sachet,Litro,2023 - Junio,351.89,2023,Junio,202306.0
Patagonia,Huevos de gallina,Docena,2023 - Junio,943.79,2023,Junio,202306.0
Patagonia,Papa,kg,2023 - Junio,397.92,2023,Junio,202306.0
Patagonia,Azúcar,kg,2023 - Junio,574.81,2023,Junio,202306.0
Patagonia,Detergente líquido,750 cc,2023 - Junio,548.97,2023,Junio,202306.0
Patagonia,Lavandina,1.000 cc,2023 - Junio,227.34,2023,Junio,202306.0
Patagonia,Jabón de tocador,125 g,2023 - Junio,241.43,2023,Junio,202306.0
GBA,Pan francés,kg,2023 - Julio,756.05,2023,Julio,202307.0
GBA,Harina de trigo común,kg,2023 - Julio,207.44,2023,Julio,202307.0
GBA,Arroz blanco simple,kg,2023 - Julio,403.18,2023,Julio,202307.0
GBA,Fideos secos tipo guisero,500 g,2023 - Julio,327.01,2023,Julio,202307.0
GBA,Carne picada común,kg,2023 - Julio,1221.66,2023,Julio,202307.0
GBA,Pollo entero,kg,2023 - Julio,696.94,2023,Julio,202307.0
GBA,Aceite de girasol,"1,5 litros",2023 - Julio,964.8,2023,Julio,202307.0
GBA,Leche fresca entera sachet,Litro,2023 - Julio,330.57,2023,Julio,202307.0
GBA,Huevos de gallina,Docena,2023 - Julio,890.31,2023,Julio,202307.0
GBA,Papa,kg,2023 - Julio,420.69,2023,Julio,202307.0
GBA,Azúcar,kg,2023 - Julio,719.94,2023,Julio,202307.0
GBA,Detergente líquido,750 cc,2023 - Julio,306.16,2023,Julio,202307.0
GBA,Lavandina,1.000 cc,2023 - Julio,236.34,2023,Julio,202307.0
GBA,Jabón de tocador,125 g,2023 - Julio,246.2,2023,Julio,202307.0
Pampeana,Pan francés,kg,2023 - Julio,598.07,2023,Julio,202307.0
Pampeana,Harina de trigo común,kg,2023 - Julio,240.02,2023,Julio,202307.0
Pampeana,Arroz blanco simple,kg,2023 - Julio,476.92,2023,Julio,202307.0
Pampeana,Fideos secos tipo guisero,500 g,2023 - Julio,322.41,2023,Julio,202307.0
Pampeana,Carne picada común,kg,2023 - Julio,1353.23,2023,Julio,202307.0
Pampeana,Pollo entero,kg,2023 - Julio,723.94,2023,Julio,202307.0
Pampeana,Aceite de girasol,"1,5 litros",2023 - Julio,1086.79,2023,Julio,202307.0
Pampeana,Leche fresca entera sachet,Litro,2023 - Julio,368.89,2023,Julio,202307.0
Pampeana,Huevos de gallina,Docena,2023 - Julio,863.16,2023,Julio,202307.0
Pampeana,Papa,kg,2023 - Julio,409.93,2023,Julio,202307.0
Pampeana,Azúcar,kg,2023 - Julio,659.84,2023,Julio,202307.0
Pampeana,Detergente líquido,750 cc,2023 - Julio,366.04,2023,Julio,202307.0
Pampeana,Lavandina,1.000 cc,2023 - Julio,237.03,2023,Julio,202307.0
Pampeana,Jabón de tocador,125 g,2023 - Julio,248.49,2023,Julio,202307.0
Noreste,Pan francés,kg,2023 - Julio,531.95,2023,Julio,202307.0
Noreste,Harina de trigo común,kg,2023 - Julio,250.94,2023,Julio,202307.0
Noreste,Arroz blanco simple,kg,2023 - Julio,509.05,2023,Julio,202307.0
Noreste,Fideos secos tipo guisero,500 g,2023 - Julio,274.05,2023,Julio,202307.0
Noreste,Carne picada común,kg,2023 - Julio,1242.52,2023,Julio,202307.0
Noreste,Pollo entero,kg,2023 - Julio,647.62,2023,Julio,202307.0
Noreste,Aceite de girasol,"1,5 litros",2023 - Julio,1252.77,2023,Julio,202307.0
Noreste,Leche fresca entera sachet,Litro,2023 - Julio,391.46,2023,Julio,202307.0
Noreste,Huevos de gallina,Docena,2023 - Julio,784.19,2023,Julio,202307.0
Noreste,Papa,kg,2023 - Julio,371.24,2023,Julio,202307.0
Noreste,Azúcar,kg,2023 - Julio,657.83,2023,Julio,202307.0
Noreste,Detergente líquido,750 cc,2023 - Julio,342.13,2023,Julio,202307.0
Noreste,Lavandina,1.000 cc,2023 - Julio,263.48,2023,Julio,202307.0
Noreste,Jabón de tocador,125 g,2023 - Julio,245.95,2023,Julio,202307.0
Noroeste,Pan francés,kg,2023 - Julio,521.77,2023,Julio,202307.0
Noroeste,Harina de trigo común,kg,2023 - Julio,241.17,2023,Julio,202307.0
Noroeste,Arroz blanco simple,kg,2023 - Julio,485.66,2023,Julio,202307.0
Noroeste,Fideos secos tipo guisero,500 g,2023 - Julio,281.51,2023,Julio,202307.0
Noroeste,Carne picada común,kg,2023 - Julio,1311.37,2023,Julio,202307.0
Noroeste,Pollo entero,kg,2023 - Julio,680.52,2023,Julio,202307.0
Noroeste,Aceite de girasol,"1,5 litros",2023 - Julio,1105.33,2023,Julio,202307.0
Noroeste,Leche fresca entera sachet,Litro,2023 - Julio,373.51,2023,Julio,202307.0
Noroeste,Huevos de gallina,Docena,2023 - Julio,790.46,2023,Julio,202307.0
Noroeste,Papa,kg,2023 - Julio,350.66,2023,Julio,202307.0
Noroeste,Azúcar,kg,2023 - Julio,605.25,2023,Julio,202307.0
Noroeste,Detergente líquido,750 cc,2023 - Julio,362.79,2023,Julio,202307.0
Noroeste,Lavandina,1.000 cc,2023 - Julio,251.72,2023,Julio,202307.0
Noroeste,Jabón de tocador,125 g,2023 - Julio,238.21,2023,Julio,202307.0
Cuyo,Pan francés,kg,2023 - Julio,500.31,2023,Julio,202307.0
Cuyo,Harina de trigo común,kg,2023 - Julio,218.73,2023,Julio,202307.0
Cuyo,Arroz blanco simple,kg,2023 - Julio,483.15,2023,Julio,202307.0
Cuyo,Fideos secos tipo guisero,500 g,2023 - Julio,307.8,2023,Julio,202307.0
Cuyo,Carne picada común,kg,2023 - Julio,1179.42,2023,Julio,202307.0
Cuyo,Pollo entero,kg,2023 - Julio,749.02,2023,Julio,202307.0
Cuyo,Aceite de girasol,"1,5 litros",2023 - Julio,1041.45,2023,Julio,202307.0
Cuyo,Leche fresca entera sachet,Litro,2023 - Julio,386.02,2023,Julio,202307.0
Cuyo,Huevos de gallina,Docena,2023 - Julio,936.41,2023,Julio,202307.0
Cuyo,Papa,kg,2023 - Julio,423.31,2023,Julio,202307.0
Cuyo,Azúcar,kg,2023 - Julio,664.1,2023,Julio,202307.0
Cuyo,Detergente líquido,750 cc,2023 - Julio,356.03,2023,Julio,202307.0
Cuyo,Lavandina,1.000 cc,2023 - Julio,235.95,2023,Julio,202307.0
Cuyo,Jabón de tocador,125 g,2023 - Julio,248.16,2023,Julio,202307.0
Patagonia,Pan francés,kg,2023 - Julio,614.63,2023,Julio,202307.0
Patagonia,Harina de trigo común,kg,2023 - Julio,241.76,2023,Julio,202307.0
Patagonia,Arroz blanco simple,kg,2023 - Julio,510.02,2023,Julio,202307.0
Patagonia,Fideos secos tipo guisero,500 g,2023 - Julio,355.24,2023,Julio,202307.0
Patagonia,Carne picada común,kg,2023 - Julio,1713.09,2023,Julio,202307.0
Patagonia,Pollo entero,kg,2023 - Julio,789.27,2023,Julio,202307.0
Patagonia,Aceite de girasol,"1,5 litros",2023 - Julio,920.41,2023,Julio,202307.0
Patagonia,Leche fresca entera sachet,Litro,2023 - Julio,381.25,2023,Julio,202307.0
Patagonia,Huevos de gallina,Docena,2023 - Julio,999.45,2023,Julio,202307.0
Patagonia,Papa,kg,2023 - Julio,497.57,2023,Julio,202307.0
Patagonia,Azúcar,kg,2023 - Julio,714.13,2023,Julio,202307.0
Patagonia,Detergente líquido,750 cc,2023 - Julio,694.67,2023,Julio,202307.0
Patagonia,Lavandina,1.000 cc,2023 - Julio,255.06,2023,Julio,202307.0
Patagonia,Jabón de tocador,125 g,2023 - Julio,255.59,2023,Julio,202307.0
GBA,Pan francés,kg,2023 - Agosto,861.81,2023,Agosto,202308.0
GBA,Harina de trigo común,kg,2023 - Agosto,222.91,2023,Agosto,202308.0
GBA,Arroz blanco simple,kg,2023 - Agosto,460.4,2023,Agosto,202308.0
GBA,Fideos secos tipo guisero,500 g,2023 - Agosto,347.03,2023,Agosto,202308.0
GBA,Carne picada común,kg,2023 - Agosto,1702.55,2023,Agosto,202308.0
GBA,Pollo entero,kg,2023 - Agosto,840.37,2023,Agosto,202308.0
GBA,Aceite de girasol,"1,5 litros",2023 - Agosto,1026.0,2023,Agosto,202308.0
GBA,Leche fresca entera sachet,Litro,2023 - Agosto,357.21,2023,Agosto,202308.0
GBA,Huevos de gallina,Docena,2023 - Agosto,1050.63,2023,Agosto,202308.0
GBA,Papa,kg,2023 - Agosto,539.83,2023,Agosto,202308.0
GBA,Azúcar,kg,2023 - Agosto,761.15,2023,Agosto,202308.0
GBA,Detergente líquido,750 cc,2023 - Agosto,319.49,2023,Agosto,202308.0
GBA,Lavandina,1.000 cc,2023 - Agosto,257.14,2023,Agosto,202308.0
GBA,Jabón de tocador,125 g,2023 - Agosto,260.56,2023,Agosto,202308.0
Pampeana,Pan francés,kg,2023 - Agosto,671.81,2023,Agosto,202308.0
Pampeana,Harina de trigo común,kg,2023 - Agosto,258.46,2023,Agosto,202308.0
Pampeana,Arroz blanco simple,kg,2023 - Agosto,550.68,2023,Agosto,202308.0
Pampeana,Fideos secos tipo guisero,500 g,2023 - Agosto,355.7,2023,Agosto,202308.0
Pampeana,Carne picada común,kg,2023 - Agosto,1781.09,2023,Agosto,202308.0
Pampeana,Pollo entero,kg,2023 - Agosto,868.69,2023,Agosto,202308.0
Pampeana,Aceite de girasol,"1,5 litros",2023 - Agosto,1151.87,2023,Agosto,202308.0
Pampeana,Leche fresca entera sachet,Litro,2023 - Agosto,397.44,2023,Agosto,202308.0
Pampeana,Huevos de gallina,Docena,2023 - Agosto,971.76,2023,Agosto,202308.0
Pampeana,Papa,kg,2023 - Agosto,524.72,2023,Agosto,202308.0
Pampeana,Azúcar,kg,2023 - Agosto,755.39,2023,Agosto,202308.0
Pampeana,Detergente líquido,750 cc,2023 - Agosto,395.62,2023,Agosto,202308.0
Pampeana,Lavandina,1.000 cc,2023 - Agosto,255.06,2023,Agosto,202308.0
Pampeana,Jabón de tocador,125 g,2023 - Agosto,266.09,2023,Agosto,202308.0
Noreste,Pan francés,kg,2023 - Agosto,597.68,2023,Agosto,202308.0
Noreste,Harina de trigo común,kg,2023 - Agosto,273.29,2023,Agosto,202308.0
Noreste,Arroz blanco simple,kg,2023 - Agosto,573.79,2023,Agosto,202308.0
Noreste,Fideos secos tipo guisero,500 g,2023 - Agosto,310.15,2023,Agosto,202308.0
Noreste,Carne picada común,kg,2023 - Agosto,1582.72,2023,Agosto,202308.0
Noreste,Pollo entero,kg,2023 - Agosto,775.01,2023,Agosto,202308.0
Noreste,Aceite de girasol,"1,5 litros",2023 - Agosto,1358.07,2023,Agosto,202308.0
Noreste,Leche fresca entera sachet,Litro,2023 - Agosto,427.9,2023,Agosto,202308.0
Noreste,Huevos de gallina,Docena,2023 - Agosto,866.91,2023,Agosto,202308.0
Noreste,Papa,kg,2023 - Agosto,508.23,2023,Agosto,202308.0
Noreste,Azúcar,kg,2023 - Agosto,804.03,2023,Agosto,202308.0
Noreste,Detergente líquido,750 cc,2023 - Agosto,406.79,2023,Agosto,202308.0
Noreste,Lavandina,1.000 cc,2023 - Agosto,292.05,2023,Agosto,202308.0
Noreste,Jabón de tocador,125 g,2023 - Agosto,279.08,2023,Agosto,202308.0
Noroeste,Pan francés,kg,2023 - Agosto,605.62,2023,Agosto,202308.0
Noroeste,Harina de trigo común,kg,2023 - Agosto,260.28,2023,Agosto,202308.0
Noroeste,Arroz blanco simple,kg,2023 - Agosto,555.57,2023,Agosto,202308.0
Noroeste,Fideos secos tipo guisero,500 g,2023 - Agosto,318.17,2023,Agosto,202308.0
Noroeste,Carne picada común,kg,2023 - Agosto,1714.84,2023,Agosto,202308.0
Noroeste,Pollo entero,kg,2023 - Agosto,823.32,2023,Agosto,202308.0
Noroeste,Aceite de girasol,"1,5 litros",2023 - Agosto,1170.53,2023,Agosto,202308.0
Noroeste,Leche fresca entera sachet,Litro,2023 - Agosto,401.44,2023,Agosto,202308.0
Noroeste,Huevos de gallina,Docena,2023 - Agosto,930.03,2023,Agosto,202308.0
Noroeste,Papa,kg,2023 - Agosto,439.58,2023,Agosto,202308.0
Noroeste,Azúcar,kg,2023 - Agosto,713.19,2023,Agosto,202308.0
Noroeste,Detergente líquido,750 cc,2023 - Agosto,409.75,2023,Agosto,202308.0
Noroeste,Lavandina,1.000 cc,2023 - Agosto,284.01,2023,Agosto,202308.0
Noroeste,Jabón de tocador,125 g,2023 - Agosto,256.36,2023,Agosto,202308.0
Cuyo,Pan francés,kg,2023 - Agosto,587.77,2023,Agosto,202308.0
Cuyo,Harina de trigo común,kg,2023 - Agosto,235.34,2023,Agosto,202308.0
Cuyo,Arroz blanco simple,kg,2023 - Agosto,550.52,2023,Agosto,202308.0
Cuyo,Fideos secos tipo guisero,500 g,2023 - Agosto,347.68,2023,Agosto,202308.0
Cuyo,Carne picada común,kg,2023 - Agosto,1614.3,2023,Agosto,202308.0
Cuyo,Pollo entero,kg,2023 - Agosto,853.29,2023,Agosto,202308.0
Cuyo,Aceite de girasol,"1,5 litros",2023 - Agosto,1100.35,2023,Agosto,202308.0
Cuyo,Leche fresca entera sachet,Litro,2023 - Agosto,411.59,2023,Agosto,202308.0
Cuyo,Huevos de gallina,Docena,2023 - Agosto,1028.31,2023,Agosto,202308.0
Cuyo,Papa,kg,2023 - Agosto,560.16,2023,Agosto,202308.0
Cuyo,Azúcar,kg,2023 - Agosto,748.13,2023,Agosto,202308.0
Cuyo,Detergente líquido,750 cc,2023 - Agosto,370.15,2023,Agosto,202308.0
Cuyo,Lavandina,1.000 cc,2023 - Agosto,249.7,2023,Agosto,202308.0
Cuyo,Jabón de tocador,125 g,2023 - Agosto,264.81,2023,Agosto,202308.0
Patagonia,Pan francés,kg,2023 - Agosto,705.83,2023,Agosto,202308.0
Patagonia,Harina de trigo común,kg,2023 - Agosto,258.13,2023,Agosto,202308.0
Patagonia,Arroz blanco simple,kg,2023 - Agosto,586.37,2023,Agosto,202308.0
Patagonia,Fideos secos tipo guisero,500 g,2023 - Agosto,387.25,2023,Agosto,202308.0
Patagonia,Carne picada común,kg,2023 - Agosto,2013.59,2023,Agosto,202308.0
Patagonia,Pollo entero,kg,2023 - Agosto,895.54,2023,Agosto,202308.0
Patagonia,Aceite de girasol,"1,5 litros",2023 - Agosto,989.23,2023,Agosto,202308.0
Patagonia,Leche fresca entera sachet,Litro,2023 - Agosto,401.63,2023,Agosto,202308.0
Patagonia,Huevos de gallina,Docena,2023 - Agosto,1183.15,2023,Agosto,202308.0
Patagonia,Papa,kg,2023 - Agosto,638.07,2023,Agosto,202308.0
Patagonia,Azúcar,kg,2023 - Agosto,811.35,2023,Agosto,202308.0
Patagonia,Detergente líquido,750 cc,2023 - Agosto,706.92,2023,Agosto,202308.0
Patagonia,Lavandina,1.000 cc,2023 - Agosto,276.4,2023,Agosto,202308.0
Patagonia,Jabón de tocador,125 g,2023 - Agosto,278.89,2023,Agosto,202308.0
GBA,Pan francés,kg,2023 - Septiembre,980.2,2023,Septiembre,202309.0
GBA,Harina de trigo común,kg,2023 - Septiembre,241.22,2023,Septiembre,202309.0
GBA,Arroz blanco simple,kg,2023 - Septiembre,582.04,2023,Septiembre,202309.0
GBA,Fideos secos tipo guisero,500 g,2023 - Septiembre,391.36,2023,Septiembre,202309.0
GBA,Carne picada común,kg,2023 - Septiembre,1972.69,2023,Septiembre,202309.0
GBA,Pollo entero,kg,2023 - Septiembre,993.4,2023,Septiembre,202309.0
GBA,Aceite de girasol,"1,5 litros",2023 - Septiembre,1099.4,2023,Septiembre,202309.0
GBA,Leche fresca entera sachet,Litro,2023 - Septiembre,381.93,2023,Septiembre,202309.0
GBA,Huevos de gallina,Docena,2023 - Septiembre,1247.41,2023,Septiembre,202309.0
GBA,Papa,kg,2023 - Septiembre,616.42,2023,Septiembre,202309.0
GBA,Azúcar,kg,2023 - Septiembre,870.89,2023,Septiembre,202309.0
GBA,Detergente líquido,750 cc,2023 - Septiembre,372.18,2023,Septiembre,202309.0
GBA,Lavandina,1.000 cc,2023 - Septiembre,295.42,2023,Septiembre,202309.0
GBA,Jabón de tocador,125 g,2023 - Septiembre,285.68,2023,Septiembre,202309.0
Pampeana,Pan francés,kg,2023 - Septiembre,761.76,2023,Septiembre,202309.0
Pampeana,Harina de trigo común,kg,2023 - Septiembre,284.05,2023,Septiembre,202309.0
Pampeana,Arroz blanco simple,kg,2023 - Septiembre,664.29,2023,Septiembre,202309.0
Pampeana,Fideos secos tipo guisero,500 g,2023 - Septiembre,405.16,2023,Septiembre,202309.0
Pampeana,Carne picada común,kg,2023 - Septiembre,2083.79,2023,Septiembre,202309.0
Pampeana,Pollo entero,kg,2023 - Septiembre,1049.39,2023,Septiembre,202309.0
Pampeana,Aceite de girasol,"1,5 litros",2023 - Septiembre,1228.3,2023,Septiembre,202309.0
Pampeana,Leche fresca entera sachet,Litro,2023 - Septiembre,429.57,2023,Septiembre,202309.0
Pampeana,Huevos de gallina,Docena,2023 - Septiembre,1195.7,2023,Septiembre,202309.0
Pampeana,Papa,kg,2023 - Septiembre,608.68,2023,Septiembre,202309.0
Pampeana,Azúcar,kg,2023 - Septiembre,896.66,2023,Septiembre,202309.0
Pampeana,Detergente líquido,750 cc,2023 - Septiembre,448.45,2023,Septiembre,202309.0
Pampeana,Lavandina,1.000 cc,2023 - Septiembre,297.89,2023,Septiembre,202309.0
Pampeana,Jabón de tocador,125 g,2023 - Septiembre,290.31,2023,Septiembre,202309.0
Noreste,Pan francés,kg,2023 - Septiembre,679.06,2023,Septiembre,202309.0
Noreste,Harina de trigo común,kg,2023 - Septiembre,293.75,2023,Septiembre,202309.0
Noreste,Arroz blanco simple,kg,2023 - Septiembre,666.64,2023,Septiembre,202309.0
Noreste,Fideos secos tipo guisero,500 g,2023 - Septiembre,330.53,2023,Septiembre,202309.0
Noreste,Carne picada común,kg,2023 - Septiembre,1943.57,2023,Septiembre,202309.0
Noreste,Pollo entero,kg,2023 - Septiembre,956.03,2023,Septiembre,202309.0
Noreste,Aceite de girasol,"1,5 litros",2023 - Septiembre,1472.62,2023,Septiembre,202309.0
Noreste,Leche fresca entera sachet,Litro,2023 - Septiembre,471.06,2023,Septiembre,202309.0
Noreste,Huevos de gallina,Docena,2023 - Septiembre,997.94,2023,Septiembre,202309.0
Noreste,Papa,kg,2023 - Septiembre,569.07,2023,Septiembre,202309.0
Noreste,Azúcar,kg,2023 - Septiembre,936.01,2023,Septiembre,202309.0
Noreste,Detergente líquido,750 cc,2023 - Septiembre,445.39,2023,Septiembre,202309.0
Noreste,Lavandina,1.000 cc,2023 - Septiembre,330.36,2023,Septiembre,202309.0
Noreste,Jabón de tocador,125 g,2023 - Septiembre,306.28,2023,Septiembre,202309.0
Noroeste,Pan francés,kg,2023 - Septiembre,678.42,2023,Septiembre,202309.0
Noroeste,Harina de trigo común,kg,2023 - Septiembre,289.29,2023,Septiembre,202309.0
Noroeste,Arroz blanco simple,kg,2023 - Septiembre,695.15,2023,Septiembre,202309.0
Noroeste,Fideos secos tipo guisero,500 g,2023 - Septiembre,356.99,2023,Septiembre,202309.0
Noroeste,Carne picada común,kg,2023 - Septiembre,2088.71,2023,Septiembre,202309.0
Noroeste,Pollo entero,kg,2023 - Septiembre,1004.63,2023,Septiembre,202309.0
Noroeste,Aceite de girasol,"1,5 litros",2023 - Septiembre,1275.21,2023,Septiembre,202309.0
Noroeste,Leche fresca entera sachet,Litro,2023 - Septiembre,436.52,2023,Septiembre,202309.0
Noroeste,Huevos de gallina,Docena,2023 - Septiembre,1095.08,2023,Septiembre,202309.0
Noroeste,Papa,kg,2023 - Septiembre,472.04,2023,Septiembre,202309.0
Noroeste,Azúcar,kg,2023 - Septiembre,839.92,2023,Septiembre,202309.0
Noroeste,Detergente líquido,750 cc,2023 - Septiembre,436.61,2023,Septiembre,202309.0
Noroeste,Lavandina,1.000 cc,2023 - Septiembre,327.97,2023,Septiembre,202309.0
Noroeste,Jabón de tocador,125 g,2023 - Septiembre,277.32,2023,Septiembre,202309.0
Cuyo,Pan francés,kg,2023 - Septiembre,663.09,2023,Septiembre,202309.0
Cuyo,Harina de trigo común,kg,2023 - Septiembre,259.52,2023,Septiembre,202309.0
Cuyo,Arroz blanco simple,kg,2023 - Septiembre,717.19,2023,Septiembre,202309.0
Cuyo,Fideos secos tipo guisero,500 g,2023 - Septiembre,396.97,2023,Septiembre,202309.0
Cuyo,Carne picada común,kg,2023 - Septiembre,1993.06,2023,Septiembre,202309.0
Cuyo,Pollo entero,kg,2023 - Septiembre,1055.73,2023,Septiembre,202309.0
Cuyo,Aceite de girasol,"1,5 litros",2023 - Septiembre,1209.91,2023,Septiembre,202309.0
Cuyo,Leche fresca entera sachet,Litro,2023 - Septiembre,437.3,2023,Septiembre,202309.0
Cuyo,Huevos de gallina,Docena,2023 - Septiembre,1164.85,2023,Septiembre,202309.0
Cuyo,Papa,kg,2023 - Septiembre,594.93,2023,Septiembre,202309.0
Cuyo,Azúcar,kg,2023 - Septiembre,903.33,2023,Septiembre,202309.0
Cuyo,Detergente líquido,750 cc,2023 - Septiembre,411.19,2023,Septiembre,202309.0
Cuyo,Lavandina,1.000 cc,2023 - Septiembre,284.04,2023,Septiembre,202309.0
Cuyo,Jabón de tocador,125 g,2023 - Septiembre,284.83,2023,Septiembre,202309.0
Patagonia,Pan francés,kg,2023 - Septiembre,826.64,2023,Septiembre,202309.0
Patagonia,Harina de trigo común,kg,2023 - Septiembre,297.3,2023,Septiembre,202309.0
Patagonia,Arroz blanco simple,kg,2023 - Septiembre,739.56,2023,Septiembre,202309.0
Patagonia,Fideos secos tipo guisero,500 g,2023 - Septiembre,446.41,2023,Septiembre,202309.0
Patagonia,Carne picada común,kg,2023 - Septiembre,2731.33,2023,Septiembre,202309.0
Patagonia,Pollo entero,kg,2023 - Septiembre,1069.93,2023,Septiembre,202309.0
Patagonia,Aceite de girasol,"1,5 litros",2023 - Septiembre,1096.53,2023,Septiembre,202309.0
Patagonia,Leche fresca entera sachet,Litro,2023 - Septiembre,433.95,2023,Septiembre,202309.0
Patagonia,Huevos de gallina,Docena,2023 - Septiembre,1415.64,2023,Septiembre,202309.0
Patagonia,Papa,kg,2023 - Septiembre,774.28,2023,Septiembre,202309.0
Patagonia,Azúcar,kg,2023 - Septiembre,950.41,2023,Septiembre,202309.0
Patagonia,Detergente líquido,750 cc,2023 - Septiembre,817.01,2023,Septiembre,202309.0
Patagonia,Lavandina,1.000 cc,2023 - Septiembre,319.95,2023,Septiembre,202309.0
Patagonia,Jabón de tocador,125 g,2023 - Septiembre,304.66,2023,Septiembre,202309.0
GBA,Pan francés,kg,2023 - Octubre,1076.98,2023,Octubre,202310.0
GBA,Harina de trigo común,kg,2023 - Octubre,269.52,2023,Octubre,202310.0
GBA,Arroz blanco simple,kg,2023 - Octubre,789.18,2023,Octubre,202310.0
GBA,Fideos secos tipo guisero,500 g,2023 - Octubre,516.94,2023,Octubre,202310.0
GBA,Carne picada común,kg,2023 - Octubre,2065.09,2023,Octubre,202310.0
GBA,Pollo entero,kg,2023 - Octubre,1100.39,2023,Octubre,202310.0
GBA,Aceite de girasol,"1,5 litros",2023 - Octubre,1157.0,2023,Octubre,202310.0
GBA,Leche fresca entera sachet,Litro,2023 - Octubre,413.3,2023,Octubre,202310.0
GBA,Huevos de gallina,Docena,2023 - Octubre,1313.33,2023,Octubre,202310.0
GBA,Papa,kg,2023 - Octubre,604.95,2023,Octubre,202310.0
GBA,Azúcar,kg,2023 - Octubre,1007.9,2023,Octubre,202310.0
GBA,Detergente líquido,750 cc,2023 - Octubre,420.32,2023,Octubre,202310.0
GBA,Lavandina,1.000 cc,2023 - Octubre,331.01,2023,Octubre,202310.0
GBA,Jabón de tocador,125 g,2023 - Octubre,301.15,2023,Octubre,202310.0
Pampeana,Pan francés,kg,2023 - Octubre,826.08,2023,Octubre,202310.0
Pampeana,Harina de trigo común,kg,2023 - Octubre,312.72,2023,Octubre,202310.0
Pampeana,Arroz blanco simple,kg,2023 - Octubre,811.65,2023,Octubre,202310.0
Pampeana,Fideos secos tipo guisero,500 g,2023 - Octubre,480.87,2023,Octubre,202310.0
Pampeana,Carne picada común,kg,2023 - Octubre,2145.32,2023,Octubre,202310.0
Pampeana,Pollo entero,kg,2023 - Octubre,1156.4,2023,Octubre,202310.0
Pampeana,Aceite de girasol,"1,5 litros",2023 - Octubre,1285.26,2023,Octubre,202310.0
Pampeana,Leche fresca entera sachet,Litro,2023 - Octubre,459.16,2023,Octubre,202310.0
Pampeana,Huevos de gallina,Docena,2023 - Octubre,1257.6,2023,Octubre,202310.0
Pampeana,Papa,kg,2023 - Octubre,562.29,2023,Octubre,202310.0
Pampeana,Azúcar,kg,2023 - Octubre,985.59,2023,Octubre,202310.0
Pampeana,Detergente líquido,750 cc,2023 - Octubre,501.76,2023,Octubre,202310.0
Pampeana,Lavandina,1.000 cc,2023 - Octubre,328.62,2023,Octubre,202310.0
Pampeana,Jabón de tocador,125 g,2023 - Octubre,314.39,2023,Octubre,202310.0
Noreste,Pan francés,kg,2023 - Octubre,723.82,2023,Octubre,202310.0
Noreste,Harina de trigo común,kg,2023 - Octubre,335.22,2023,Octubre,202310.0
Noreste,Arroz blanco simple,kg,2023 - Octubre,776.78,2023,Octubre,202310.0
Noreste,Fideos secos tipo guisero,500 g,2023 - Octubre,400.07,2023,Octubre,202310.0
Noreste,Carne picada común,kg,2023 - Octubre,2011.61,2023,Octubre,202310.0
Noreste,Pollo entero,kg,2023 - Octubre,1079.46,2023,Octubre,202310.0
Noreste,Aceite de girasol,"1,5 litros",2023 - Octubre,1539.09,2023,Octubre,202310.0
Noreste,Leche fresca entera sachet,Litro,2023 - Octubre,503.89,2023,Octubre,202310.0
Noreste,Huevos de gallina,Docena,2023 - Octubre,1065.0,2023,Octubre,202310.0
Noreste,Papa,kg,2023 - Octubre,528.28,2023,Octubre,202310.0
Noreste,Azúcar,kg,2023 - Octubre,1002.01,2023,Octubre,202310.0
Noreste,Detergente líquido,750 cc,2023 - Octubre,491.19,2023,Octubre,202310.0
Noreste,Lavandina,1.000 cc,2023 - Octubre,363.48,2023,Octubre,202310.0
Noreste,Jabón de tocador,125 g,2023 - Octubre,324.3,2023,Octubre,202310.0
Noroeste,Pan francés,kg,2023 - Octubre,715.99,2023,Octubre,202310.0
Noroeste,Harina de trigo común,kg,2023 - Octubre,322.0,2023,Octubre,202310.0
Noroeste,Arroz blanco simple,kg,2023 - Octubre,798.59,2023,Octubre,202310.0
Noroeste,Fideos secos tipo guisero,500 g,2023 - Octubre,409.26,2023,Octubre,202310.0
Noroeste,Carne picada común,kg,2023 - Octubre,2300.51,2023,Octubre,202310.0
Noroeste,Pollo entero,kg,2023 - Octubre,1125.44,2023,Octubre,202310.0
Noroeste,Aceite de girasol,"1,5 litros",2023 - Octubre,1340.61,2023,Octubre,202310.0
Noroeste,Leche fresca entera sachet,Litro,2023 - Octubre,461.5,2023,Octubre,202310.0
Noroeste,Huevos de gallina,Docena,2023 - Octubre,1128.34,2023,Octubre,202310.0
Noroeste,Papa,kg,2023 - Octubre,425.08,2023,Octubre,202310.0
Noroeste,Azúcar,kg,2023 - Octubre,907.49,2023,Octubre,202310.0
Noroeste,Detergente líquido,750 cc,2023 - Octubre,509.38,2023,Octubre,202310.0
Noroeste,Lavandina,1.000 cc,2023 - Octubre,355.69,2023,Octubre,202310.0
Noroeste,Jabón de tocador,125 g,2023 - Octubre,295.8,2023,Octubre,202310.0
Cuyo,Pan francés,kg,2023 - Octubre,706.52,2023,Octubre,202310.0
Cuyo,Harina de trigo común,kg,2023 - Octubre,300.5,2023,Octubre,202310.0
Cuyo,Arroz blanco simple,kg,2023 - Octubre,828.23,2023,Octubre,202310.0
Cuyo,Fideos secos tipo guisero,500 g,2023 - Octubre,447.22,2023,Octubre,202310.0
Cuyo,Carne picada común,kg,2023 - Octubre,2043.97,2023,Octubre,202310.0
Cuyo,Pollo entero,kg,2023 - Octubre,1185.0,2023,Octubre,202310.0
Cuyo,Aceite de girasol,"1,5 litros",2023 - Octubre,1272.28,2023,Octubre,202310.0
Cuyo,Leche fresca entera sachet,Litro,2023 - Octubre,462.12,2023,Octubre,202310.0
Cuyo,Huevos de gallina,Docena,2023 - Octubre,1242.71,2023,Octubre,202310.0
Cuyo,Papa,kg,2023 - Octubre,551.11,2023,Octubre,202310.0
Cuyo,Azúcar,kg,2023 - Octubre,986.44,2023,Octubre,202310.0
Cuyo,Detergente líquido,750 cc,2023 - Octubre,527.11,2023,Octubre,202310.0
Cuyo,Lavandina,1.000 cc,2023 - Octubre,319.82,2023,Octubre,202310.0
Cuyo,Jabón de tocador,125 g,2023 - Octubre,304.92,2023,Octubre,202310.0
Patagonia,Pan francés,kg,2023 - Octubre,925.52,2023,Octubre,202310.0
Patagonia,Harina de trigo común,kg,2023 - Octubre,319.46,2023,Octubre,202310.0
Patagonia,Arroz blanco simple,kg,2023 - Octubre,871.31,2023,Octubre,202310.0
Patagonia,Fideos secos tipo guisero,500 g,2023 - Octubre,556.21,2023,Octubre,202310.0
Patagonia,Carne picada común,kg,2023 - Octubre,2780.39,2023,Octubre,202310.0
Patagonia,Pollo entero,kg,2023 - Octubre,1150.23,2023,Octubre,202310.0
Patagonia,Aceite de girasol,"1,5 litros",2023 - Octubre,1117.79,2023,Octubre,202310.0
Patagonia,Leche fresca entera sachet,Litro,2023 - Octubre,458.33,2023,Octubre,202310.0
Patagonia,Huevos de gallina,Docena,2023 - Octubre,1501.12,2023,Octubre,202310.0
Patagonia,Papa,kg,2023 - Octubre,773.91,2023,Octubre,202310.0
Patagonia,Azúcar,kg,2023 - Octubre,1074.06,2023,Octubre,202310.0
Patagonia,Detergente líquido,750 cc,2023 - Octubre,847.78,2023,Octubre,202310.0
Patagonia,Lavandina,1.000 cc,2023 - Octubre,346.67,2023,Octubre,202310.0
Patagonia,Jabón de tocador,125 g,2023 - Octubre,320.42,2023,Octubre,202310.0
GBA,Pan francés,kg,2023 - Noviembre,1244.72,2023,Noviembre,202311.0
GBA,Harina de trigo común,kg,2023 - Noviembre,323.26,2023,Noviembre,202311.0
GBA,Arroz blanco simple,kg,2023 - Noviembre,1020.69,2023,Noviembre,202311.0
GBA,Fideos secos tipo guisero,500 g,2023 - Noviembre,760.44,2023,Noviembre,202311.0
GBA,Carne picada común,kg,2023 - Noviembre,2345.9,2023,Noviembre,202311.0
GBA,Pollo entero,kg,2023 - Noviembre,1275.08,2023,Noviembre,202311.0
GBA,Aceite de girasol,"1,5 litros",2023 - Noviembre,1273.09,2023,Noviembre,202311.0
GBA,Leche fresca entera sachet,Litro,2023 - Noviembre,457.1,2023,Noviembre,202311.0
GBA,Huevos de gallina,Docena,2023 - Noviembre,1397.28,2023,Noviembre,202311.0
GBA,Papa,kg,2023 - Noviembre,621.43,2023,Noviembre,202311.0
GBA,Azúcar,kg,2023 - Noviembre,1091.95,2023,Noviembre,202311.0
GBA,Detergente líquido,750 cc,2023 - Noviembre,485.11,2023,Noviembre,202311.0
GBA,Lavandina,1.000 cc,2023 - Noviembre,365.72,2023,Noviembre,202311.0
GBA,Jabón de tocador,125 g,2023 - Noviembre,326.4,2023,Noviembre,202311.0
Pampeana,Pan francés,kg,2023 - Noviembre,956.49,2023,Noviembre,202311.0
Pampeana,Harina de trigo común,kg,2023 - Noviembre,365.22,2023,Noviembre,202311.0
Pampeana,Arroz blanco simple,kg,2023 - Noviembre,1034.75,2023,Noviembre,202311.0
Pampeana,Fideos secos tipo guisero,500 g,2023 - Noviembre,636.36,2023,Noviembre,202311.0
Pampeana,Carne picada común,kg,2023 - Noviembre,2510.05,2023,Noviembre,202311.0
Pampeana,Pollo entero,kg,2023 - Noviembre,1341.52,2023,Noviembre,202311.0
Pampeana,Aceite de girasol,"1,5 litros",2023 - Noviembre,1411.5,2023,Noviembre,202311.0
Pampeana,Leche fresca entera sachet,Litro,2023 - Noviembre,509.97,2023,Noviembre,202311.0
Pampeana,Huevos de gallina,Docena,2023 - Noviembre,1338.84,2023,Noviembre,202311.0
Pampeana,Papa,kg,2023 - Noviembre,592.8,2023,Noviembre,202311.0
Pampeana,Azúcar,kg,2023 - Noviembre,1085.67,2023,Noviembre,202311.0
Pampeana,Detergente líquido,750 cc,2023 - Noviembre,574.13,2023,Noviembre,202311.0
Pampeana,Lavandina,1.000 cc,2023 - Noviembre,363.74,2023,Noviembre,202311.0
Pampeana,Jabón de tocador,125 g,2023 - Noviembre,341.43,2023,Noviembre,202311.0
Noreste,Pan francés,kg,2023 - Noviembre,836.98,2023,Noviembre,202311.0
Noreste,Harina de trigo común,kg,2023 - Noviembre,385.26,2023,Noviembre,202311.0
Noreste,Arroz blanco simple,kg,2023 - Noviembre,1070.2,2023,Noviembre,202311.0
Noreste,Fideos secos tipo guisero,500 g,2023 - Noviembre,532.3,2023,Noviembre,202311.0
Noreste,Carne picada común,kg,2023 - Noviembre,2337.52,2023,Noviembre,202311.0
Noreste,Pollo entero,kg,2023 - Noviembre,1265.59,2023,Noviembre,202311.0
Noreste,Aceite de girasol,"1,5 litros",2023 - Noviembre,1630.94,2023,Noviembre,202311.0
Noreste,Leche fresca entera sachet,Litro,2023 - Noviembre,546.64,2023,Noviembre,202311.0
Noreste,Huevos de gallina,Docena,2023 - Noviembre,1143.68,2023,Noviembre,202311.0
Noreste,Papa,kg,2023 - Noviembre,532.79,2023,Noviembre,202311.0
Noreste,Azúcar,kg,2023 - Noviembre,1082.99,2023,Noviembre,202311.0
Noreste,Detergente líquido,750 cc,2023 - Noviembre,533.75,2023,Noviembre,202311.0
Noreste,Lavandina,1.000 cc,2023 - Noviembre,408.43,2023,Noviembre,202311.0
Noreste,Jabón de tocador,125 g,2023 - Noviembre,350.13,2023,Noviembre,202311.0
Noroeste,Pan francés,kg,2023 - Noviembre,820.27,2023,Noviembre,202311.0
Noroeste,Harina de trigo común,kg,2023 - Noviembre,380.25,2023,Noviembre,202311.0
Noroeste,Arroz blanco simple,kg,2023 - Noviembre,995.34,2023,Noviembre,202311.0
Noroeste,Fideos secos tipo guisero,500 g,2023 - Noviembre,530.07,2023,Noviembre,202311.0
Noroeste,Carne picada común,kg,2023 - Noviembre,2506.15,2023,Noviembre,202311.0
Noroeste,Pollo entero,kg,2023 - Noviembre,1302.65,2023,Noviembre,202311.0
Noroeste,Aceite de girasol,"1,5 litros",2023 - Noviembre,1488.25,2023,Noviembre,202311.0
Noroeste,Leche fresca entera sachet,Litro,2023 - Noviembre,507.62,2023,Noviembre,202311.0
Noroeste,Huevos de gallina,Docena,2023 - Noviembre,1182.17,2023,Noviembre,202311.0
Noroeste,Papa,kg,2023 - Noviembre,432.6,2023,Noviembre,202311.0
Noroeste,Azúcar,kg,2023 - Noviembre,965.29,2023,Noviembre,202311.0
Noroeste,Detergente líquido,750 cc,2023 - Noviembre,575.36,2023,Noviembre,202311.0
Noroeste,Lavandina,1.000 cc,2023 - Noviembre,400.31,2023,Noviembre,202311.0
Noroeste,Jabón de tocador,125 g,2023 - Noviembre,322.33,2023,Noviembre,202311.0
Cuyo,Pan francés,kg,2023 - Noviembre,812.87,2023,Noviembre,202311.0
Cuyo,Harina de trigo común,kg,2023 - Noviembre,380.66,2023,Noviembre,202311.0
Cuyo,Arroz blanco simple,kg,2023 - Noviembre,1052.98,2023,Noviembre,202311.0
Cuyo,Fideos secos tipo guisero,500 g,2023 - Noviembre,595.88,2023,Noviembre,202311.0
Cuyo,Carne picada común,kg,2023 - Noviembre,2315.02,2023,Noviembre,202311.0
Cuyo,Pollo entero,kg,2023 - Noviembre,1390.96,2023,Noviembre,202311.0
Cuyo,Aceite de girasol,"1,5 litros",2023 - Noviembre,1386.88,2023,Noviembre,202311.0
Cuyo,Leche fresca entera sachet,Litro,2023 - Noviembre,521.62,2023,Noviembre,202311.0
Cuyo,Huevos de gallina,Docena,2023 - Noviembre,1367.76,2023,Noviembre,202311.0
Cuyo,Papa,kg,2023 - Noviembre,565.51,2023,Noviembre,202311.0
Cuyo,Azúcar,kg,2023 - Noviembre,1077.28,2023,Noviembre,202311.0
Cuyo,Detergente líquido,750 cc,2023 - Noviembre,563.79,2023,Noviembre,202311.0
Cuyo,Lavandina,1.000 cc,2023 - Noviembre,353.86,2023,Noviembre,202311.0
Cuyo,Jabón de tocador,125 g,2023 - Noviembre,330.89,2023,Noviembre,202311.0
Patagonia,Pan francés,kg,2023 - Noviembre,1051.31,2023,Noviembre,202311.0
Patagonia,Harina de trigo común,kg,2023 - Noviembre,373.08,2023,Noviembre,202311.0
Patagonia,Arroz blanco simple,kg,2023 - Noviembre,1049.78,2023,Noviembre,202311.0
Patagonia,Fideos secos tipo guisero,500 g,2023 - Noviembre,722.84,2023,Noviembre,202311.0
Patagonia,Carne picada común,kg,2023 - Noviembre,3143.46,2023,Noviembre,202311.0
Patagonia,Pollo entero,kg,2023 - Noviembre,1317.75,2023,Noviembre,202311.0
Patagonia,Aceite de girasol,"1,5 litros",2023 - Noviembre,1168.36,2023,Noviembre,202311.0
Patagonia,Leche fresca entera sachet,Litro,2023 - Noviembre,532.62,2023,Noviembre,202311.0
Patagonia,Huevos de gallina,Docena,2023 - Noviembre,1608.63,2023,Noviembre,202311.0
Patagonia,Papa,kg,2023 - Noviembre,791.68,2023,Noviembre,202311.0
Patagonia,Azúcar,kg,2023 - Noviembre,1179.19,2023,Noviembre,202311.0
Patagonia,Detergente líquido,750 cc,2023 - Noviembre,927.63,2023,Noviembre,202311.0
Patagonia,Lavandina,1.000 cc,2023 - Noviembre,376.15,2023,Noviembre,202311.0
Patagonia,Jabón de tocador,125 g,2023 - Noviembre,347.99,2023,Noviembre,202311.0
GBA,Pan francés,kg,2023 - Diciembre,1534.79,2023,Diciembre,202312.0
GBA,Harina de trigo común,kg,2023 - Diciembre,492.38,2023,Diciembre,202312.0
GBA,Arroz blanco simple,kg,2023 - Diciembre,1557.53,2023,Diciembre,202312.0
GBA,Fideos secos tipo guisero,500 g,2023 - Diciembre,991.66,2023,Diciembre,202312.0
GBA,Carne picada común,kg,2023 - Diciembre,3142.87,2023,Diciembre,202312.0
GBA,Pollo entero,kg,2023 - Diciembre,1652.73,2023,Diciembre,202312.0
GBA,Aceite de girasol,"1,5 litros",2023 - Diciembre,1993.79,2023,Diciembre,202312.0
GBA,Leche fresca entera sachet,Litro,2023 - Diciembre,614.66,2023,Diciembre,202312.0
GBA,Huevos de gallina,Docena,2023 - Diciembre,1622.13,2023,Diciembre,202312.0
GBA,Papa,kg,2023 - Diciembre,715.39,2023,Diciembre,202312.0
GBA,Azúcar,kg,2023 - Diciembre,1308.43,2023,Diciembre,202312.0
GBA,Detergente líquido,750 cc,2023 - Diciembre,721.8,2023,Diciembre,202312.0
GBA,Lavandina,1.000 cc,2023 - Diciembre,522.96,2023,Diciembre,202312.0
GBA,Jabón de tocador,125 g,2023 - Diciembre,451.57,2023,Diciembre,202312.0
Pampeana,Pan francés,kg,2023 - Diciembre,1197.25,2023,Diciembre,202312.0
Pampeana,Harina de trigo común,kg,2023 - Diciembre,552.51,2023,Diciembre,202312.0
Pampeana,Arroz blanco simple,kg,2023 - Diciembre,1518.33,2023,Diciembre,202312.0
Pampeana,Fideos secos tipo guisero,500 g,2023 - Diciembre,917.79,2023,Diciembre,202312.0
Pampeana,Carne picada común,kg,2023 - Diciembre,3405.18,2023,Diciembre,202312.0
Pampeana,Pollo entero,kg,2023 - Diciembre,1725.66,2023,Diciembre,202312.0
Pampeana,Aceite de girasol,"1,5 litros",2023 - Diciembre,2184.99,2023,Diciembre,202312.0
Pampeana,Leche fresca entera sachet,Litro,2023 - Diciembre,659.17,2023,Diciembre,202312.0
Pampeana,Huevos de gallina,Docena,2023 - Diciembre,1519.37,2023,Diciembre,202312.0
Pampeana,Papa,kg,2023 - Diciembre,690.12,2023,Diciembre,202312.0
Pampeana,Azúcar,kg,2023 - Diciembre,1239.56,2023,Diciembre,202312.0
Pampeana,Detergente líquido,750 cc,2023 - Diciembre,781.1,2023,Diciembre,202312.0
Pampeana,Lavandina,1.000 cc,2023 - Diciembre,518.76,2023,Diciembre,202312.0
Pampeana,Jabón de tocador,125 g,2023 - Diciembre,476.09,2023,Diciembre,202312.0
Noreste,Pan francés,kg,2023 - Diciembre,1059.1,2023,Diciembre,202312.0
Noreste,Harina de trigo común,kg,2023 - Diciembre,568.74,2023,Diciembre,202312.0
Noreste,Arroz blanco simple,kg,2023 - Diciembre,1525.3,2023,Diciembre,202312.0
Noreste,Fideos secos tipo guisero,500 g,2023 - Diciembre,759.52,2023,Diciembre,202312.0
Noreste,Carne picada común,kg,2023 - Diciembre,3159.0,2023,Diciembre,202312.0
Noreste,Pollo entero,kg,2023 - Diciembre,1610.51,2023,Diciembre,202312.0
Noreste,Aceite de girasol,"1,5 litros",2023 - Diciembre,2445.77,2023,Diciembre,202312.0
Noreste,Leche fresca entera sachet,Litro,2023 - Diciembre,665.37,2023,Diciembre,202312.0
Noreste,Huevos de gallina,Docena,2023 - Diciembre,1257.17,2023,Diciembre,202312.0
Noreste,Papa,kg,2023 - Diciembre,650.12,2023,Diciembre,202312.0
Noreste,Azúcar,kg,2023 - Diciembre,1218.97,2023,Diciembre,202312.0
Noreste,Detergente líquido,750 cc,2023 - Diciembre,748.8,2023,Diciembre,202312.0
Noreste,Lavandina,1.000 cc,2023 - Diciembre,587.44,2023,Diciembre,202312.0
Noreste,Jabón de tocador,125 g,2023 - Diciembre,499.28,2023,Diciembre,202312.0
Noroeste,Pan francés,kg,2023 - Diciembre,1016.09,2023,Diciembre,202312.0
Noroeste,Harina de trigo común,kg,2023 - Diciembre,566.49,2023,Diciembre,202312.0
Noroeste,Arroz blanco simple,kg,2023 - Diciembre,1469.01,2023,Diciembre,202312.0
Noroeste,Fideos secos tipo guisero,500 g,2023 - Diciembre,730.92,2023,Diciembre,202312.0
Noroeste,Carne picada común,kg,2023 - Diciembre,3463.97,2023,Diciembre,202312.0
Noroeste,Pollo entero,kg,2023 - Diciembre,1653.09,2023,Diciembre,202312.0
Noroeste,Aceite de girasol,"1,5 litros",2023 - Diciembre,2195.23,2023,Diciembre,202312.0
Noroeste,Leche fresca entera sachet,Litro,2023 - Diciembre,644.37,2023,Diciembre,202312.0
Noroeste,Huevos de gallina,Docena,2023 - Diciembre,1354.08,2023,Diciembre,202312.0
Noroeste,Papa,kg,2023 - Diciembre,526.01,2023,Diciembre,202312.0
Noroeste,Azúcar,kg,2023 - Diciembre,1099.06,2023,Diciembre,202312.0
Noroeste,Detergente líquido,750 cc,2023 - Diciembre,783.4,2023,Diciembre,202312.0
Noroeste,Lavandina,1.000 cc,2023 - Diciembre,551.22,2023,Diciembre,202312.0
Noroeste,Jabón de tocador,125 g,2023 - Diciembre,426.4,2023,Diciembre,202312.0
Cuyo,Pan francés,kg,2023 - Diciembre,1002.74,2023,Diciembre,202312.0
Cuyo,Harina de trigo común,kg,2023 - Diciembre,537.08,2023,Diciembre,202312.0
Cuyo,Arroz blanco simple,kg,2023 - Diciembre,1477.52,2023,Diciembre,202312.0
Cuyo,Fideos secos tipo guisero,500 g,2023 - Diciembre,838.52,2023,Diciembre,202312.0
Cuyo,Carne picada común,kg,2023 - Diciembre,3294.41,2023,Diciembre,202312.0
Cuyo,Pollo entero,kg,2023 - Diciembre,1774.71,2023,Diciembre,202312.0
Cuyo,Aceite de girasol,"1,5 litros",2023 - Diciembre,2031.56,2023,Diciembre,202312.0
Cuyo,Leche fresca entera sachet,Litro,2023 - Diciembre,664.94,2023,Diciembre,202312.0
Cuyo,Huevos de gallina,Docena,2023 - Diciembre,1632.85,2023,Diciembre,202312.0
Cuyo,Papa,kg,2023 - Diciembre,627.08,2023,Diciembre,202312.0
Cuyo,Azúcar,kg,2023 - Diciembre,1219.02,2023,Diciembre,202312.0
Cuyo,Detergente líquido,750 cc,2023 - Diciembre,679.15,2023,Diciembre,202312.0
Cuyo,Lavandina,1.000 cc,2023 - Diciembre,487.69,2023,Diciembre,202312.0
Cuyo,Jabón de tocador,125 g,2023 - Diciembre,459.53,2023,Diciembre,202312.0
Patagonia,Pan francés,kg,2023 - Diciembre,1353.51,2023,Diciembre,202312.0
Patagonia,Harina de trigo común,kg,2023 - Diciembre,522.72,2023,Diciembre,202312.0
Patagonia,Arroz blanco simple,kg,2023 - Diciembre,1536.59,2023,Diciembre,202312.0
Patagonia,Fideos secos tipo guisero,500 g,2023 - Diciembre,1005.29,2023,Diciembre,202312.0
Patagonia,Carne picada común,kg,2023 - Diciembre,4323.82,2023,Diciembre,202312.0
Patagonia,Pollo entero,kg,2023 - Diciembre,1678.07,2023,Diciembre,202312.0
Patagonia,Aceite de girasol,"1,5 litros",2023 - Diciembre,1750.0,2023,Diciembre,202312.0
Patagonia,Leche fresca entera sachet,Litro,2023 - Diciembre,706.63,2023,Diciembre,202312.0
Patagonia,Huevos de gallina,Docena,2023 - Diciembre,1807.83,2023,Diciembre,202312.0
Patagonia,Papa,kg,2023 - Diciembre,858.88,2023,Diciembre,202312.0
Patagonia,Azúcar,kg,2023 - Diciembre,1364.79,2023,Diciembre,202312.0
Patagonia,Detergente líquido,750 cc,2023 - Diciembre,1185.65,2023,Diciembre,202312.0
Patagonia,Lavandina,1.000 cc,2023 - Diciembre,551.2,2023,Diciembre,202312.0
Patagonia,Jabón de tocador,125 g,2023 - Diciembre,475.26,2023,Diciembre,202312.0
GBA,Pan francés,kg,2024 - Enero,1790.62,2024,Enero,202401.0
GBA,Harina de trigo común,kg,2024 - Enero,665.79,2024,Enero,202401.0
GBA,Arroz blanco simple,kg,2024 - Enero,2046.61,2024,Enero,202401.0
GBA,Fideos secos tipo guisero,500 g,2024 - Enero,1125.02,2024,Enero,202401.0
GBA,Carne picada común,kg,2024 - Enero,3469.9,2024,Enero,202401.0
GBA,Pollo entero,kg,2024 - Enero,1882.69,2024,Enero,202401.0
GBA,Aceite de girasol,"1,5 litros",2024 - Enero,2630.43,2024,Enero,202401.0
GBA,Leche fresca entera sachet,Litro,2024 - Enero,842.24,2024,Enero,202401.0
GBA,Huevos de gallina,Docena,2024 - Enero,1845.96,2024,Enero,202401.0
GBA,Papa,kg,2024 - Enero,721.76,2024,Enero,202401.0
GBA,Azúcar,kg,2024 - Enero,1318.26,2024,Enero,202401.0
GBA,Detergente líquido,750 cc,2024 - Enero,1057.03,2024,Enero,202401.0
GBA,Lavandina,1.000 cc,2024 - Enero,751.79,2024,Enero,202401.0
GBA,Jabón de tocador,125 g,2024 - Enero,635.47,2024,Enero,202401.0
Pampeana,Pan francés,kg,2024 - Enero,1429.27,2024,Enero,202401.0
Pampeana,Harina de trigo común,kg,2024 - Enero,752.52,2024,Enero,202401.0
Pampeana,Arroz blanco simple,kg,2024 - Enero,2113.86,2024,Enero,202401.0
Pampeana,Fideos secos tipo guisero,500 g,2024 - Enero,1125.82,2024,Enero,202401.0
Pampeana,Carne picada común,kg,2024 - Enero,3660.15,2024,Enero,202401.0
Pampeana,Pollo entero,kg,2024 - Enero,2004.4,2024,Enero,202401.0
Pampeana,Aceite de girasol,"1,5 litros",2024 - Enero,2918.47,2024,Enero,202401.0
Pampeana,Leche fresca entera sachet,Litro,2024 - Enero,843.79,2024,Enero,202401.0
Pampeana,Huevos de gallina,Docena,2024 - Enero,1730.88,2024,Enero,202401.0
Pampeana,Papa,kg,2024 - Enero,739.64,2024,Enero,202401.0
Pampeana,Azúcar,kg,2024 - Enero,1337.18,2024,Enero,202401.0
Pampeana,Detergente líquido,750 cc,2024 - Enero,1181.37,2024,Enero,202401.0
Pampeana,Lavandina,1.000 cc,2024 - Enero,760.12,2024,Enero,202401.0
Pampeana,Jabón de tocador,125 g,2024 - Enero,652.87,2024,Enero,202401.0
Noreste,Pan francés,kg,2024 - Enero,1214.92,2024,Enero,202401.0
Noreste,Harina de trigo común,kg,2024 - Enero,721.05,2024,Enero,202401.0
Noreste,Arroz blanco simple,kg,2024 - Enero,2116.72,2024,Enero,202401.0
Noreste,Fideos secos tipo guisero,500 g,2024 - Enero,924.12,2024,Enero,202401.0
Noreste,Carne picada común,kg,2024 - Enero,3650.1,2024,Enero,202401.0
Noreste,Pollo entero,kg,2024 - Enero,1841.32,2024,Enero,202401.0
Noreste,Aceite de girasol,"1,5 litros",2024 - Enero,3175.7,2024,Enero,202401.0
Noreste,Leche fresca entera sachet,Litro,2024 - Enero,827.62,2024,Enero,202401.0
Noreste,Huevos de gallina,Docena,2024 - Enero,1441.27,2024,Enero,202401.0
Noreste,Papa,kg,2024 - Enero,694.65,2024,Enero,202401.0
Noreste,Azúcar,kg,2024 - Enero,1330.52,2024,Enero,202401.0
Noreste,Detergente líquido,750 cc,2024 - Enero,994.27,2024,Enero,202401.0
Noreste,Lavandina,1.000 cc,2024 - Enero,784.86,2024,Enero,202401.0
Noreste,Jabón de tocador,125 g,2024 - Enero,658.41,2024,Enero,202401.0
Noroeste,Pan francés,kg,2024 - Enero,1258.06,2024,Enero,202401.0
Noroeste,Harina de trigo común,kg,2024 - Enero,727.34,2024,Enero,202401.0
Noroeste,Arroz blanco simple,kg,2024 - Enero,1946.54,2024,Enero,202401.0
Noroeste,Fideos secos tipo guisero,500 g,2024 - Enero,921.41,2024,Enero,202401.0
Noroeste,Carne picada común,kg,2024 - Enero,3761.62,2024,Enero,202401.0
Noroeste,Pollo entero,kg,2024 - Enero,1954.37,2024,Enero,202401.0
Noroeste,Aceite de girasol,"1,5 litros",2024 - Enero,2929.56,2024,Enero,202401.0
Noroeste,Leche fresca entera sachet,Litro,2024 - Enero,842.32,2024,Enero,202401.0
Noroeste,Huevos de gallina,Docena,2024 - Enero,1566.74,2024,Enero,202401.0
Noroeste,Papa,kg,2024 - Enero,610.17,2024,Enero,202401.0
Noroeste,Azúcar,kg,2024 - Enero,1180.71,2024,Enero,202401.0
Noroeste,Detergente líquido,750 cc,2024 - Enero,1127.97,2024,Enero,202401.0
Noroeste,Lavandina,1.000 cc,2024 - Enero,792.14,2024,Enero,202401.0
Noroeste,Jabón de tocador,125 g,2024 - Enero,648.86,2024,Enero,202401.0
Cuyo,Pan francés,kg,2024 - Enero,1199.61,2024,Enero,202401.0
Cuyo,Harina de trigo común,kg,2024 - Enero,695.71,2024,Enero,202401.0
Cuyo,Arroz blanco simple,kg,2024 - Enero,1975.49,2024,Enero,202401.0
Cuyo,Fideos secos tipo guisero,500 g,2024 - Enero,1029.71,2024,Enero,202401.0
Cuyo,Carne picada común,kg,2024 - Enero,3480.16,2024,Enero,202401.0
Cuyo,Pollo entero,kg,2024 - Enero,2107.86,2024,Enero,202401.0
Cuyo,Aceite de girasol,"1,5 litros",2024 - Enero,2711.29,2024,Enero,202401.0
Cuyo,Leche fresca entera sachet,Litro,2024 - Enero,890.47,2024,Enero,202401.0
Cuyo,Huevos de gallina,Docena,2024 - Enero,1884.32,2024,Enero,202401.0
Cuyo,Papa,kg,2024 - Enero,696.52,2024,Enero,202401.0
Cuyo,Azúcar,kg,2024 - Enero,1302.51,2024,Enero,202401.0
Cuyo,Detergente líquido,750 cc,2024 - Enero,1124.83,2024,Enero,202401.0
Cuyo,Lavandina,1.000 cc,2024 - Enero,752.11,2024,Enero,202401.0
Cuyo,Jabón de tocador,125 g,2024 - Enero,674.26,2024,Enero,202401.0
Patagonia,Pan francés,kg,2024 - Enero,1677.05,2024,Enero,202401.0
Patagonia,Harina de trigo común,kg,2024 - Enero,797.35,2024,Enero,202401.0
Patagonia,Arroz blanco simple,kg,2024 - Enero,2708.21,2024,Enero,202401.0
Patagonia,Fideos secos tipo guisero,500 g,2024 - Enero,1212.87,2024,Enero,202401.0
Patagonia,Carne picada común,kg,2024 - Enero,5203.32,2024,Enero,202401.0
Patagonia,Pollo entero,kg,2024 - Enero,2092.71,2024,Enero,202401.0
Patagonia,Aceite de girasol,"1,5 litros",2024 - Enero,2831.23,2024,Enero,202401.0
Patagonia,Leche fresca entera sachet,Litro,2024 - Enero,946.38,2024,Enero,202401.0
Patagonia,Huevos de gallina,Docena,2024 - Enero,2090.73,2024,Enero,202401.0
Patagonia,Papa,kg,2024 - Enero,983.43,2024,Enero,202401.0
Patagonia,Azúcar,kg,2024 - Enero,1533.07,2024,Enero,202401.0
Patagonia,Detergente líquido,750 cc,2024 - Enero,1602.68,2024,Enero,202401.0
Patagonia,Lavandina,1.000 cc,2024 - Enero,840.67,2024,Enero,202401.0
Patagonia,Jabón de tocador,125 g,2024 - Enero,714.94,2024,Enero,202401.0
GBA,Pan francés,kg,2024 - Febrero,1942.55,2024,Febrero,202402.0
GBA,Harina de trigo común,kg,2024 - Febrero,741.12,2024,Febrero,202402.0
GBA,Arroz blanco simple,kg,2024 - Febrero,2355.31,2024,Febrero,202402.0
GBA,Fideos secos tipo guisero,500 g,2024 - Febrero,1260.22,2024,Febrero,202402.0
GBA,Carne picada común,kg,2024 - Febrero,3807.3,2024,Febrero,202402.0
GBA,Pollo entero,kg,2024 - Febrero,2094.9,2024,Febrero,202402.0
GBA,Aceite de girasol,"1,5 litros",2024 - Febrero,2763.02,2024,Febrero,202402.0
GBA,Leche fresca entera sachet,Litro,2024 - Febrero,1018.87,2024,Febrero,202402.0
GBA,Huevos de gallina,Docena,2024 - Febrero,1993.17,2024,Febrero,202402.0
GBA,Papa,kg,2024 - Febrero,749.73,2024,Febrero,202402.0
GBA,Azúcar,kg,2024 - Febrero,1239.38,2024,Febrero,202402.0
GBA,Detergente líquido,750 cc,2024 - Febrero,1161.25,2024,Febrero,202402.0
GBA,Lavandina,1.000 cc,2024 - Febrero,832.73,2024,Febrero,202402.0
GBA,Jabón de tocador,125 g,2024 - Febrero,690.5,2024,Febrero,202402.0
Pampeana,Pan francés,kg,2024 - Febrero,1609.18,2024,Febrero,202402.0
Pampeana,Harina de trigo común,kg,2024 - Febrero,805.51,2024,Febrero,202402.0
Pampeana,Arroz blanco simple,kg,2024 - Febrero,2399.33,2024,Febrero,202402.0
Pampeana,Fideos secos tipo guisero,500 g,2024 - Febrero,1271.17,2024,Febrero,202402.0
Pampeana,Carne picada común,kg,2024 - Febrero,3976.89,2024,Febrero,202402.0
Pampeana,Pollo entero,kg,2024 - Febrero,2185.6,2024,Febrero,202402.0
Pampeana,Aceite de girasol,"1,5 litros",2024 - Febrero,3113.5,2024,Febrero,202402.0
Pampeana,Leche fresca entera sachet,Litro,2024 - Febrero,1012.2,2024,Febrero,202402.0
Pampeana,Huevos de gallina,Docena,2024 - Febrero,1910.82,2024,Febrero,202402.0
Pampeana,Papa,kg,2024 - Febrero,768.56,2024,Febrero,202402.0
Pampeana,Azúcar,kg,2024 - Febrero,1322.53,2024,Febrero,202402.0
Pampeana,Detergente líquido,750 cc,2024 - Febrero,1362.9,2024,Febrero,202402.0
Pampeana,Lavandina,1.000 cc,2024 - Febrero,853.3,2024,Febrero,202402.0
Pampeana,Jabón de tocador,125 g,2024 - Febrero,725.97,2024,Febrero,202402.0
Noreste,Pan francés,kg,2024 - Febrero,1341.48,2024,Febrero,202402.0
Noreste,Harina de trigo común,kg,2024 - Febrero,794.28,2024,Febrero,202402.0
Noreste,Arroz blanco simple,kg,2024 - Febrero,2415.45,2024,Febrero,202402.0
Noreste,Fideos secos tipo guisero,500 g,2024 - Febrero,1040.22,2024,Febrero,202402.0
Noreste,Carne picada común,kg,2024 - Febrero,3684.81,2024,Febrero,202402.0
Noreste,Pollo entero,kg,2024 - Febrero,2011.32,2024,Febrero,202402.0
Noreste,Aceite de girasol,"1,5 litros",2024 - Febrero,3316.17,2024,Febrero,202402.0
Noreste,Leche fresca entera sachet,Litro,2024 - Febrero,1018.96,2024,Febrero,202402.0
Noreste,Huevos de gallina,Docena,2024 - Febrero,1611.16,2024,Febrero,202402.0
Noreste,Papa,kg,2024 - Febrero,744.34,2024,Febrero,202402.0
Noreste,Azúcar,kg,2024 - Febrero,1267.4,2024,Febrero,202402.0
Noreste,Detergente líquido,750 cc,2024 - Febrero,1231.77,2024,Febrero,202402.0
Noreste,Lavandina,1.000 cc,2024 - Febrero,914.46,2024,Febrero,202402.0
Noreste,Jabón de tocador,125 g,2024 - Febrero,720.04,2024,Febrero,202402.0
Noroeste,Pan francés,kg,2024 - Febrero,1383.41,2024,Febrero,202402.0
Noroeste,Harina de trigo común,kg,2024 - Febrero,779.89,2024,Febrero,202402.0
Noroeste,Arroz blanco simple,kg,2024 - Febrero,2127.38,2024,Febrero,202402.0
Noroeste,Fideos secos tipo guisero,500 g,2024 - Febrero,1020.95,2024,Febrero,202402.0
Noroeste,Carne picada común,kg,2024 - Febrero,4070.88,2024,Febrero,202402.0
Noroeste,Pollo entero,kg,2024 - Febrero,2104.72,2024,Febrero,202402.0
Noroeste,Aceite de girasol,"1,5 litros",2024 - Febrero,3151.1,2024,Febrero,202402.0
Noroeste,Leche fresca entera sachet,Litro,2024 - Febrero,982.02,2024,Febrero,202402.0
Noroeste,Huevos de gallina,Docena,2024 - Febrero,1709.66,2024,Febrero,202402.0
Noroeste,Papa,kg,2024 - Febrero,627.85,2024,Febrero,202402.0
Noroeste,Azúcar,kg,2024 - Febrero,1169.09,2024,Febrero,202402.0
Noroeste,Detergente líquido,750 cc,2024 - Febrero,1328.22,2024,Febrero,202402.0
Noroeste,Lavandina,1.000 cc,2024 - Febrero,898.96,2024,Febrero,202402.0
Noroeste,Jabón de tocador,125 g,2024 - Febrero,718.05,2024,Febrero,202402.0
Cuyo,Pan francés,kg,2024 - Febrero,1321.29,2024,Febrero,202402.0
Cuyo,Harina de trigo común,kg,2024 - Febrero,764.93,2024,Febrero,202402.0
Cuyo,Arroz blanco simple,kg,2024 - Febrero,2247.43,2024,Febrero,202402.0
Cuyo,Fideos secos tipo guisero,500 g,2024 - Febrero,1137.07,2024,Febrero,202402.0
Cuyo,Carne picada común,kg,2024 - Febrero,3716.65,2024,Febrero,202402.0
Cuyo,Pollo entero,kg,2024 - Febrero,2341.62,2024,Febrero,202402.0
Cuyo,Aceite de girasol,"1,5 litros",2024 - Febrero,2857.68,2024,Febrero,202402.0
Cuyo,Leche fresca entera sachet,Litro,2024 - Febrero,1092.26,2024,Febrero,202402.0
Cuyo,Huevos de gallina,Docena,2024 - Febrero,1946.5,2024,Febrero,202402.0
Cuyo,Papa,kg,2024 - Febrero,716.24,2024,Febrero,202402.0
Cuyo,Azúcar,kg,2024 - Febrero,1265.43,2024,Febrero,202402.0
Cuyo,Detergente líquido,750 cc,2024 - Febrero,1303.34,2024,Febrero,202402.0
Cuyo,Lavandina,1.000 cc,2024 - Febrero,843.81,2024,Febrero,202402.0
Cuyo,Jabón de tocador,125 g,2024 - Febrero,740.71,2024,Febrero,202402.0
Patagonia,Pan francés,kg,2024 - Febrero,1823.36,2024,Febrero,202402.0
Patagonia,Harina de trigo común,kg,2024 - Febrero,870.68,2024,Febrero,202402.0
Patagonia,Arroz blanco simple,kg,2024 - Febrero,3078.94,2024,Febrero,202402.0
Patagonia,Fideos secos tipo guisero,500 g,2024 - Febrero,1311.59,2024,Febrero,202402.0
Patagonia,Carne picada común,kg,2024 - Febrero,5351.1,2024,Febrero,202402.0
Patagonia,Pollo entero,kg,2024 - Febrero,2214.3,2024,Febrero,202402.0
Patagonia,Aceite de girasol,"1,5 litros",2024 - Febrero,2979.33,2024,Febrero,202402.0
Patagonia,Leche fresca entera sachet,Litro,2024 - Febrero,1137.33,2024,Febrero,202402.0
Patagonia,Huevos de gallina,Docena,2024 - Febrero,2289.14,2024,Febrero,202402.0
Patagonia,Papa,kg,2024 - Febrero,999.78,2024,Febrero,202402.0
Patagonia,Azúcar,kg,2024 - Febrero,1529.32,2024,Febrero,202402.0
Patagonia,Detergente líquido,750 cc,2024 - Febrero,1822.87,2024,Febrero,202402.0
Patagonia,Lavandina,1.000 cc,2024 - Febrero,912.36,2024,Febrero,202402.0
Patagonia,Jabón de tocador,125 g,2024 - Febrero,817.54,2024,Febrero,202402.0
GBA,Pan francés,kg,2024 - Marzo,2214.07,2024,Marzo,202403.0
GBA,Harina de trigo común,kg,2024 - Marzo,818.97,2024,Marzo,202403.0
GBA,Arroz blanco simple,kg,2024 - Marzo,2445.35,2024,Marzo,202403.0
GBA,Fideos secos tipo guisero,500 g,2024 - Marzo,1304.62,2024,Marzo,202403.0
GBA,Carne picada común,kg,2024 - Marzo,4193.13,2024,Marzo,202403.0
GBA,Pollo entero,kg,2024 - Marzo,2370.27,2024,Marzo,202403.0
GBA,Aceite de girasol,"1,5 litros",2024 - Marzo,2979.43,2024,Marzo,202403.0
GBA,Leche fresca entera sachet,Litro,2024 - Marzo,1210.72,2024,Marzo,202403.0
GBA,Huevos de gallina,Docena,2024 - Marzo,2407.0,2024,Marzo,202403.0
GBA,Papa,kg,2024 - Marzo,748.7,2024,Marzo,202403.0
GBA,Azúcar,kg,2024 - Marzo,1216.28,2024,Marzo,202403.0
GBA,Detergente líquido,750 cc,2024 - Marzo,1317.75,2024,Marzo,202403.0
GBA,Lavandina,1.000 cc,2024 - Marzo,936.61,2024,Marzo,202403.0
GBA,Jabón de tocador,125 g,2024 - Marzo,707.67,2024,Marzo,202403.0
Pampeana,Pan francés,kg,2024 - Marzo,1751.83,2024,Marzo,202403.0
Pampeana,Harina de trigo común,kg,2024 - Marzo,859.77,2024,Marzo,202403.0
Pampeana,Arroz blanco simple,kg,2024 - Marzo,2577.4,2024,Marzo,202403.0
Pampeana,Fideos secos tipo guisero,500 g,2024 - Marzo,1334.65,2024,Marzo,202403.0
Pampeana,Carne picada común,kg,2024 - Marzo,4387.78,2024,Marzo,202403.0
Pampeana,Pollo entero,kg,2024 - Marzo,2477.87,2024,Marzo,202403.0
Pampeana,Aceite de girasol,"1,5 litros",2024 - Marzo,3235.54,2024,Marzo,202403.0
Pampeana,Leche fresca entera sachet,Litro,2024 - Marzo,1183.92,2024,Marzo,202403.0
Pampeana,Huevos de gallina,Docena,2024 - Marzo,2250.25,2024,Marzo,202403.0
Pampeana,Papa,kg,2024 - Marzo,753.41,2024,Marzo,202403.0
Pampeana,Azúcar,kg,2024 - Marzo,1320.87,2024,Marzo,202403.0
Pampeana,Detergente líquido,750 cc,2024 - Marzo,1458.62,2024,Marzo,202403.0
Pampeana,Lavandina,1.000 cc,2024 - Marzo,949.3,2024,Marzo,202403.0
Pampeana,Jabón de tocador,125 g,2024 - Marzo,765.52,2024,Marzo,202403.0
Noreste,Pan francés,kg,2024 - Marzo,1437.55,2024,Marzo,202403.0
Noreste,Harina de trigo común,kg,2024 - Marzo,830.18,2024,Marzo,202403.0
Noreste,Arroz blanco simple,kg,2024 - Marzo,2597.94,2024,Marzo,202403.0
Noreste,Fideos secos tipo guisero,500 g,2024 - Marzo,1103.07,2024,Marzo,202403.0
Noreste,Carne picada común,kg,2024 - Marzo,3888.17,2024,Marzo,202403.0
Noreste,Pollo entero,kg,2024 - Marzo,2234.43,2024,Marzo,202403.0
Noreste,Aceite de girasol,"1,5 litros",2024 - Marzo,3305.35,2024,Marzo,202403.0
Noreste,Leche fresca entera sachet,Litro,2024 - Marzo,1183.22,2024,Marzo,202403.0
Noreste,Huevos de gallina,Docena,2024 - Marzo,2003.9,2024,Marzo,202403.0
Noreste,Papa,kg,2024 - Marzo,713.93,2024,Marzo,202403.0
Noreste,Azúcar,kg,2024 - Marzo,1207.84,2024,Marzo,202403.0
Noreste,Detergente líquido,750 cc,2024 - Marzo,1341.54,2024,Marzo,202403.0
Noreste,Lavandina,1.000 cc,2024 - Marzo,974.8,2024,Marzo,202403.0
Noreste,Jabón de tocador,125 g,2024 - Marzo,768.13,2024,Marzo,202403.0
Noroeste,Pan francés,kg,2024 - Marzo,1489.46,2024,Marzo,202403.0
Noroeste,Harina de trigo común,kg,2024 - Marzo,793.42,2024,Marzo,202403.0
Noroeste,Arroz blanco simple,kg,2024 - Marzo,2258.23,2024,Marzo,202403.0
Noroeste,Fideos secos tipo guisero,500 g,2024 - Marzo,1060.82,2024,Marzo,202403.0
Noroeste,Carne picada común,kg,2024 - Marzo,4448.28,2024,Marzo,202403.0
Noroeste,Pollo entero,kg,2024 - Marzo,2334.62,2024,Marzo,202403.0
Noroeste,Aceite de girasol,"1,5 litros",2024 - Marzo,3250.71,2024,Marzo,202403.0
Noroeste,Leche fresca entera sachet,Litro,2024 - Marzo,1107.31,2024,Marzo,202403.0
Noroeste,Huevos de gallina,Docena,2024 - Marzo,1984.23,2024,Marzo,202403.0
Noroeste,Papa,kg,2024 - Marzo,608.84,2024,Marzo,202403.0
Noroeste,Azúcar,kg,2024 - Marzo,1133.05,2024,Marzo,202403.0
Noroeste,Detergente líquido,750 cc,2024 - Marzo,1464.56,2024,Marzo,202403.0
Noroeste,Lavandina,1.000 cc,2024 - Marzo,967.54,2024,Marzo,202403.0
Noroeste,Jabón de tocador,125 g,2024 - Marzo,759.96,2024,Marzo,202403.0
Cuyo,Pan francés,kg,2024 - Marzo,1426.77,2024,Marzo,202403.0
Cuyo,Harina de trigo común,kg,2024 - Marzo,800.88,2024,Marzo,202403.0
Cuyo,Arroz blanco simple,kg,2024 - Marzo,2351.07,2024,Marzo,202403.0
Cuyo,Fideos secos tipo guisero,500 g,2024 - Marzo,1226.33,2024,Marzo,202403.0
Cuyo,Carne picada común,kg,2024 - Marzo,4054.62,2024,Marzo,202403.0
Cuyo,Pollo entero,kg,2024 - Marzo,2629.96,2024,Marzo,202403.0
Cuyo,Aceite de girasol,"1,5 litros",2024 - Marzo,2978.47,2024,Marzo,202403.0
Cuyo,Leche fresca entera sachet,Litro,2024 - Marzo,1276.44,2024,Marzo,202403.0
Cuyo,Huevos de gallina,Docena,2024 - Marzo,2305.27,2024,Marzo,202403.0
Cuyo,Papa,kg,2024 - Marzo,710.85,2024,Marzo,202403.0
Cuyo,Azúcar,kg,2024 - Marzo,1217.77,2024,Marzo,202403.0
Cuyo,Detergente líquido,750 cc,2024 - Marzo,1476.97,2024,Marzo,202403.0
Cuyo,Lavandina,1.000 cc,2024 - Marzo,917.28,2024,Marzo,202403.0
Cuyo,Jabón de tocador,125 g,2024 - Marzo,762.81,2024,Marzo,202403.0
Patagonia,Pan francés,kg,2024 - Marzo,2021.08,2024,Marzo,202403.0
Patagonia,Harina de trigo común,kg,2024 - Marzo,974.56,2024,Marzo,202403.0
Patagonia,Arroz blanco simple,kg,2024 - Marzo,3191.26,2024,Marzo,202403.0
Patagonia,Fideos secos tipo guisero,500 g,2024 - Marzo,1433.28,2024,Marzo,202403.0
Patagonia,Carne picada común,kg,2024 - Marzo,5797.99,2024,Marzo,202403.0
Patagonia,Pollo entero,kg,2024 - Marzo,2558.56,2024,Marzo,202403.0
Patagonia,Aceite de girasol,"1,5 litros",2024 - Marzo,3183.86,2024,Marzo,202403.0
Patagonia,Leche fresca entera sachet,Litro,2024 - Marzo,1328.89,2024,Marzo,202403.0
Patagonia,Huevos de gallina,Docena,2024 - Marzo,2664.36,2024,Marzo,202403.0
Patagonia,Papa,kg,2024 - Marzo,1037.45,2024,Marzo,202403.0
Patagonia,Azúcar,kg,2024 - Marzo,1541.32,2024,Marzo,202403.0
Patagonia,Detergente líquido,750 cc,2024 - Marzo,2000.47,2024,Marzo,202403.0
Patagonia,Lavandina,1.000 cc,2024 - Marzo,991.71,2024,Marzo,202403.0
Patagonia,Jabón de tocador,125 g,2024 - Marzo,844.65,2024,Marzo,202403.0
GBA,Pan francés,kg,2024 - Abril,2376.84,2024,Abril,202404.0
GBA,Harina de trigo común,kg,2024 - Abril,816.97,2024,Abril,202404.0
GBA,Arroz blanco simple,kg,2024 - Abril,2422.83,2024,Abril,202404.0
GBA,Fideos secos tipo guisero,500 g,2024 - Abril,1359.24,2024,Abril,202404.0
GBA,Carne picada común,kg,2024 - Abril,4441.39,2024,Abril,202404.0
GBA,Pollo entero,kg,2024 - Abril,2564.95,2024,Abril,202404.0
GBA,Aceite de girasol,"1,5 litros",2024 - Abril,2969.19,2024,Abril,202404.0
GBA,Leche fresca entera sachet,Litro,2024 - Abril,1276.28,2024,Abril,202404.0
GBA,Huevos de gallina,Docena,2024 - Abril,2559.83,2024,Abril,202404.0
GBA,Papa,kg,2024 - Abril,734.05,2024,Abril,202404.0
GBA,Azúcar,kg,2024 - Abril,1185.14,2024,Abril,202404.0
GBA,Detergente líquido,750 cc,2024 - Abril,1370.91,2024,Abril,202404.0
GBA,Lavandina,1.000 cc,2024 - Abril,984.42,2024,Abril,202404.0
GBA,Jabón de tocador,125 g,2024 - Abril,752.27,2024,Abril,202404.0
Pampeana,Pan francés,kg,2024 - Abril,1833.75,2024,Abril,202404.0
Pampeana,Harina de trigo común,kg,2024 - Abril,867.47,2024,Abril,202404.0
Pampeana,Arroz blanco simple,kg,2024 - Abril,2716.51,2024,Abril,202404.0
Pampeana,Fideos secos tipo guisero,500 g,2024 - Abril,1353.93,2024,Abril,202404.0
Pampeana,Carne picada común,kg,2024 - Abril,4666.75,2024,Abril,202404.0
Pampeana,Pollo entero,kg,2024 - Abril,2701.62,2024,Abril,202404.0
Pampeana,Aceite de girasol,"1,5 litros",2024 - Abril,3238.54,2024,Abril,202404.0
Pampeana,Leche fresca entera sachet,Litro,2024 - Abril,1301.28,2024,Abril,202404.0
Pampeana,Huevos de gallina,Docena,2024 - Abril,2433.98,2024,Abril,202404.0
Pampeana,Papa,kg,2024 - Abril,730.82,2024,Abril,202404.0
Pampeana,Azúcar,kg,2024 - Abril,1257.49,2024,Abril,202404.0
Pampeana,Detergente líquido,750 cc,2024 - Abril,1520.06,2024,Abril,202404.0
Pampeana,Lavandina,1.000 cc,2024 - Abril,985.03,2024,Abril,202404.0
Pampeana,Jabón de tocador,125 g,2024 - Abril,802.22,2024,Abril,202404.0
Noreste,Pan francés,kg,2024 - Abril,1502.34,2024,Abril,202404.0
Noreste,Harina de trigo común,kg,2024 - Abril,855.25,2024,Abril,202404.0
Noreste,Arroz blanco simple,kg,2024 - Abril,2654.09,2024,Abril,202404.0
Noreste,Fideos secos tipo guisero,500 g,2024 - Abril,1100.25,2024,Abril,202404.0
Noreste,Carne picada común,kg,2024 - Abril,4011.98,2024,Abril,202404.0
Noreste,Pollo entero,kg,2024 - Abril,2363.45,2024,Abril,202404.0
Noreste,Aceite de girasol,"1,5 litros",2024 - Abril,3281.58,2024,Abril,202404.0
Noreste,Leche fresca entera sachet,Litro,2024 - Abril,1281.48,2024,Abril,202404.0
Noreste,Huevos de gallina,Docena,2024 - Abril,2254.2,2024,Abril,202404.0
Noreste,Papa,kg,2024 - Abril,684.91,2024,Abril,202404.0
Noreste,Azúcar,kg,2024 - Abril,1166.83,2024,Abril,202404.0
Noreste,Detergente líquido,750 cc,2024 - Abril,1427.4,2024,Abril,202404.0
Noreste,Lavandina,1.000 cc,2024 - Abril,1035.47,2024,Abril,202404.0
Noreste,Jabón de tocador,125 g,2024 - Abril,768.58,2024,Abril,202404.0
Noroeste,Pan francés,kg,2024 - Abril,1546.9,2024,Abril,202404.0
Noroeste,Harina de trigo común,kg,2024 - Abril,798.44,2024,Abril,202404.0
Noroeste,Arroz blanco simple,kg,2024 - Abril,2264.15,2024,Abril,202404.0
Noroeste,Fideos secos tipo guisero,500 g,2024 - Abril,1096.29,2024,Abril,202404.0
Noroeste,Carne picada común,kg,2024 - Abril,4655.37,2024,Abril,202404.0
Noroeste,Pollo entero,kg,2024 - Abril,2561.7,2024,Abril,202404.0
Noroeste,Aceite de girasol,"1,5 litros",2024 - Abril,3222.81,2024,Abril,202404.0
Noroeste,Leche fresca entera sachet,Litro,2024 - Abril,1250.42,2024,Abril,202404.0
Noroeste,Huevos de gallina,Docena,2024 - Abril,2214.08,2024,Abril,202404.0
Noroeste,Papa,kg,2024 - Abril,589.94,2024,Abril,202404.0
Noroeste,Azúcar,kg,2024 - Abril,1064.41,2024,Abril,202404.0
Noroeste,Detergente líquido,750 cc,2024 - Abril,1496.45,2024,Abril,202404.0
Noroeste,Lavandina,1.000 cc,2024 - Abril,995.24,2024,Abril,202404.0
Noroeste,Jabón de tocador,125 g,2024 - Abril,775.33,2024,Abril,202404.0
Cuyo,Pan francés,kg,2024 - Abril,1452.02,2024,Abril,202404.0
Cuyo,Harina de trigo común,kg,2024 - Abril,780.58,2024,Abril,202404.0
Cuyo,Arroz blanco simple,kg,2024 - Abril,2395.14,2024,Abril,202404.0
Cuyo,Fideos secos tipo guisero,500 g,2024 - Abril,1216.36,2024,Abril,202404.0
Cuyo,Carne picada común,kg,2024 - Abril,4335.33,2024,Abril,202404.0
Cuyo,Pollo entero,kg,2024 - Abril,2729.36,2024,Abril,202404.0
Cuyo,Aceite de girasol,"1,5 litros",2024 - Abril,2950.47,2024,Abril,202404.0
Cuyo,Leche fresca entera sachet,Litro,2024 - Abril,1375.4,2024,Abril,202404.0
Cuyo,Huevos de gallina,Docena,2024 - Abril,2473.61,2024,Abril,202404.0
Cuyo,Papa,kg,2024 - Abril,708.39,2024,Abril,202404.0
Cuyo,Azúcar,kg,2024 - Abril,1166.37,2024,Abril,202404.0
Cuyo,Detergente líquido,750 cc,2024 - Abril,1447.55,2024,Abril,202404.0
Cuyo,Lavandina,1.000 cc,2024 - Abril,978.17,2024,Abril,202404.0
Cuyo,Jabón de tocador,125 g,2024 - Abril,780.55,2024,Abril,202404.0
Patagonia,Pan francés,kg,2024 - Abril,2129.43,2024,Abril,202404.0
Patagonia,Harina de trigo común,kg,2024 - Abril,1004.54,2024,Abril,202404.0
Patagonia,Arroz blanco simple,kg,2024 - Abril,3213.41,2024,Abril,202404.0
Patagonia,Fideos secos tipo guisero,500 g,2024 - Abril,1481.02,2024,Abril,202404.0
Patagonia,Carne picada común,kg,2024 - Abril,5563.47,2024,Abril,202404.0
Patagonia,Pollo entero,kg,2024 - Abril,2713.77,2024,Abril,202404.0
Patagonia,Aceite de girasol,"1,5 litros",2024 - Abril,3174.0,2024,Abril,202404.0
Patagonia,Leche fresca entera sachet,Litro,2024 - Abril,1405.65,2024,Abril,202404.0
Patagonia,Huevos de gallina,Docena,2024 - Abril,2916.08,2024,Abril,202404.0
Patagonia,Papa,kg,2024 - Abril,1028.05,2024,Abril,202404.0
Patagonia,Azúcar,kg,2024 - Abril,1507.44,2024,Abril,202404.0
Patagonia,Detergente líquido,750 cc,2024 - Abril,2316.4,2024,Abril,202404.0
Patagonia,Lavandina,1.000 cc,2024 - Abril,1043.67,2024,Abril,202404.0
Patagonia,Jabón de tocador,125 g,2024 - Abril,880.49,2024,Abril,202404.0
GBA,Pan francés,kg,2024 - Mayo,2501.86,2024,Mayo,202405.0
GBA,Harina de trigo común,kg,2024 - Mayo,786.85,2024,Mayo,202405.0
GBA,Arroz blanco simple,kg,2024 - Mayo,2351.11,2024,Mayo,202405.0
GBA,Fideos secos tipo guisero,500 g,2024 - Mayo,1399.7,2024,Mayo,202405.0
GBA,Carne picada común,kg,2024 - Mayo,4673.95,2024,Mayo,202405.0
GBA,Pollo entero,kg,2024 - Mayo,2598.08,2024,Mayo,202405.0
GBA,Aceite de girasol,"1,5 litros",2024 - Mayo,2928.69,2024,Mayo,202405.0
GBA,Leche fresca entera sachet,Litro,2024 - Mayo,1320.05,2024,Mayo,202405.0
GBA,Huevos de gallina,Docena,2024 - Mayo,2573.89,2024,Mayo,202405.0
GBA,Papa,kg,2024 - Mayo,714.83,2024,Mayo,202405.0
GBA,Azúcar,kg,2024 - Mayo,1104.68,2024,Mayo,202405.0
GBA,Detergente líquido,750 cc,2024 - Mayo,1412.97,2024,Mayo,202405.0
GBA,Lavandina,1.000 cc,2024 - Mayo,989.66,2024,Mayo,202405.0
GBA,Jabón de tocador,125 g,2024 - Mayo,756.55,2024,Mayo,202405.0
Pampeana,Pan francés,kg,2024 - Mayo,1937.14,2024,Mayo,202405.0
Pampeana,Harina de trigo común,kg,2024 - Mayo,872.66,2024,Mayo,202405.0
Pampeana,Arroz blanco simple,kg,2024 - Mayo,2661.07,2024,Mayo,202405.0
Pampeana,Fideos secos tipo guisero,500 g,2024 - Mayo,1346.18,2024,Mayo,202405.0
Pampeana,Carne picada común,kg,2024 - Mayo,4877.67,2024,Mayo,202405.0
Pampeana,Pollo entero,kg,2024 - Mayo,2780.2,2024,Mayo,202405.0
Pampeana,Aceite de girasol,"1,5 litros",2024 - Mayo,3149.09,2024,Mayo,202405.0
Pampeana,Leche fresca entera sachet,Litro,2024 - Mayo,1334.58,2024,Mayo,202405.0
Pampeana,Huevos de gallina,Docena,2024 - Mayo,2493.15,2024,Mayo,202405.0
Pampeana,Papa,kg,2024 - Mayo,733.76,2024,Mayo,202405.0
Pampeana,Azúcar,kg,2024 - Mayo,1197.22,2024,Mayo,202405.0
Pampeana,Detergente líquido,750 cc,2024 - Mayo,1598.07,2024,Mayo,202405.0
Pampeana,Lavandina,1.000 cc,2024 - Mayo,1009.65,2024,Mayo,202405.0
Pampeana,Jabón de tocador,125 g,2024 - Mayo,830.17,2024,Mayo,202405.0
Noreste,Pan francés,kg,2024 - Mayo,1578.44,2024,Mayo,202405.0
Noreste,Harina de trigo común,kg,2024 - Mayo,851.35,2024,Mayo,202405.0
Noreste,Arroz blanco simple,kg,2024 - Mayo,2475.79,2024,Mayo,202405.0
Noreste,Fideos secos tipo guisero,500 g,2024 - Mayo,1119.04,2024,Mayo,202405.0
Noreste,Carne picada común,kg,2024 - Mayo,4147.9,2024,Mayo,202405.0
Noreste,Pollo entero,kg,2024 - Mayo,2420.73,2024,Mayo,202405.0
Noreste,Aceite de girasol,"1,5 litros",2024 - Mayo,3190.66,2024,Mayo,202405.0
Noreste,Leche fresca entera sachet,Litro,2024 - Mayo,1287.03,2024,Mayo,202405.0
Noreste,Huevos de gallina,Docena,2024 - Mayo,2274.91,2024,Mayo,202405.0
Noreste,Papa,kg,2024 - Mayo,669.42,2024,Mayo,202405.0
Noreste,Azúcar,kg,2024 - Mayo,1066.86,2024,Mayo,202405.0
Noreste,Detergente líquido,750 cc,2024 - Mayo,1499.04,2024,Mayo,202405.0
Noreste,Lavandina,1.000 cc,2024 - Mayo,1062.69,2024,Mayo,202405.0
Noreste,Jabón de tocador,125 g,2024 - Mayo,771.95,2024,Mayo,202405.0
Noroeste,Pan francés,kg,2024 - Mayo,1636.62,2024,Mayo,202405.0
Noroeste,Harina de trigo común,kg,2024 - Mayo,804.44,2024,Mayo,202405.0
Noroeste,Arroz blanco simple,kg,2024 - Mayo,2277.93,2024,Mayo,202405.0
Noroeste,Fideos secos tipo guisero,500 g,2024 - Mayo,1123.9,2024,Mayo,202405.0
Noroeste,Carne picada común,kg,2024 - Mayo,4927.91,2024,Mayo,202405.0
Noroeste,Pollo entero,kg,2024 - Mayo,2563.77,2024,Mayo,202405.0
Noroeste,Aceite de girasol,"1,5 litros",2024 - Mayo,3165.79,2024,Mayo,202405.0
Noroeste,Leche fresca entera sachet,Litro,2024 - Mayo,1287.7,2024,Mayo,202405.0
Noroeste,Huevos de gallina,Docena,2024 - Mayo,2257.18,2024,Mayo,202405.0
Noroeste,Papa,kg,2024 - Mayo,592.08,2024,Mayo,202405.0
Noroeste,Azúcar,kg,2024 - Mayo,1004.82,2024,Mayo,202405.0
Noroeste,Detergente líquido,750 cc,2024 - Mayo,1547.66,2024,Mayo,202405.0
Noroeste,Lavandina,1.000 cc,2024 - Mayo,1019.84,2024,Mayo,202405.0
Noroeste,Jabón de tocador,125 g,2024 - Mayo,780.09,2024,Mayo,202405.0
Cuyo,Pan francés,kg,2024 - Mayo,1546.82,2024,Mayo,202405.0
Cuyo,Harina de trigo común,kg,2024 - Mayo,803.93,2024,Mayo,202405.0
Cuyo,Arroz blanco simple,kg,2024 - Mayo,2341.35,2024,Mayo,202405.0
Cuyo,Fideos secos tipo guisero,500 g,2024 - Mayo,1248.75,2024,Mayo,202405.0
Cuyo,Carne picada común,kg,2024 - Mayo,4422.19,2024,Mayo,202405.0
Cuyo,Pollo entero,kg,2024 - Mayo,2761.88,2024,Mayo,202405.0
Cuyo,Aceite de girasol,"1,5 litros",2024 - Mayo,2873.99,2024,Mayo,202405.0
Cuyo,Leche fresca entera sachet,Litro,2024 - Mayo,1415.11,2024,Mayo,202405.0
Cuyo,Huevos de gallina,Docena,2024 - Mayo,2531.48,2024,Mayo,202405.0
Cuyo,Papa,kg,2024 - Mayo,687.93,2024,Mayo,202405.0
Cuyo,Azúcar,kg,2024 - Mayo,1077.2,2024,Mayo,202405.0
Cuyo,Detergente líquido,750 cc,2024 - Mayo,1461.01,2024,Mayo,202405.0
Cuyo,Lavandina,1.000 cc,2024 - Mayo,1006.72,2024,Mayo,202405.0
Cuyo,Jabón de tocador,125 g,2024 - Mayo,804.48,2024,Mayo,202405.0
Patagonia,Pan francés,kg,2024 - Mayo,2217.22,2024,Mayo,202405.0
Patagonia,Harina de trigo común,kg,2024 - Mayo,1003.42,2024,Mayo,202405.0
Patagonia,Arroz blanco simple,kg,2024 - Mayo,3261.16,2024,Mayo,202405.0
Patagonia,Fideos secos tipo guisero,500 g,2024 - Mayo,1508.34,2024,Mayo,202405.0
Patagonia,Carne picada común,kg,2024 - Mayo,5469.69,2024,Mayo,202405.0
Patagonia,Pollo entero,kg,2024 - Mayo,2832.99,2024,Mayo,202405.0
Patagonia,Aceite de girasol,"1,5 litros",2024 - Mayo,3128.21,2024,Mayo,202405.0
Patagonia,Leche fresca entera sachet,Litro,2024 - Mayo,1490.65,2024,Mayo,202405.0
Patagonia,Huevos de gallina,Docena,2024 - Mayo,2971.97,2024,Mayo,202405.0
Patagonia,Papa,kg,2024 - Mayo,1022.68,2024,Mayo,202405.0
Patagonia,Azúcar,kg,2024 - Mayo,1387.43,2024,Mayo,202405.0
Patagonia,Detergente líquido,750 cc,2024 - Mayo,2306.87,2024,Mayo,202405.0
Patagonia,Lavandina,1.000 cc,2024 - Mayo,1106.52,2024,Mayo,202405.0
Patagonia,Jabón de tocador,125 g,2024 - Mayo,913.33,2024,Mayo,202405.0
GBA,Pan francés,kg,2024 - Junio,2597.5,2024,Junio,202406.0
GBA,Harina de trigo común,kg,2024 - Junio,828.26,2024,Junio,202406.0
GBA,Arroz blanco simple,kg,2024 - Junio,2336.91,2024,Junio,202406.0
GBA,Fideos secos tipo guisero,500 g,2024 - Junio,1371.32,2024,Junio,202406.0
GBA,Carne picada común,kg,2024 - Junio,4837.91,2024,Junio,202406.0
GBA,Pollo entero,kg,2024 - Junio,2602.27,2024,Junio,202406.0
GBA,Aceite de girasol,"1,5 litros",2024 - Junio,2933.21,2024,Junio,202406.0
GBA,Leche fresca entera sachet,Litro,2024 - Junio,1355.43,2024,Junio,202406.0
GBA,Huevos de gallina,Docena,2024 - Junio,2576.45,2024,Junio,202406.0
GBA,Papa,kg,2024 - Junio,708.8,2024,Junio,202406.0
GBA,Azúcar,kg,2024 - Junio,1088.92,2024,Junio,202406.0
GBA,Detergente líquido,750 cc,2024 - Junio,1483.27,2024,Junio,202406.0
GBA,Lavandina,1.000 cc,2024 - Junio,1012.68,2024,Junio,202406.0
GBA,Jabón de tocador,125 g,2024 - Junio,751.23,2024,Junio,202406.0
Pampeana,Pan francés,kg,2024 - Junio,2094.22,2024,Junio,202406.0
Pampeana,Harina de trigo común,kg,2024 - Junio,902.5,2024,Junio,202406.0
Pampeana,Arroz blanco simple,kg,2024 - Junio,2648.16,2024,Junio,202406.0
Pampeana,Fideos secos tipo guisero,500 g,2024 - Junio,1350.0,2024,Junio,202406.0
Pampeana,Carne picada común,kg,2024 - Junio,5023.41,2024,Junio,202406.0
Pampeana,Pollo entero,kg,2024 - Junio,2745.52,2024,Junio,202406.0
Pampeana,Aceite de girasol,"1,5 litros",2024 - Junio,3121.35,2024,Junio,202406.0
Pampeana,Leche fresca entera sachet,Litro,2024 - Junio,1396.26,2024,Junio,202406.0
Pampeana,Huevos de gallina,Docena,2024 - Junio,2555.51,2024,Junio,202406.0
Pampeana,Papa,kg,2024 - Junio,734.39,2024,Junio,202406.0
Pampeana,Azúcar,kg,2024 - Junio,1143.83,2024,Junio,202406.0
Pampeana,Detergente líquido,750 cc,2024 - Junio,1623.54,2024,Junio,202406.0
Pampeana,Lavandina,1.000 cc,2024 - Junio,1024.06,2024,Junio,202406.0
Pampeana,Jabón de tocador,125 g,2024 - Junio,829.15,2024,Junio,202406.0
Noreste,Pan francés,kg,2024 - Junio,1694.9,2024,Junio,202406.0
Noreste,Harina de trigo común,kg,2024 - Junio,843.19,2024,Junio,202406.0
Noreste,Arroz blanco simple,kg,2024 - Junio,2426.49,2024,Junio,202406.0
Noreste,Fideos secos tipo guisero,500 g,2024 - Junio,1126.18,2024,Junio,202406.0
Noreste,Carne picada común,kg,2024 - Junio,4265.82,2024,Junio,202406.0
Noreste,Pollo entero,kg,2024 - Junio,2389.87,2024,Junio,202406.0
Noreste,Aceite de girasol,"1,5 litros",2024 - Junio,3196.42,2024,Junio,202406.0
Noreste,Leche fresca entera sachet,Litro,2024 - Junio,1355.24,2024,Junio,202406.0
Noreste,Huevos de gallina,Docena,2024 - Junio,2355.71,2024,Junio,202406.0
Noreste,Papa,kg,2024 - Junio,692.6,2024,Junio,202406.0
Noreste,Azúcar,kg,2024 - Junio,1011.13,2024,Junio,202406.0
Noreste,Detergente líquido,750 cc,2024 - Junio,1519.62,2024,Junio,202406.0
Noreste,Lavandina,1.000 cc,2024 - Junio,1050.78,2024,Junio,202406.0
Noreste,Jabón de tocador,125 g,2024 - Junio,796.78,2024,Junio,202406.0
Noroeste,Pan francés,kg,2024 - Junio,1752.95,2024,Junio,202406.0
Noroeste,Harina de trigo común,kg,2024 - Junio,832.48,2024,Junio,202406.0
Noroeste,Arroz blanco simple,kg,2024 - Junio,2278.52,2024,Junio,202406.0
Noroeste,Fideos secos tipo guisero,500 g,2024 - Junio,1142.32,2024,Junio,202406.0
Noroeste,Carne picada común,kg,2024 - Junio,5028.98,2024,Junio,202406.0
Noroeste,Pollo entero,kg,2024 - Junio,2503.61,2024,Junio,202406.0
Noroeste,Aceite de girasol,"1,5 litros",2024 - Junio,3128.65,2024,Junio,202406.0
Noroeste,Leche fresca entera sachet,Litro,2024 - Junio,1327.36,2024,Junio,202406.0
Noroeste,Huevos de gallina,Docena,2024 - Junio,2327.89,2024,Junio,202406.0
Noroeste,Papa,kg,2024 - Junio,604.71,2024,Junio,202406.0
Noroeste,Azúcar,kg,2024 - Junio,972.28,2024,Junio,202406.0
Noroeste,Detergente líquido,750 cc,2024 - Junio,1535.91,2024,Junio,202406.0
Noroeste,Lavandina,1.000 cc,2024 - Junio,1016.13,2024,Junio,202406.0
Noroeste,Jabón de tocador,125 g,2024 - Junio,778.12,2024,Junio,202406.0
Cuyo,Pan francés,kg,2024 - Junio,1613.67,2024,Junio,202406.0
Cuyo,Harina de trigo común,kg,2024 - Junio,833.38,2024,Junio,202406.0
Cuyo,Arroz blanco simple,kg,2024 - Junio,2318.03,2024,Junio,202406.0
Cuyo,Fideos secos tipo guisero,500 g,2024 - Junio,1215.7,2024,Junio,202406.0
Cuyo,Carne picada común,kg,2024 - Junio,4565.31,2024,Junio,202406.0
Cuyo,Pollo entero,kg,2024 - Junio,2692.13,2024,Junio,202406.0
Cuyo,Aceite de girasol,"1,5 litros",2024 - Junio,2923.42,2024,Junio,202406.0
Cuyo,Leche fresca entera sachet,Litro,2024 - Junio,1451.11,2024,Junio,202406.0
Cuyo,Huevos de gallina,Docena,2024 - Junio,2543.48,2024,Junio,202406.0
Cuyo,Papa,kg,2024 - Junio,777.34,2024,Junio,202406.0
Cuyo,Azúcar,kg,2024 - Junio,1088.14,2024,Junio,202406.0
Cuyo,Detergente líquido,750 cc,2024 - Junio,1472.55,2024,Junio,202406.0
Cuyo,Lavandina,1.000 cc,2024 - Junio,1018.34,2024,Junio,202406.0
Cuyo,Jabón de tocador,125 g,2024 - Junio,794.72,2024,Junio,202406.0
Patagonia,Pan francés,kg,2024 - Junio,2385.2,2024,Junio,202406.0
Patagonia,Harina de trigo común,kg,2024 - Junio,1025.27,2024,Junio,202406.0
Patagonia,Arroz blanco simple,kg,2024 - Junio,3255.71,2024,Junio,202406.0
Patagonia,Fideos secos tipo guisero,500 g,2024 - Junio,1503.18,2024,Junio,202406.0
Patagonia,Carne picada común,kg,2024 - Junio,5342.3,2024,Junio,202406.0
Patagonia,Pollo entero,kg,2024 - Junio,2849.71,2024,Junio,202406.0
Patagonia,Aceite de girasol,"1,5 litros",2024 - Junio,3161.48,2024,Junio,202406.0
Patagonia,Leche fresca entera sachet,Litro,2024 - Junio,1535.68,2024,Junio,202406.0
Patagonia,Huevos de gallina,Docena,2024 - Junio,3016.35,2024,Junio,202406.0
Patagonia,Papa,kg,2024 - Junio,1079.65,2024,Junio,202406.0
Patagonia,Azúcar,kg,2024 - Junio,1377.16,2024,Junio,202406.0
Patagonia,Detergente líquido,750 cc,2024 - Junio,2274.62,2024,Junio,202406.0
Patagonia,Lavandina,1.000 cc,2024 - Junio,1088.59,2024,Junio,202406.0
Patagonia,Jabón de tocador,125 g,2024 - Junio,909.57,2024,Junio,202406.0
GBA,Pan francés,kg,2024 - Julio,2663.51,2024,Julio,202407.0
GBA,Harina de trigo común,kg,2024 - Julio,851.77,2024,Julio,202407.0
GBA,Arroz blanco simple,kg,2024 - Julio,2301.88,2024,Julio,202407.0
GBA,Fideos secos tipo guisero,500 g,2024 - Julio,1396.5,2024,Julio,202407.0
GBA,Carne picada común,kg,2024 - Julio,4883.83,2024,Julio,202407.0
GBA,Pollo entero,kg,2024 - Julio,2659.11,2024,Julio,202407.0
GBA,Aceite de girasol,"1,5 litros",2024 - Julio,2957.99,2024,Julio,202407.0
GBA,Leche fresca entera sachet,Litro,2024 - Julio,1305.07,2024,Julio,202407.0
GBA,Huevos de gallina,Docena,2024 - Julio,2654.92,2024,Julio,202407.0
GBA,Papa,kg,2024 - Julio,913.17,2024,Julio,202407.0
GBA,Azúcar,kg,2024 - Julio,1080.57,2024,Julio,202407.0
GBA,Detergente líquido,750 cc,2024 - Julio,1499.6,2024,Julio,202407.0
GBA,Lavandina,1.000 cc,2024 - Julio,1048.24,2024,Julio,202407.0
GBA,Jabón de tocador,125 g,2024 - Julio,779.25,2024,Julio,202407.0
Pampeana,Pan francés,kg,2024 - Julio,2160.38,2024,Julio,202407.0
Pampeana,Harina de trigo común,kg,2024 - Julio,930.16,2024,Julio,202407.0
Pampeana,Arroz blanco simple,kg,2024 - Julio,2688.94,2024,Julio,202407.0
Pampeana,Fideos secos tipo guisero,500 g,2024 - Julio,1348.26,2024,Julio,202407.0
Pampeana,Carne picada común,kg,2024 - Julio,5102.0,2024,Julio,202407.0
Pampeana,Pollo entero,kg,2024 - Julio,2813.62,2024,Julio,202407.0
Pampeana,Aceite de girasol,"1,5 litros",2024 - Julio,3191.79,2024,Julio,202407.0
Pampeana,Leche fresca entera sachet,Litro,2024 - Julio,1401.81,2024,Julio,202407.0
Pampeana,Huevos de gallina,Docena,2024 - Julio,2615.96,2024,Julio,202407.0
Pampeana,Papa,kg,2024 - Julio,878.3,2024,Julio,202407.0
Pampeana,Azúcar,kg,2024 - Julio,1127.73,2024,Julio,202407.0
Pampeana,Detergente líquido,750 cc,2024 - Julio,1672.39,2024,Julio,202407.0
Pampeana,Lavandina,1.000 cc,2024 - Julio,1062.64,2024,Julio,202407.0
Pampeana,Jabón de tocador,125 g,2024 - Julio,863.19,2024,Julio,202407.0
Noreste,Pan francés,kg,2024 - Julio,1759.27,2024,Julio,202407.0
Noreste,Harina de trigo común,kg,2024 - Julio,871.62,2024,Julio,202407.0
Noreste,Arroz blanco simple,kg,2024 - Julio,2417.42,2024,Julio,202407.0
Noreste,Fideos secos tipo guisero,500 g,2024 - Julio,1136.75,2024,Julio,202407.0
Noreste,Carne picada común,kg,2024 - Julio,4355.23,2024,Julio,202407.0
Noreste,Pollo entero,kg,2024 - Julio,2392.69,2024,Julio,202407.0
Noreste,Aceite de girasol,"1,5 litros",2024 - Julio,3148.23,2024,Julio,202407.0
Noreste,Leche fresca entera sachet,Litro,2024 - Julio,1348.78,2024,Julio,202407.0
Noreste,Huevos de gallina,Docena,2024 - Julio,2378.47,2024,Julio,202407.0
Noreste,Papa,kg,2024 - Julio,803.36,2024,Julio,202407.0
Noreste,Azúcar,kg,2024 - Julio,990.55,2024,Julio,202407.0
Noreste,Detergente líquido,750 cc,2024 - Julio,1555.99,2024,Julio,202407.0
Noreste,Lavandina,1.000 cc,2024 - Julio,1095.1,2024,Julio,202407.0
Noreste,Jabón de tocador,125 g,2024 - Julio,805.63,2024,Julio,202407.0
Noroeste,Pan francés,kg,2024 - Julio,1800.45,2024,Julio,202407.0
Noroeste,Harina de trigo común,kg,2024 - Julio,854.81,2024,Julio,202407.0
Noroeste,Arroz blanco simple,kg,2024 - Julio,2216.19,2024,Julio,202407.0
Noroeste,Fideos secos tipo guisero,500 g,2024 - Julio,1150.0,2024,Julio,202407.0
Noroeste,Carne picada común,kg,2024 - Julio,5213.78,2024,Julio,202407.0
Noroeste,Pollo entero,kg,2024 - Julio,2571.83,2024,Julio,202407.0
Noroeste,Aceite de girasol,"1,5 litros",2024 - Julio,3190.02,2024,Julio,202407.0
Noroeste,Leche fresca entera sachet,Litro,2024 - Julio,1334.74,2024,Julio,202407.0
Noroeste,Huevos de gallina,Docena,2024 - Julio,2392.51,2024,Julio,202407.0
Noroeste,Papa,kg,2024 - Julio,730.32,2024,Julio,202407.0
Noroeste,Azúcar,kg,2024 - Julio,960.8,2024,Julio,202407.0
Noroeste,Detergente líquido,750 cc,2024 - Julio,1585.11,2024,Julio,202407.0
Noroeste,Lavandina,1.000 cc,2024 - Julio,1030.2,2024,Julio,202407.0
Noroeste,Jabón de tocador,125 g,2024 - Julio,795.22,2024,Julio,202407.0
Cuyo,Pan francés,kg,2024 - Julio,1688.35,2024,Julio,202407.0
Cuyo,Harina de trigo común,kg,2024 - Julio,878.36,2024,Julio,202407.0
Cuyo,Arroz blanco simple,kg,2024 - Julio,2335.6,2024,Julio,202407.0
Cuyo,Fideos secos tipo guisero,500 g,2024 - Julio,1243.19,2024,Julio,202407.0
Cuyo,Carne picada común,kg,2024 - Julio,4616.85,2024,Julio,202407.0
Cuyo,Pollo entero,kg,2024 - Julio,2800.82,2024,Julio,202407.0
Cuyo,Aceite de girasol,"1,5 litros",2024 - Julio,2961.34,2024,Julio,202407.0
Cuyo,Leche fresca entera sachet,Litro,2024 - Julio,1426.78,2024,Julio,202407.0
Cuyo,Huevos de gallina,Docena,2024 - Julio,2647.61,2024,Julio,202407.0
Cuyo,Papa,kg,2024 - Julio,919.57,2024,Julio,202407.0
Cuyo,Azúcar,kg,2024 - Julio,1068.84,2024,Julio,202407.0
Cuyo,Detergente líquido,750 cc,2024 - Julio,1505.12,2024,Julio,202407.0
Cuyo,Lavandina,1.000 cc,2024 - Julio,1094.83,2024,Julio,202407.0
Cuyo,Jabón de tocador,125 g,2024 - Julio,824.37,2024,Julio,202407.0
Patagonia,Pan francés,kg,2024 - Julio,2479.76,2024,Julio,202407.0
Patagonia,Harina de trigo común,kg,2024 - Julio,1031.78,2024,Julio,202407.0
Patagonia,Arroz blanco simple,kg,2024 - Julio,3171.5,2024,Julio,202407.0
Patagonia,Fideos secos tipo guisero,500 g,2024 - Julio,1493.33,2024,Julio,202407.0
Patagonia,Carne picada común,kg,2024 - Julio,5538.81,2024,Julio,202407.0
Patagonia,Pollo entero,kg,2024 - Julio,2897.43,2024,Julio,202407.0
Patagonia,Aceite de girasol,"1,5 litros",2024 - Julio,3175.8,2024,Julio,202407.0
Patagonia,Leche fresca entera sachet,Litro,2024 - Julio,1495.9,2024,Julio,202407.0
Patagonia,Huevos de gallina,Docena,2024 - Julio,3000.47,2024,Julio,202407.0
Patagonia,Papa,kg,2024 - Julio,1207.14,2024,Julio,202407.0
Patagonia,Azúcar,kg,2024 - Julio,1344.02,2024,Julio,202407.0
Patagonia,Detergente líquido,750 cc,2024 - Julio,2485.98,2024,Julio,202407.0
Patagonia,Lavandina,1.000 cc,2024 - Julio,1162.98,2024,Julio,202407.0
Patagonia,Jabón de tocador,125 g,2024 - Julio,904.17,2024,Julio,202407.0
GBA,Pan francés,kg,2024 - Agosto,2774.95,2024,Agosto,202408.0
GBA,Harina de trigo común,kg,2024 - Agosto,829.47,2024,Agosto,202408.0
GBA,Arroz blanco simple,kg,2024 - Agosto,2288.26,2024,Agosto,202408.0
GBA,Fideos secos tipo guisero,500 g,2024 - Agosto,1431.34,2024,Agosto,202408.0
GBA,Carne picada común,kg,2024 - Agosto,4913.59,2024,Agosto,202408.0
GBA,Pollo entero,kg,2024 - Agosto,2853.71,2024,Agosto,202408.0
GBA,Aceite de girasol,"1,5 litros",2024 - Agosto,2985.42,2024,Agosto,202408.0
GBA,Leche fresca entera sachet,Litro,2024 - Agosto,1353.44,2024,Agosto,202408.0
GBA,Huevos de gallina,Docena,2024 - Agosto,2732.1,2024,Agosto,202408.0
GBA,Papa,kg,2024 - Agosto,1274.15,2024,Agosto,202408.0
GBA,Azúcar,kg,2024 - Agosto,1127.88,2024,Agosto,202408.0
GBA,Detergente líquido,750 cc,2024 - Agosto,1495.37,2024,Agosto,202408.0
GBA,Lavandina,1.000 cc,2024 - Agosto,1042.22,2024,Agosto,202408.0
GBA,Jabón de tocador,125 g,2024 - Agosto,808.63,2024,Agosto,202408.0
Pampeana,Pan francés,kg,2024 - Agosto,2237.21,2024,Agosto,202408.0
Pampeana,Harina de trigo común,kg,2024 - Agosto,941.67,2024,Agosto,202408.0
Pampeana,Arroz blanco simple,kg,2024 - Agosto,2643.63,2024,Agosto,202408.0
Pampeana,Fideos secos tipo guisero,500 g,2024 - Agosto,1355.39,2024,Agosto,202408.0
Pampeana,Carne picada común,kg,2024 - Agosto,5215.75,2024,Agosto,202408.0
Pampeana,Pollo entero,kg,2024 - Agosto,2980.99,2024,Agosto,202408.0
Pampeana,Aceite de girasol,"1,5 litros",2024 - Agosto,3266.25,2024,Agosto,202408.0
Pampeana,Leche fresca entera sachet,Litro,2024 - Agosto,1455.42,2024,Agosto,202408.0
Pampeana,Huevos de gallina,Docena,2024 - Agosto,2712.1,2024,Agosto,202408.0
Pampeana,Papa,kg,2024 - Agosto,1286.93,2024,Agosto,202408.0
Pampeana,Azúcar,kg,2024 - Agosto,1125.63,2024,Agosto,202408.0
Pampeana,Detergente líquido,750 cc,2024 - Agosto,1735.44,2024,Agosto,202408.0
Pampeana,Lavandina,1.000 cc,2024 - Agosto,1081.6,2024,Agosto,202408.0
Pampeana,Jabón de tocador,125 g,2024 - Agosto,888.74,2024,Agosto,202408.0
Noreste,Pan francés,kg,2024 - Agosto,1807.72,2024,Agosto,202408.0
Noreste,Harina de trigo común,kg,2024 - Agosto,863.22,2024,Agosto,202408.0
Noreste,Arroz blanco simple,kg,2024 - Agosto,2343.49,2024,Agosto,202408.0
Noreste,Fideos secos tipo guisero,500 g,2024 - Agosto,1133.67,2024,Agosto,202408.0
Noreste,Carne picada común,kg,2024 - Agosto,4638.6,2024,Agosto,202408.0
Noreste,Pollo entero,kg,2024 - Agosto,2521.39,2024,Agosto,202408.0
Noreste,Aceite de girasol,"1,5 litros",2024 - Agosto,3167.89,2024,Agosto,202408.0
Noreste,Leche fresca entera sachet,Litro,2024 - Agosto,1430.85,2024,Agosto,202408.0
Noreste,Huevos de gallina,Docena,2024 - Agosto,2399.05,2024,Agosto,202408.0
Noreste,Papa,kg,2024 - Agosto,1257.61,2024,Agosto,202408.0
Noreste,Azúcar,kg,2024 - Agosto,995.22,2024,Agosto,202408.0
Noreste,Detergente líquido,750 cc,2024 - Agosto,1595.83,2024,Agosto,202408.0
Noreste,Lavandina,1.000 cc,2024 - Agosto,1101.45,2024,Agosto,202408.0
Noreste,Jabón de tocador,125 g,2024 - Agosto,818.52,2024,Agosto,202408.0
Noroeste,Pan francés,kg,2024 - Agosto,1859.56,2024,Agosto,202408.0
Noroeste,Harina de trigo común,kg,2024 - Agosto,869.65,2024,Agosto,202408.0
Noroeste,Arroz blanco simple,kg,2024 - Agosto,2182.11,2024,Agosto,202408.0
Noroeste,Fideos secos tipo guisero,500 g,2024 - Agosto,1155.19,2024,Agosto,202408.0
Noroeste,Carne picada común,kg,2024 - Agosto,5362.0,2024,Agosto,202408.0
Noroeste,Pollo entero,kg,2024 - Agosto,2770.0,2024,Agosto,202408.0
Noroeste,Aceite de girasol,"1,5 litros",2024 - Agosto,3186.45,2024,Agosto,202408.0
Noroeste,Leche fresca entera sachet,Litro,2024 - Agosto,1384.56,2024,Agosto,202408.0
Noroeste,Huevos de gallina,Docena,2024 - Agosto,2484.09,2024,Agosto,202408.0
Noroeste,Papa,kg,2024 - Agosto,1142.16,2024,Agosto,202408.0
Noroeste,Azúcar,kg,2024 - Agosto,943.11,2024,Agosto,202408.0
Noroeste,Detergente líquido,750 cc,2024 - Agosto,1614.89,2024,Agosto,202408.0
Noroeste,Lavandina,1.000 cc,2024 - Agosto,1060.08,2024,Agosto,202408.0
Noroeste,Jabón de tocador,125 g,2024 - Agosto,825.6,2024,Agosto,202408.0
Cuyo,Pan francés,kg,2024 - Agosto,1750.8,2024,Agosto,202408.0
Cuyo,Harina de trigo común,kg,2024 - Agosto,874.72,2024,Agosto,202408.0
Cuyo,Arroz blanco simple,kg,2024 - Agosto,2333.3,2024,Agosto,202408.0
Cuyo,Fideos secos tipo guisero,500 g,2024 - Agosto,1259.43,2024,Agosto,202408.0
Cuyo,Carne picada común,kg,2024 - Agosto,4714.82,2024,Agosto,202408.0
Cuyo,Pollo entero,kg,2024 - Agosto,3051.76,2024,Agosto,202408.0
Cuyo,Aceite de girasol,"1,5 litros",2024 - Agosto,3058.81,2024,Agosto,202408.0
Cuyo,Leche fresca entera sachet,Litro,2024 - Agosto,1474.44,2024,Agosto,202408.0
Cuyo,Huevos de gallina,Docena,2024 - Agosto,2762.59,2024,Agosto,202408.0
Cuyo,Papa,kg,2024 - Agosto,1425.73,2024,Agosto,202408.0
Cuyo,Azúcar,kg,2024 - Agosto,1033.54,2024,Agosto,202408.0
Cuyo,Detergente líquido,750 cc,2024 - Agosto,1529.52,2024,Agosto,202408.0
Cuyo,Lavandina,1.000 cc,2024 - Agosto,1136.8,2024,Agosto,202408.0
Cuyo,Jabón de tocador,125 g,2024 - Agosto,850.85,2024,Agosto,202408.0
Patagonia,Pan francés,kg,2024 - Agosto,2567.58,2024,Agosto,202408.0
Patagonia,Harina de trigo común,kg,2024 - Agosto,1050.15,2024,Agosto,202408.0
Patagonia,Arroz blanco simple,kg,2024 - Agosto,3097.06,2024,Agosto,202408.0
Patagonia,Fideos secos tipo guisero,500 g,2024 - Agosto,1516.49,2024,Agosto,202408.0
Patagonia,Carne picada común,kg,2024 - Agosto,5732.88,2024,Agosto,202408.0
Patagonia,Pollo entero,kg,2024 - Agosto,3033.73,2024,Agosto,202408.0
Patagonia,Aceite de girasol,"1,5 litros",2024 - Agosto,3192.58,2024,Agosto,202408.0
Patagonia,Leche fresca entera sachet,Litro,2024 - Agosto,1531.55,2024,Agosto,202408.0
Patagonia,Huevos de gallina,Docena,2024 - Agosto,3094.62,2024,Agosto,202408.0
Patagonia,Papa,kg,2024 - Agosto,1604.01,2024,Agosto,202408.0
Patagonia,Azúcar,kg,2024 - Agosto,1329.71,2024,Agosto,202408.0
Patagonia,Detergente líquido,750 cc,2024 - Agosto,2544.68,2024,Agosto,202408.0
Patagonia,Lavandina,1.000 cc,2024 - Agosto,1206.88,2024,Agosto,202408.0
Patagonia,Jabón de tocador,125 g,2024 - Agosto,915.87,2024,Agosto,202408.0
GBA,Pan francés,kg,2024 - Septiembre,2878.01,2024,Septiembre,202409.0
GBA,Harina de trigo común,kg,2024 - Septiembre,829.22,2024,Septiembre,202409.0
GBA,Arroz blanco simple,kg,2024 - Septiembre,2262.0,2024,Septiembre,202409.0
GBA,Fideos secos tipo guisero,500 g,2024 - Septiembre,1394.23,2024,Septiembre,202409.0
GBA,Carne picada común,kg,2024 - Septiembre,4934.2,2024,Septiembre,202409.0
GBA,Pollo entero,kg,2024 - Septiembre,3002.26,2024,Septiembre,202409.0
GBA,Aceite de girasol,"1,5 litros",2024 - Septiembre,3025.31,2024,Septiembre,202409.0
GBA,Leche fresca entera sachet,Litro,2024 - Septiembre,1358.1,2024,Septiembre,202409.0
GBA,Huevos de gallina,Docena,2024 - Septiembre,2848.02,2024,Septiembre,202409.0
GBA,Papa,kg,2024 - Septiembre,1326.9,2024,Septiembre,202409.0
GBA,Azúcar,kg,2024 - Septiembre,1109.76,2024,Septiembre,202409.0
GBA,Detergente líquido,750 cc,2024 - Septiembre,1509.9,2024,Septiembre,202409.0
GBA,Lavandina,1.000 cc,2024 - Septiembre,1052.82,2024,Septiembre,202409.0
GBA,Jabón de tocador,125 g,2024 - Septiembre,837.75,2024,Septiembre,202409.0
Pampeana,Pan francés,kg,2024 - Septiembre,2290.12,2024,Septiembre,202409.0
Pampeana,Harina de trigo común,kg,2024 - Septiembre,942.67,2024,Septiembre,202409.0
Pampeana,Arroz blanco simple,kg,2024 - Septiembre,2635.55,2024,Septiembre,202409.0
Pampeana,Fideos secos tipo guisero,500 g,2024 - Septiembre,1363.24,2024,Septiembre,202409.0
Pampeana,Carne picada común,kg,2024 - Septiembre,5245.41,2024,Septiembre,202409.0
Pampeana,Pollo entero,kg,2024 - Septiembre,3135.74,2024,Septiembre,202409.0
Pampeana,Aceite de girasol,"1,5 litros",2024 - Septiembre,3352.93,2024,Septiembre,202409.0
Pampeana,Leche fresca entera sachet,Litro,2024 - Septiembre,1470.87,2024,Septiembre,202409.0
Pampeana,Huevos de gallina,Docena,2024 - Septiembre,2825.0,2024,Septiembre,202409.0
Pampeana,Papa,kg,2024 - Septiembre,1356.74,2024,Septiembre,202409.0
Pampeana,Azúcar,kg,2024 - Septiembre,1137.22,2024,Septiembre,202409.0
Pampeana,Detergente líquido,750 cc,2024 - Septiembre,1799.95,2024,Septiembre,202409.0
Pampeana,Lavandina,1.000 cc,2024 - Septiembre,1121.04,2024,Septiembre,202409.0
Pampeana,Jabón de tocador,125 g,2024 - Septiembre,898.93,2024,Septiembre,202409.0
Noreste,Pan francés,kg,2024 - Septiembre,1852.04,2024,Septiembre,202409.0
Noreste,Harina de trigo común,kg,2024 - Septiembre,832.44,2024,Septiembre,202409.0
Noreste,Arroz blanco simple,kg,2024 - Septiembre,2313.25,2024,Septiembre,202409.0
Noreste,Fideos secos tipo guisero,500 g,2024 - Septiembre,1140.12,2024,Septiembre,202409.0
Noreste,Carne picada común,kg,2024 - Septiembre,4890.49,2024,Septiembre,202409.0
Noreste,Pollo entero,kg,2024 - Septiembre,2678.09,2024,Septiembre,202409.0
Noreste,Aceite de girasol,"1,5 litros",2024 - Septiembre,3175.0,2024,Septiembre,202409.0
Noreste,Leche fresca entera sachet,Litro,2024 - Septiembre,1444.98,2024,Septiembre,202409.0
Noreste,Huevos de gallina,Docena,2024 - Septiembre,2443.99,2024,Septiembre,202409.0
Noreste,Papa,kg,2024 - Septiembre,1320.47,2024,Septiembre,202409.0
Noreste,Azúcar,kg,2024 - Septiembre,987.88,2024,Septiembre,202409.0
Noreste,Detergente líquido,750 cc,2024 - Septiembre,1648.33,2024,Septiembre,202409.0
Noreste,Lavandina,1.000 cc,2024 - Septiembre,1088.85,2024,Septiembre,202409.0
Noreste,Jabón de tocador,125 g,2024 - Septiembre,835.8,2024,Septiembre,202409.0
Noroeste,Pan francés,kg,2024 - Septiembre,1907.58,2024,Septiembre,202409.0
Noroeste,Harina de trigo común,kg,2024 - Septiembre,870.82,2024,Septiembre,202409.0
Noroeste,Arroz blanco simple,kg,2024 - Septiembre,2187.43,2024,Septiembre,202409.0
Noroeste,Fideos secos tipo guisero,500 g,2024 - Septiembre,1154.96,2024,Septiembre,202409.0
Noroeste,Carne picada común,kg,2024 - Septiembre,5502.91,2024,Septiembre,202409.0
Noroeste,Pollo entero,kg,2024 - Septiembre,2882.94,2024,Septiembre,202409.0
Noroeste,Aceite de girasol,"1,5 litros",2024 - Septiembre,3236.48,2024,Septiembre,202409.0
Noroeste,Leche fresca entera sachet,Litro,2024 - Septiembre,1395.83,2024,Septiembre,202409.0
Noroeste,Huevos de gallina,Docena,2024 - Septiembre,2530.45,2024,Septiembre,202409.0
Noroeste,Papa,kg,2024 - Septiembre,1128.62,2024,Septiembre,202409.0
Noroeste,Azúcar,kg,2024 - Septiembre,959.86,2024,Septiembre,202409.0
Noroeste,Detergente líquido,750 cc,2024 - Septiembre,1688.11,2024,Septiembre,202409.0
Noroeste,Lavandina,1.000 cc,2024 - Septiembre,1086.83,2024,Septiembre,202409.0
Noroeste,Jabón de tocador,125 g,2024 - Septiembre,851.85,2024,Septiembre,202409.0
Cuyo,Pan francés,kg,2024 - Septiembre,1762.28,2024,Septiembre,202409.0
Cuyo,Harina de trigo común,kg,2024 - Septiembre,871.54,2024,Septiembre,202409.0
Cuyo,Arroz blanco simple,kg,2024 - Septiembre,2295.24,2024,Septiembre,202409.0
Cuyo,Fideos secos tipo guisero,500 g,2024 - Septiembre,1285.59,2024,Septiembre,202409.0
Cuyo,Carne picada común,kg,2024 - Septiembre,4781.09,2024,Septiembre,202409.0
Cuyo,Pollo entero,kg,2024 - Septiembre,3173.91,2024,Septiembre,202409.0
Cuyo,Aceite de girasol,"1,5 litros",2024 - Septiembre,3129.44,2024,Septiembre,202409.0
Cuyo,Leche fresca entera sachet,Litro,2024 - Septiembre,1474.51,2024,Septiembre,202409.0
Cuyo,Huevos de gallina,Docena,2024 - Septiembre,2824.15,2024,Septiembre,202409.0
Cuyo,Papa,kg,2024 - Septiembre,1450.33,2024,Septiembre,202409.0
Cuyo,Azúcar,kg,2024 - Septiembre,1071.24,2024,Septiembre,202409.0
Cuyo,Detergente líquido,750 cc,2024 - Septiembre,1581.01,2024,Septiembre,202409.0
Cuyo,Lavandina,1.000 cc,2024 - Septiembre,1174.11,2024,Septiembre,202409.0
Cuyo,Jabón de tocador,125 g,2024 - Septiembre,874.47,2024,Septiembre,202409.0
Patagonia,Pan francés,kg,2024 - Septiembre,2650.43,2024,Septiembre,202409.0
Patagonia,Harina de trigo común,kg,2024 - Septiembre,1042.68,2024,Septiembre,202409.0
Patagonia,Arroz blanco simple,kg,2024 - Septiembre,3127.59,2024,Septiembre,202409.0
Patagonia,Fideos secos tipo guisero,500 g,2024 - Septiembre,1531.61,2024,Septiembre,202409.0
Patagonia,Carne picada común,kg,2024 - Septiembre,6018.02,2024,Septiembre,202409.0
Patagonia,Pollo entero,kg,2024 - Septiembre,3155.61,2024,Septiembre,202409.0
Patagonia,Aceite de girasol,"1,5 litros",2024 - Septiembre,3347.51,2024,Septiembre,202409.0
Patagonia,Leche fresca entera sachet,Litro,2024 - Septiembre,1561.84,2024,Septiembre,202409.0
Patagonia,Huevos de gallina,Docena,2024 - Septiembre,3256.24,2024,Septiembre,202409.0
Patagonia,Papa,kg,2024 - Septiembre,1826.18,2024,Septiembre,202409.0
Patagonia,Azúcar,kg,2024 - Septiembre,1317.22,2024,Septiembre,202409.0
Patagonia,Detergente líquido,750 cc,2024 - Septiembre,2755.76,2024,Septiembre,202409.0
Patagonia,Lavandina,1.000 cc,2024 - Septiembre,1216.43,2024,Septiembre,202409.0
Patagonia,Jabón de tocador,125 g,2024 - Septiembre,957.23,2024,Septiembre,202409.0
GBA,Pan francés,kg,2024 - Octubre,2948.01,2024,Octubre,202410.0
GBA,Harina de trigo común,kg,2024 - Octubre,815.9,2024,Octubre,202410.0
GBA,Arroz blanco simple,kg,2024 - Octubre,2285.88,2024,Octubre,202410.0
GBA,Fideos secos tipo guisero,500 g,2024 - Octubre,1374.73,2024,Octubre,202410.0
GBA,Carne picada común,kg,2024 - Octubre,4918.39,2024,Octubre,202410.0
GBA,Pollo entero,kg,2024 - Octubre,2982.07,2024,Octubre,202410.0
GBA,Aceite de girasol,"1,5 litros",2024 - Octubre,3179.06,2024,Octubre,202410.0
GBA,Leche fresca entera sachet,Litro,2024 - Octubre,1390.63,2024,Octubre,202410.0
GBA,Huevos de gallina,Docena,2024 - Octubre,3038.06,2024,Octubre,202410.0
GBA,Papa,kg,2024 - Octubre,1393.92,2024,Octubre,202410.0
GBA,Azúcar,kg,2024 - Octubre,1092.81,2024,Octubre,202410.0
GBA,Detergente líquido,750 cc,2024 - Octubre,1526.04,2024,Octubre,202410.0
GBA,Lavandina,1.000 cc,2024 - Octubre,1106.3,2024,Octubre,202410.0
GBA,Jabón de tocador,125 g,2024 - Octubre,853.23,2024,Octubre,202410.0
Pampeana,Pan francés,kg,2024 - Octubre,2329.48,2024,Octubre,202410.0
Pampeana,Harina de trigo común,kg,2024 - Octubre,941.87,2024,Octubre,202410.0
Pampeana,Arroz blanco simple,kg,2024 - Octubre,2637.84,2024,Octubre,202410.0
Pampeana,Fideos secos tipo guisero,500 g,2024 - Octubre,1370.9,2024,Octubre,202410.0
Pampeana,Carne picada común,kg,2024 - Octubre,5220.48,2024,Octubre,202410.0
Pampeana,Pollo entero,kg,2024 - Octubre,3163.18,2024,Octubre,202410.0
Pampeana,Aceite de girasol,"1,5 litros",2024 - Octubre,3425.76,2024,Octubre,202410.0
Pampeana,Leche fresca entera sachet,Litro,2024 - Octubre,1483.41,2024,Octubre,202410.0
Pampeana,Huevos de gallina,Docena,2024 - Octubre,2954.38,2024,Octubre,202410.0
Pampeana,Papa,kg,2024 - Octubre,1406.27,2024,Octubre,202410.0
Pampeana,Azúcar,kg,2024 - Octubre,1125.99,2024,Octubre,202410.0
Pampeana,Detergente líquido,750 cc,2024 - Octubre,1864.47,2024,Octubre,202410.0
Pampeana,Lavandina,1.000 cc,2024 - Octubre,1144.27,2024,Octubre,202410.0
Pampeana,Jabón de tocador,125 g,2024 - Octubre,916.5,2024,Octubre,202410.0
Noreste,Pan francés,kg,2024 - Octubre,1850.32,2024,Octubre,202410.0
Noreste,Harina de trigo común,kg,2024 - Octubre,842.22,2024,Octubre,202410.0
Noreste,Arroz blanco simple,kg,2024 - Octubre,2280.41,2024,Octubre,202410.0
Noreste,Fideos secos tipo guisero,500 g,2024 - Octubre,1133.07,2024,Octubre,202410.0
Noreste,Carne picada común,kg,2024 - Octubre,4986.86,2024,Octubre,202410.0
Noreste,Pollo entero,kg,2024 - Octubre,2715.66,2024,Octubre,202410.0
Noreste,Aceite de girasol,"1,5 litros",2024 - Octubre,3260.54,2024,Octubre,202410.0
Noreste,Leche fresca entera sachet,Litro,2024 - Octubre,1477.15,2024,Octubre,202410.0
Noreste,Huevos de gallina,Docena,2024 - Octubre,2481.56,2024,Octubre,202410.0
Noreste,Papa,kg,2024 - Octubre,1331.38,2024,Octubre,202410.0
Noreste,Azúcar,kg,2024 - Octubre,999.81,2024,Octubre,202410.0
Noreste,Detergente líquido,750 cc,2024 - Octubre,1649.01,2024,Octubre,202410.0
Noreste,Lavandina,1.000 cc,2024 - Octubre,1109.81,2024,Octubre,202410.0
Noreste,Jabón de tocador,125 g,2024 - Octubre,866.09,2024,Octubre,202410.0
Noroeste,Pan francés,kg,2024 - Octubre,1926.1,2024,Octubre,202410.0
Noroeste,Harina de trigo común,kg,2024 - Octubre,866.11,2024,Octubre,202410.0
Noroeste,Arroz blanco simple,kg,2024 - Octubre,2166.74,2024,Octubre,202410.0
Noroeste,Fideos secos tipo guisero,500 g,2024 - Octubre,1173.56,2024,Octubre,202410.0
Noroeste,Carne picada común,kg,2024 - Octubre,5476.64,2024,Octubre,202410.0
Noroeste,Pollo entero,kg,2024 - Octubre,2883.92,2024,Octubre,202410.0
Noroeste,Aceite de girasol,"1,5 litros",2024 - Octubre,3329.23,2024,Octubre,202410.0
Noroeste,Leche fresca entera sachet,Litro,2024 - Octubre,1418.1,2024,Octubre,202410.0
Noroeste,Huevos de gallina,Docena,2024 - Octubre,2574.06,2024,Octubre,202410.0
Noroeste,Papa,kg,2024 - Octubre,1092.39,2024,Octubre,202410.0
Noroeste,Azúcar,kg,2024 - Octubre,954.0,2024,Octubre,202410.0
Noroeste,Detergente líquido,750 cc,2024 - Octubre,1731.85,2024,Octubre,202410.0
Noroeste,Lavandina,1.000 cc,2024 - Octubre,1085.68,2024,Octubre,202410.0
Noroeste,Jabón de tocador,125 g,2024 - Octubre,869.16,2024,Octubre,202410.0
Cuyo,Pan francés,kg,2024 - Octubre,1771.89,2024,Octubre,202410.0
Cuyo,Harina de trigo común,kg,2024 - Octubre,867.97,2024,Octubre,202410.0
Cuyo,Arroz blanco simple,kg,2024 - Octubre,2294.05,2024,Octubre,202410.0
Cuyo,Fideos secos tipo guisero,500 g,2024 - Octubre,1310.16,2024,Octubre,202410.0
Cuyo,Carne picada común,kg,2024 - Octubre,4748.25,2024,Octubre,202410.0
Cuyo,Pollo entero,kg,2024 - Octubre,3178.54,2024,Octubre,202410.0
Cuyo,Aceite de girasol,"1,5 litros",2024 - Octubre,3198.36,2024,Octubre,202410.0
Cuyo,Leche fresca entera sachet,Litro,2024 - Octubre,1466.52,2024,Octubre,202410.0
Cuyo,Huevos de gallina,Docena,2024 - Octubre,2904.44,2024,Octubre,202410.0
Cuyo,Papa,kg,2024 - Octubre,1385.95,2024,Octubre,202410.0
Cuyo,Azúcar,kg,2024 - Octubre,1060.17,2024,Octubre,202410.0
Cuyo,Detergente líquido,750 cc,2024 - Octubre,1602.83,2024,Octubre,202410.0
Cuyo,Lavandina,1.000 cc,2024 - Octubre,1196.53,2024,Octubre,202410.0
Cuyo,Jabón de tocador,125 g,2024 - Octubre,899.16,2024,Octubre,202410.0
Patagonia,Pan francés,kg,2024 - Octubre,2718.14,2024,Octubre,202410.0
Patagonia,Harina de trigo común,kg,2024 - Octubre,1048.11,2024,Octubre,202410.0
Patagonia,Arroz blanco simple,kg,2024 - Octubre,3200.73,2024,Octubre,202410.0
Patagonia,Fideos secos tipo guisero,500 g,2024 - Octubre,1530.0,2024,Octubre,202410.0
Patagonia,Carne picada común,kg,2024 - Octubre,6106.38,2024,Octubre,202410.0
Patagonia,Pollo entero,kg,2024 - Octubre,3186.91,2024,Octubre,202410.0
Patagonia,Aceite de girasol,"1,5 litros",2024 - Octubre,3488.15,2024,Octubre,202410.0
Patagonia,Leche fresca entera sachet,Litro,2024 - Octubre,1603.91,2024,Octubre,202410.0
Patagonia,Huevos de gallina,Docena,2024 - Octubre,3355.56,2024,Octubre,202410.0
Patagonia,Papa,kg,2024 - Octubre,1864.11,2024,Octubre,202410.0
Patagonia,Azúcar,kg,2024 - Octubre,1302.3,2024,Octubre,202410.0
Patagonia,Detergente líquido,750 cc,2024 - Octubre,2852.21,2024,Octubre,202410.0
Patagonia,Lavandina,1.000 cc,2024 - Octubre,1229.42,2024,Octubre,202410.0
Patagonia,Jabón de tocador,125 g,2024 - Octubre,998.82,2024,Octubre,202410.0
GBA,Pan francés,kg,2024 - Noviembre,3040.97,2024,Noviembre,202411.0
GBA,Harina de trigo común,kg,2024 - Noviembre,830.61,2024,Noviembre,202411.0
GBA,Arroz blanco simple,kg,2024 - Noviembre,2273.69,2024,Noviembre,202411.0
GBA,Fideos secos tipo guisero,500 g,2024 - Noviembre,1382.81,2024,Noviembre,202411.0
GBA,Carne picada común,kg,2024 - Noviembre,5020.98,2024,Noviembre,202411.0
GBA,Pollo entero,kg,2024 - Noviembre,3007.36,2024,Noviembre,202411.0
GBA,Aceite de girasol,"1,5 litros",2024 - Noviembre,3295.82,2024,Noviembre,202411.0
GBA,Leche fresca entera sachet,Litro,2024 - Noviembre,1428.74,2024,Noviembre,202411.0
GBA,Huevos de gallina,Docena,2024 - Noviembre,3114.32,2024,Noviembre,202411.0
GBA,Papa,kg,2024 - Noviembre,1197.23,2024,Noviembre,202411.0
GBA,Azúcar,kg,2024 - Noviembre,1091.08,2024,Noviembre,202411.0
GBA,Detergente líquido,750 cc,2024 - Noviembre,1493.08,2024,Noviembre,202411.0
GBA,Lavandina,1.000 cc,2024 - Noviembre,1106.63,2024,Noviembre,202411.0
GBA,Jabón de tocador,125 g,2024 - Noviembre,864.23,2024,Noviembre,202411.0
Pampeana,Pan francés,kg,2024 - Noviembre,2391.75,2024,Noviembre,202411.0
Pampeana,Harina de trigo común,kg,2024 - Noviembre,934.78,2024,Noviembre,202411.0
Pampeana,Arroz blanco simple,kg,2024 - Noviembre,2613.56,2024,Noviembre,202411.0
Pampeana,Fideos secos tipo guisero,500 g,2024 - Noviembre,1381.12,2024,Noviembre,202411.0
Pampeana,Carne picada común,kg,2024 - Noviembre,5340.27,2024,Noviembre,202411.0
Pampeana,Pollo entero,kg,2024 - Noviembre,3228.91,2024,Noviembre,202411.0
Pampeana,Aceite de girasol,"1,5 litros",2024 - Noviembre,3588.21,2024,Noviembre,202411.0
Pampeana,Leche fresca entera sachet,Litro,2024 - Noviembre,1527.54,2024,Noviembre,202411.0
Pampeana,Huevos de gallina,Docena,2024 - Noviembre,3034.17,2024,Noviembre,202411.0
Pampeana,Papa,kg,2024 - Noviembre,1193.41,2024,Noviembre,202411.0
Pampeana,Azúcar,kg,2024 - Noviembre,1125.97,2024,Noviembre,202411.0
Pampeana,Detergente líquido,750 cc,2024 - Noviembre,1875.47,2024,Noviembre,202411.0
Pampeana,Lavandina,1.000 cc,2024 - Noviembre,1145.76,2024,Noviembre,202411.0
Pampeana,Jabón de tocador,125 g,2024 - Noviembre,926.89,2024,Noviembre,202411.0
Noreste,Pan francés,kg,2024 - Noviembre,1851.55,2024,Noviembre,202411.0
Noreste,Harina de trigo común,kg,2024 - Noviembre,830.06,2024,Noviembre,202411.0
Noreste,Arroz blanco simple,kg,2024 - Noviembre,2159.03,2024,Noviembre,202411.0
Noreste,Fideos secos tipo guisero,500 g,2024 - Noviembre,1126.59,2024,Noviembre,202411.0
Noreste,Carne picada común,kg,2024 - Noviembre,5104.93,2024,Noviembre,202411.0
Noreste,Pollo entero,kg,2024 - Noviembre,2778.68,2024,Noviembre,202411.0
Noreste,Aceite de girasol,"1,5 litros",2024 - Noviembre,3396.65,2024,Noviembre,202411.0
Noreste,Leche fresca entera sachet,Litro,2024 - Noviembre,1523.42,2024,Noviembre,202411.0
Noreste,Huevos de gallina,Docena,2024 - Noviembre,2540.8,2024,Noviembre,202411.0
Noreste,Papa,kg,2024 - Noviembre,1064.86,2024,Noviembre,202411.0
Noreste,Azúcar,kg,2024 - Noviembre,978.15,2024,Noviembre,202411.0
Noreste,Detergente líquido,750 cc,2024 - Noviembre,1671.39,2024,Noviembre,202411.0
Noreste,Lavandina,1.000 cc,2024 - Noviembre,1125.28,2024,Noviembre,202411.0
Noreste,Jabón de tocador,125 g,2024 - Noviembre,857.0,2024,Noviembre,202411.0
Noroeste,Pan francés,kg,2024 - Noviembre,1980.34,2024,Noviembre,202411.0
Noroeste,Harina de trigo común,kg,2024 - Noviembre,861.19,2024,Noviembre,202411.0
Noroeste,Arroz blanco simple,kg,2024 - Noviembre,2098.09,2024,Noviembre,202411.0
Noroeste,Fideos secos tipo guisero,500 g,2024 - Noviembre,1180.52,2024,Noviembre,202411.0
Noroeste,Carne picada común,kg,2024 - Noviembre,5696.4,2024,Noviembre,202411.0
Noroeste,Pollo entero,kg,2024 - Noviembre,2942.02,2024,Noviembre,202411.0
Noroeste,Aceite de girasol,"1,5 litros",2024 - Noviembre,3508.22,2024,Noviembre,202411.0
Noroeste,Leche fresca entera sachet,Litro,2024 - Noviembre,1450.59,2024,Noviembre,202411.0
Noroeste,Huevos de gallina,Docena,2024 - Noviembre,2618.41,2024,Noviembre,202411.0
Noroeste,Papa,kg,2024 - Noviembre,835.06,2024,Noviembre,202411.0
Noroeste,Azúcar,kg,2024 - Noviembre,955.25,2024,Noviembre,202411.0
Noroeste,Detergente líquido,750 cc,2024 - Noviembre,1724.67,2024,Noviembre,202411.0
Noroeste,Lavandina,1.000 cc,2024 - Noviembre,1105.68,2024,Noviembre,202411.0
Noroeste,Jabón de tocador,125 g,2024 - Noviembre,900.39,2024,Noviembre,202411.0
Cuyo,Pan francés,kg,2024 - Noviembre,1797.87,2024,Noviembre,202411.0
Cuyo,Harina de trigo común,kg,2024 - Noviembre,839.74,2024,Noviembre,202411.0
Cuyo,Arroz blanco simple,kg,2024 - Noviembre,2267.79,2024,Noviembre,202411.0
Cuyo,Fideos secos tipo guisero,500 g,2024 - Noviembre,1312.29,2024,Noviembre,202411.0
Cuyo,Carne picada común,kg,2024 - Noviembre,4749.46,2024,Noviembre,202411.0
Cuyo,Pollo entero,kg,2024 - Noviembre,3252.43,2024,Noviembre,202411.0
Cuyo,Aceite de girasol,"1,5 litros",2024 - Noviembre,3362.28,2024,Noviembre,202411.0
Cuyo,Leche fresca entera sachet,Litro,2024 - Noviembre,1511.72,2024,Noviembre,202411.0
Cuyo,Huevos de gallina,Docena,2024 - Noviembre,2899.82,2024,Noviembre,202411.0
Cuyo,Papa,kg,2024 - Noviembre,1165.31,2024,Noviembre,202411.0
Cuyo,Azúcar,kg,2024 - Noviembre,1075.84,2024,Noviembre,202411.0
Cuyo,Detergente líquido,750 cc,2024 - Noviembre,1587.5,2024,Noviembre,202411.0
Cuyo,Lavandina,1.000 cc,2024 - Noviembre,1204.91,2024,Noviembre,202411.0
Cuyo,Jabón de tocador,125 g,2024 - Noviembre,898.09,2024,Noviembre,202411.0
Patagonia,Pan francés,kg,2024 - Noviembre,2855.89,2024,Noviembre,202411.0
Patagonia,Harina de trigo común,kg,2024 - Noviembre,1016.36,2024,Noviembre,202411.0
Patagonia,Arroz blanco simple,kg,2024 - Noviembre,3132.99,2024,Noviembre,202411.0
Patagonia,Fideos secos tipo guisero,500 g,2024 - Noviembre,1545.91,2024,Noviembre,202411.0
Patagonia,Carne picada común,kg,2024 - Noviembre,6429.1,2024,Noviembre,202411.0
Patagonia,Pollo entero,kg,2024 - Noviembre,3251.13,2024,Noviembre,202411.0
Patagonia,Aceite de girasol,"1,5 litros",2024 - Noviembre,3632.9,2024,Noviembre,202411.0
Patagonia,Leche fresca entera sachet,Litro,2024 - Noviembre,1610.1,2024,Noviembre,202411.0
Patagonia,Huevos de gallina,Docena,2024 - Noviembre,3474.81,2024,Noviembre,202411.0
Patagonia,Papa,kg,2024 - Noviembre,1865.48,2024,Noviembre,202411.0
Patagonia,Azúcar,kg,2024 - Noviembre,1304.08,2024,Noviembre,202411.0
Patagonia,Detergente líquido,750 cc,2024 - Noviembre,2828.1,2024,Noviembre,202411.0
Patagonia,Lavandina,1.000 cc,2024 - Noviembre,1228.51,2024,Noviembre,202411.0
Patagonia,Jabón de tocador,125 g,2024 - Noviembre,1011.4,2024,Noviembre,202411.0
GBA,Pan francés,kg,2024 - Diciembre,3095.49,2024,Diciembre,202412.0
GBA,Harina de trigo común,kg,2024 - Diciembre,822.88,2024,Diciembre,202412.0
GBA,Arroz blanco simple,kg,2024 - Diciembre,2190.58,2024,Diciembre,202412.0
GBA,Fideos secos tipo guisero,500 g,2024 - Diciembre,1392.73,2024,Diciembre,202412.0
GBA,Carne picada común,kg,2024 - Diciembre,5395.0,2024,Diciembre,202412.0
GBA,Pollo entero,kg,2024 - Diciembre,3138.91,2024,Diciembre,202412.0
GBA,Aceite de girasol,"1,5 litros",2024 - Diciembre,3472.38,2024,Diciembre,202412.0
GBA,Leche fresca entera sachet,Litro,2024 - Diciembre,1454.57,2024,Diciembre,202412.0
GBA,Huevos de gallina,Docena,2024 - Diciembre,3163.44,2024,Diciembre,202412.0
GBA,Papa,kg,2024 - Diciembre,1046.62,2024,Diciembre,202412.0
GBA,Azúcar,kg,2024 - Diciembre,1122.88,2024,Diciembre,202412.0
GBA,Detergente líquido,750 cc,2024 - Diciembre,1502.49,2024,Diciembre,202412.0
GBA,Lavandina,1.000 cc,2024 - Diciembre,1094.49,2024,Diciembre,202412.0
GBA,Jabón de tocador,125 g,2024 - Diciembre,863.47,2024,Diciembre,202412.0
Pampeana,Pan francés,kg,2024 - Diciembre,2444.68,2024,Diciembre,202412.0
Pampeana,Harina de trigo común,kg,2024 - Diciembre,929.77,2024,Diciembre,202412.0
Pampeana,Arroz blanco simple,kg,2024 - Diciembre,2542.64,2024,Diciembre,202412.0
Pampeana,Fideos secos tipo guisero,500 g,2024 - Diciembre,1383.17,2024,Diciembre,202412.0
Pampeana,Carne picada común,kg,2024 - Diciembre,5739.3,2024,Diciembre,202412.0
Pampeana,Pollo entero,kg,2024 - Diciembre,3334.72,2024,Diciembre,202412.0
Pampeana,Aceite de girasol,"1,5 litros",2024 - Diciembre,3802.16,2024,Diciembre,202412.0
Pampeana,Leche fresca entera sachet,Litro,2024 - Diciembre,1525.76,2024,Diciembre,202412.0
Pampeana,Huevos de gallina,Docena,2024 - Diciembre,3052.91,2024,Diciembre,202412.0
Pampeana,Papa,kg,2024 - Diciembre,1027.55,2024,Diciembre,202412.0
Pampeana,Azúcar,kg,2024 - Diciembre,1132.48,2024,Diciembre,202412.0
Pampeana,Detergente líquido,750 cc,2024 - Diciembre,1883.64,2024,Diciembre,202412.0
Pampeana,Lavandina,1.000 cc,2024 - Diciembre,1160.22,2024,Diciembre,202412.0
Pampeana,Jabón de tocador,125 g,2024 - Diciembre,945.34,2024,Diciembre,202412.0
Noreste,Pan francés,kg,2024 - Diciembre,1864.6,2024,Diciembre,202412.0
Noreste,Harina de trigo común,kg,2024 - Diciembre,817.91,2024,Diciembre,202412.0
Noreste,Arroz blanco simple,kg,2024 - Diciembre,2137.68,2024,Diciembre,202412.0
Noreste,Fideos secos tipo guisero,500 g,2024 - Diciembre,1149.99,2024,Diciembre,202412.0
Noreste,Carne picada común,kg,2024 - Diciembre,5349.84,2024,Diciembre,202412.0
Noreste,Pollo entero,kg,2024 - Diciembre,2909.59,2024,Diciembre,202412.0
Noreste,Aceite de girasol,"1,5 litros",2024 - Diciembre,3621.01,2024,Diciembre,202412.0
Noreste,Leche fresca entera sachet,Litro,2024 - Diciembre,1492.27,2024,Diciembre,202412.0
Noreste,Huevos de gallina,Docena,2024 - Diciembre,2576.93,2024,Diciembre,202412.0
Noreste,Papa,kg,2024 - Diciembre,940.75,2024,Diciembre,202412.0
Noreste,Azúcar,kg,2024 - Diciembre,1004.61,2024,Diciembre,202412.0
Noreste,Detergente líquido,750 cc,2024 - Diciembre,1693.32,2024,Diciembre,202412.0
Noreste,Lavandina,1.000 cc,2024 - Diciembre,1173.45,2024,Diciembre,202412.0
Noreste,Jabón de tocador,125 g,2024 - Diciembre,884.85,2024,Diciembre,202412.0
Noroeste,Pan francés,kg,2024 - Diciembre,1996.51,2024,Diciembre,202412.0
Noroeste,Harina de trigo común,kg,2024 - Diciembre,853.79,2024,Diciembre,202412.0
Noroeste,Arroz blanco simple,kg,2024 - Diciembre,2091.73,2024,Diciembre,202412.0
Noroeste,Fideos secos tipo guisero,500 g,2024 - Diciembre,1198.28,2024,Diciembre,202412.0
Noroeste,Carne picada común,kg,2024 - Diciembre,6280.24,2024,Diciembre,202412.0
Noroeste,Pollo entero,kg,2024 - Diciembre,3052.86,2024,Diciembre,202412.0
Noroeste,Aceite de girasol,"1,5 litros",2024 - Diciembre,3662.81,2024,Diciembre,202412.0
Noroeste,Leche fresca entera sachet,Litro,2024 - Diciembre,1458.13,2024,Diciembre,202412.0
Noroeste,Huevos de gallina,Docena,2024 - Diciembre,2645.06,2024,Diciembre,202412.0
Noroeste,Papa,kg,2024 - Diciembre,722.55,2024,Diciembre,202412.0
Noroeste,Azúcar,kg,2024 - Diciembre,963.63,2024,Diciembre,202412.0
Noroeste,Detergente líquido,750 cc,2024 - Diciembre,1703.66,2024,Diciembre,202412.0
Noroeste,Lavandina,1.000 cc,2024 - Diciembre,1117.9,2024,Diciembre,202412.0
Noroeste,Jabón de tocador,125 g,2024 - Diciembre,895.09,2024,Diciembre,202412.0
Cuyo,Pan francés,kg,2024 - Diciembre,1810.58,2024,Diciembre,202412.0
Cuyo,Harina de trigo común,kg,2024 - Diciembre,832.49,2024,Diciembre,202412.0
Cuyo,Arroz blanco simple,kg,2024 - Diciembre,2287.17,2024,Diciembre,202412.0
Cuyo,Fideos secos tipo guisero,500 g,2024 - Diciembre,1306.01,2024,Diciembre,202412.0
Cuyo,Carne picada común,kg,2024 - Diciembre,5299.7,2024,Diciembre,202412.0
Cuyo,Pollo entero,kg,2024 - Diciembre,3337.07,2024,Diciembre,202412.0
Cuyo,Aceite de girasol,"1,5 litros",2024 - Diciembre,3557.13,2024,Diciembre,202412.0
Cuyo,Leche fresca entera sachet,Litro,2024 - Diciembre,1558.07,2024,Diciembre,202412.0
Cuyo,Huevos de gallina,Docena,2024 - Diciembre,2921.13,2024,Diciembre,202412.0
Cuyo,Papa,kg,2024 - Diciembre,930.93,2024,Diciembre,202412.0
Cuyo,Azúcar,kg,2024 - Diciembre,1086.76,2024,Diciembre,202412.0
Cuyo,Detergente líquido,750 cc,2024 - Diciembre,1594.14,2024,Diciembre,202412.0
Cuyo,Lavandina,1.000 cc,2024 - Diciembre,1205.5,2024,Diciembre,202412.0
Cuyo,Jabón de tocador,125 g,2024 - Diciembre,912.44,2024,Diciembre,202412.0
Patagonia,Pan francés,kg,2024 - Diciembre,2905.5,2024,Diciembre,202412.0
Patagonia,Harina de trigo común,kg,2024 - Diciembre,1039.34,2024,Diciembre,202412.0
Patagonia,Arroz blanco simple,kg,2024 - Diciembre,3084.52,2024,Diciembre,202412.0
Patagonia,Fideos secos tipo guisero,500 g,2024 - Diciembre,1570.35,2024,Diciembre,202412.0
Patagonia,Carne picada común,kg,2024 - Diciembre,7025.58,2024,Diciembre,202412.0
Patagonia,Pollo entero,kg,2024 - Diciembre,3373.6,2024,Diciembre,202412.0
Patagonia,Aceite de girasol,"1,5 litros",2024 - Diciembre,3888.45,2024,Diciembre,202412.0
Patagonia,Leche fresca entera sachet,Litro,2024 - Diciembre,1680.69,2024,Diciembre,202412.0
Patagonia,Huevos de gallina,Docena,2024 - Diciembre,3504.25,2024,Diciembre,202412.0
Patagonia,Papa,kg,2024 - Diciembre,1621.49,2024,Diciembre,202412.0
Patagonia,Azúcar,kg,2024 - Diciembre,1321.85,2024,Diciembre,202412.0
Patagonia,Detergente líquido,750 cc,2024 - Diciembre,2909.61,2024,Diciembre,202412.0
Patagonia,Lavandina,1.000 cc,2024 - Diciembre,1241.93,2024,Diciembre,202412.0
Patagonia,Jabón de tocador,125 g,2024 - Diciembre,1036.91,2024,Diciembre,202412.0
GBA,Pan francés,kg,2025 - Enero,3154.17,2025,Enero,202501.0
GBA,Harina de trigo común,kg,2025 - Enero,818.77,2025,Enero,202501.0
GBA,Arroz blanco simple,kg,2025 - Enero,2110.76,2025,Enero,202501.0
GBA,Fideos secos tipo guisero,500 g,2025 - Enero,1412.18,2025,Enero,202501.0
GBA,Carne picada común,kg,2025 - Enero,5464.55,2025,Enero,202501.0
GBA,Pollo entero,kg,2025 - Enero,3084.45,2025,Enero,202501.0
GBA,Aceite de girasol,"1,5 litros",2025 - Enero,3697.52,2025,Enero,202501.0
GBA,Leche fresca entera sachet,Litro,2025 - Enero,1483.06,2025,Enero,202501.0
GBA,Huevos de gallina,Docena,2025 - Enero,3161.83,2025,Enero,202501.0
GBA,Papa,kg,2025 - Enero,842.73,2025,Enero,202501.0
GBA,Azúcar,kg,2025 - Enero,1114.45,2025,Enero,202501.0
GBA,Detergente líquido,750 cc,2025 - Enero,1547.67,2025,Enero,202501.0
GBA,Lavandina,1.000 cc,2025 - Enero,1098.59,2025,Enero,202501.0
GBA,Jabón de tocador,125 g,2025 - Enero,908.32,2025,Enero,202501.0
Pampeana,Pan francés,kg,2025 - Enero,2493.16,2025,Enero,202501.0
Pampeana,Harina de trigo común,kg,2025 - Enero,925.31,2025,Enero,202501.0
Pampeana,Arroz blanco simple,kg,2025 - Enero,2527.38,2025,Enero,202501.0
Pampeana,Fideos secos tipo guisero,500 g,2025 - Enero,1402.86,2025,Enero,202501.0
Pampeana,Carne picada común,kg,2025 - Enero,5812.49,2025,Enero,202501.0
Pampeana,Pollo entero,kg,2025 - Enero,3295.39,2025,Enero,202501.0
Pampeana,Aceite de girasol,"1,5 litros",2025 - Enero,4008.5,2025,Enero,202501.0
Pampeana,Leche fresca entera sachet,Litro,2025 - Enero,1560.29,2025,Enero,202501.0
Pampeana,Huevos de gallina,Docena,2025 - Enero,3092.34,2025,Enero,202501.0
Pampeana,Papa,kg,2025 - Enero,858.13,2025,Enero,202501.0
Pampeana,Azúcar,kg,2025 - Enero,1141.12,2025,Enero,202501.0
Pampeana,Detergente líquido,750 cc,2025 - Enero,1888.06,2025,Enero,202501.0
Pampeana,Lavandina,1.000 cc,2025 - Enero,1184.42,2025,Enero,202501.0
Pampeana,Jabón de tocador,125 g,2025 - Enero,971.82,2025,Enero,202501.0
Noreste,Pan francés,kg,2025 - Enero,1871.61,2025,Enero,202501.0
Noreste,Harina de trigo común,kg,2025 - Enero,818.36,2025,Enero,202501.0
Noreste,Arroz blanco simple,kg,2025 - Enero,2066.19,2025,Enero,202501.0
Noreste,Fideos secos tipo guisero,500 g,2025 - Enero,1121.63,2025,Enero,202501.0
Noreste,Carne picada común,kg,2025 - Enero,5793.9,2025,Enero,202501.0
Noreste,Pollo entero,kg,2025 - Enero,2899.37,2025,Enero,202501.0
Noreste,Aceite de girasol,"1,5 litros",2025 - Enero,3775.8,2025,Enero,202501.0
Noreste,Leche fresca entera sachet,Litro,2025 - Enero,1531.11,2025,Enero,202501.0
Noreste,Huevos de gallina,Docena,2025 - Enero,2567.66,2025,Enero,202501.0
Noreste,Papa,kg,2025 - Enero,729.45,2025,Enero,202501.0
Noreste,Azúcar,kg,2025 - Enero,1006.72,2025,Enero,202501.0
Noreste,Detergente líquido,750 cc,2025 - Enero,1695.82,2025,Enero,202501.0
Noreste,Lavandina,1.000 cc,2025 - Enero,1122.75,2025,Enero,202501.0
Noreste,Jabón de tocador,125 g,2025 - Enero,889.24,2025,Enero,202501.0
Noroeste,Pan francés,kg,2025 - Enero,2025.94,2025,Enero,202501.0
Noroeste,Harina de trigo común,kg,2025 - Enero,850.63,2025,Enero,202501.0
Noroeste,Arroz blanco simple,kg,2025 - Enero,2096.44,2025,Enero,202501.0
Noroeste,Fideos secos tipo guisero,500 g,2025 - Enero,1189.38,2025,Enero,202501.0
Noroeste,Carne picada común,kg,2025 - Enero,6451.78,2025,Enero,202501.0
Noroeste,Pollo entero,kg,2025 - Enero,3021.82,2025,Enero,202501.0
Noroeste,Aceite de girasol,"1,5 litros",2025 - Enero,3802.36,2025,Enero,202501.0
Noroeste,Leche fresca entera sachet,Litro,2025 - Enero,1480.28,2025,Enero,202501.0
Noroeste,Huevos de gallina,Docena,2025 - Enero,2686.07,2025,Enero,202501.0
Noroeste,Papa,kg,2025 - Enero,583.1,2025,Enero,202501.0
Noroeste,Azúcar,kg,2025 - Enero,971.69,2025,Enero,202501.0
Noroeste,Detergente líquido,750 cc,2025 - Enero,1732.94,2025,Enero,202501.0
Noroeste,Lavandina,1.000 cc,2025 - Enero,1134.48,2025,Enero,202501.0
Noroeste,Jabón de tocador,125 g,2025 - Enero,918.68,2025,Enero,202501.0
Cuyo,Pan francés,kg,2025 - Enero,1847.45,2025,Enero,202501.0
Cuyo,Harina de trigo común,kg,2025 - Enero,845.39,2025,Enero,202501.0
Cuyo,Arroz blanco simple,kg,2025 - Enero,2260.51,2025,Enero,202501.0
Cuyo,Fideos secos tipo guisero,500 g,2025 - Enero,1302.34,2025,Enero,202501.0
Cuyo,Carne picada común,kg,2025 - Enero,5265.14,2025,Enero,202501.0
Cuyo,Pollo entero,kg,2025 - Enero,3365.74,2025,Enero,202501.0
Cuyo,Aceite de girasol,"1,5 litros",2025 - Enero,3849.73,2025,Enero,202501.0
Cuyo,Leche fresca entera sachet,Litro,2025 - Enero,1588.42,2025,Enero,202501.0
Cuyo,Huevos de gallina,Docena,2025 - Enero,2921.64,2025,Enero,202501.0
Cuyo,Papa,kg,2025 - Enero,689.99,2025,Enero,202501.0
Cuyo,Azúcar,kg,2025 - Enero,1108.32,2025,Enero,202501.0
Cuyo,Detergente líquido,750 cc,2025 - Enero,1615.48,2025,Enero,202501.0
Cuyo,Lavandina,1.000 cc,2025 - Enero,1227.64,2025,Enero,202501.0
Cuyo,Jabón de tocador,125 g,2025 - Enero,956.24,2025,Enero,202501.0
Patagonia,Pan francés,kg,2025 - Enero,2957.74,2025,Enero,202501.0
Patagonia,Harina de trigo común,kg,2025 - Enero,1022.74,2025,Enero,202501.0
Patagonia,Arroz blanco simple,kg,2025 - Enero,2997.99,2025,Enero,202501.0
Patagonia,Fideos secos tipo guisero,500 g,2025 - Enero,1580.31,2025,Enero,202501.0
Patagonia,Carne picada común,kg,2025 - Enero,8129.91,2025,Enero,202501.0
Patagonia,Pollo entero,kg,2025 - Enero,3393.21,2025,Enero,202501.0
Patagonia,Aceite de girasol,"1,5 litros",2025 - Enero,4094.7,2025,Enero,202501.0
Patagonia,Leche fresca entera sachet,Litro,2025 - Enero,1707.24,2025,Enero,202501.0
Patagonia,Huevos de gallina,Docena,2025 - Enero,3588.5,2025,Enero,202501.0
Patagonia,Papa,kg,2025 - Enero,1242.5,2025,Enero,202501.0
Patagonia,Azúcar,kg,2025 - Enero,1356.38,2025,Enero,202501.0
Patagonia,Detergente líquido,750 cc,2025 - Enero,2956.69,2025,Enero,202501.0
Patagonia,Lavandina,1.000 cc,2025 - Enero,1262.17,2025,Enero,202501.0
Patagonia,Jabón de tocador,125 g,2025 - Enero,1065.58,2025,Enero,202501.0
GBA,Pan francés,kg,2025 - Febrero,3212.93,2025,Febrero,202502.0
GBA,Harina de trigo común,kg,2025 - Febrero,824.92,2025,Febrero,202502.0
GBA,Arroz blanco simple,kg,2025 - Febrero,1937.98,2025,Febrero,202502.0
GBA,Fideos secos tipo guisero,500 g,2025 - Febrero,1415.42,2025,Febrero,202502.0
GBA,Carne picada común,kg,2025 - Febrero,6081.11,2025,Febrero,202502.0
GBA,Pollo entero,kg,2025 - Febrero,3096.29,2025,Febrero,202502.0
GBA,Aceite de girasol,"1,5 litros",2025 - Febrero,3810.07,2025,Febrero,202502.0
GBA,Leche fresca entera sachet,Litro,2025 - Febrero,1496.62,2025,Febrero,202502.0
GBA,Huevos de gallina,Docena,2025 - Febrero,3229.38,2025,Febrero,202502.0
GBA,Papa,kg,2025 - Febrero,790.79,2025,Febrero,202502.0
GBA,Azúcar,kg,2025 - Febrero,1128.86,2025,Febrero,202502.0
GBA,Detergente líquido,750 cc,2025 - Febrero,1563.03,2025,Febrero,202502.0
GBA,Lavandina,1.000 cc,2025 - Febrero,1122.95,2025,Febrero,202502.0
GBA,Jabón de tocador,125 g,2025 - Febrero,926.91,2025,Febrero,202502.0
Pampeana,Pan francés,kg,2025 - Febrero,2536.06,2025,Febrero,202502.0
Pampeana,Harina de trigo común,kg,2025 - Febrero,915.69,2025,Febrero,202502.0
Pampeana,Arroz blanco simple,kg,2025 - Febrero,2431.62,2025,Febrero,202502.0
Pampeana,Fideos secos tipo guisero,500 g,2025 - Febrero,1417.18,2025,Febrero,202502.0
Pampeana,Carne picada común,kg,2025 - Febrero,6402.0,2025,Febrero,202502.0
Pampeana,Pollo entero,kg,2025 - Febrero,3317.93,2025,Febrero,202502.0
Pampeana,Aceite de girasol,"1,5 litros",2025 - Febrero,4107.59,2025,Febrero,202502.0
Pampeana,Leche fresca entera sachet,Litro,2025 - Febrero,1582.82,2025,Febrero,202502.0
Pampeana,Huevos de gallina,Docena,2025 - Febrero,3188.63,2025,Febrero,202502.0
Pampeana,Papa,kg,2025 - Febrero,790.73,2025,Febrero,202502.0
Pampeana,Azúcar,kg,2025 - Febrero,1139.32,2025,Febrero,202502.0
Pampeana,Detergente líquido,750 cc,2025 - Febrero,1929.92,2025,Febrero,202502.0
Pampeana,Lavandina,1.000 cc,2025 - Febrero,1163.42,2025,Febrero,202502.0
Pampeana,Jabón de tocador,125 g,2025 - Febrero,990.91,2025,Febrero,202502.0
Noreste,Pan francés,kg,2025 - Febrero,1887.01,2025,Febrero,202502.0
Noreste,Harina de trigo común,kg,2025 - Febrero,812.27,2025,Febrero,202502.0
Noreste,Arroz blanco simple,kg,2025 - Febrero,2072.32,2025,Febrero,202502.0
Noreste,Fideos secos tipo guisero,500 g,2025 - Febrero,1121.01,2025,Febrero,202502.0
Noreste,Carne picada común,kg,2025 - Febrero,6127.84,2025,Febrero,202502.0
Noreste,Pollo entero,kg,2025 - Febrero,2850.45,2025,Febrero,202502.0
Noreste,Aceite de girasol,"1,5 litros",2025 - Febrero,3833.95,2025,Febrero,202502.0
Noreste,Leche fresca entera sachet,Litro,2025 - Febrero,1583.04,2025,Febrero,202502.0
Noreste,Huevos de gallina,Docena,2025 - Febrero,2659.26,2025,Febrero,202502.0
Noreste,Papa,kg,2025 - Febrero,691.37,2025,Febrero,202502.0
Noreste,Azúcar,kg,2025 - Febrero,1027.58,2025,Febrero,202502.0
Noreste,Detergente líquido,750 cc,2025 - Febrero,1712.69,2025,Febrero,202502.0
Noreste,Lavandina,1.000 cc,2025 - Febrero,1131.09,2025,Febrero,202502.0
Noreste,Jabón de tocador,125 g,2025 - Febrero,934.94,2025,Febrero,202502.0
Noroeste,Pan francés,kg,2025 - Febrero,2036.35,2025,Febrero,202502.0
Noroeste,Harina de trigo común,kg,2025 - Febrero,847.15,2025,Febrero,202502.0
Noroeste,Arroz blanco simple,kg,2025 - Febrero,2054.95,2025,Febrero,202502.0
Noroeste,Fideos secos tipo guisero,500 g,2025 - Febrero,1194.17,2025,Febrero,202502.0
Noroeste,Carne picada común,kg,2025 - Febrero,7120.22,2025,Febrero,202502.0
Noroeste,Pollo entero,kg,2025 - Febrero,3026.25,2025,Febrero,202502.0
Noroeste,Aceite de girasol,"1,5 litros",2025 - Febrero,3954.73,2025,Febrero,202502.0
Noroeste,Leche fresca entera sachet,Litro,2025 - Febrero,1510.54,2025,Febrero,202502.0
Noroeste,Huevos de gallina,Docena,2025 - Febrero,2810.06,2025,Febrero,202502.0
Noroeste,Papa,kg,2025 - Febrero,587.3,2025,Febrero,202502.0
Noroeste,Azúcar,kg,2025 - Febrero,965.35,2025,Febrero,202502.0
Noroeste,Detergente líquido,750 cc,2025 - Febrero,1756.37,2025,Febrero,202502.0
Noroeste,Lavandina,1.000 cc,2025 - Febrero,1137.01,2025,Febrero,202502.0
Noroeste,Jabón de tocador,125 g,2025 - Febrero,946.66,2025,Febrero,202502.0
Cuyo,Pan francés,kg,2025 - Febrero,1896.31,2025,Febrero,202502.0
Cuyo,Harina de trigo común,kg,2025 - Febrero,842.13,2025,Febrero,202502.0
Cuyo,Arroz blanco simple,kg,2025 - Febrero,2230.92,2025,Febrero,202502.0
Cuyo,Fideos secos tipo guisero,500 g,2025 - Febrero,1327.24,2025,Febrero,202502.0
Cuyo,Carne picada común,kg,2025 - Febrero,5934.96,2025,Febrero,202502.0
Cuyo,Pollo entero,kg,2025 - Febrero,3353.37,2025,Febrero,202502.0
Cuyo,Aceite de girasol,"1,5 litros",2025 - Febrero,3958.14,2025,Febrero,202502.0
Cuyo,Leche fresca entera sachet,Litro,2025 - Febrero,1592.6,2025,Febrero,202502.0
Cuyo,Huevos de gallina,Docena,2025 - Febrero,3006.62,2025,Febrero,202502.0
Cuyo,Papa,kg,2025 - Febrero,718.8,2025,Febrero,202502.0
Cuyo,Azúcar,kg,2025 - Febrero,1097.85,2025,Febrero,202502.0
Cuyo,Detergente líquido,750 cc,2025 - Febrero,1642.77,2025,Febrero,202502.0
Cuyo,Lavandina,1.000 cc,2025 - Febrero,1238.75,2025,Febrero,202502.0
Cuyo,Jabón de tocador,125 g,2025 - Febrero,974.34,2025,Febrero,202502.0
Patagonia,Pan francés,kg,2025 - Febrero,3039.69,2025,Febrero,202502.0
Patagonia,Harina de trigo común,kg,2025 - Febrero,1064.67,2025,Febrero,202502.0
Patagonia,Arroz blanco simple,kg,2025 - Febrero,2913.24,2025,Febrero,202502.0
Patagonia,Fideos secos tipo guisero,500 g,2025 - Febrero,1588.32,2025,Febrero,202502.0
Patagonia,Carne picada común,kg,2025 - Febrero,9003.33,2025,Febrero,202502.0
Patagonia,Pollo entero,kg,2025 - Febrero,3435.05,2025,Febrero,202502.0
Patagonia,Aceite de girasol,"1,5 litros",2025 - Febrero,4255.24,2025,Febrero,202502.0
Patagonia,Leche fresca entera sachet,Litro,2025 - Febrero,1705.3,2025,Febrero,202502.0
Patagonia,Huevos de gallina,Docena,2025 - Febrero,3697.51,2025,Febrero,202502.0
Patagonia,Papa,kg,2025 - Febrero,1214.44,2025,Febrero,202502.0
Patagonia,Azúcar,kg,2025 - Febrero,1374.58,2025,Febrero,202502.0
Patagonia,Detergente líquido,750 cc,2025 - Febrero,3018.22,2025,Febrero,202502.0
Patagonia,Lavandina,1.000 cc,2025 - Febrero,1254.01,2025,Febrero,202502.0
Patagonia,Jabón de tocador,125 g,2025 - Febrero,1114.15,2025,Febrero,202502.0
GBA,Pan francés,kg,2025 - Marzo,3333.96,2025,Marzo,202503.0
GBA,Harina de trigo común,kg,2025 - Marzo,824.81,2025,Marzo,202503.0
GBA,Arroz blanco simple,kg,2025 - Marzo,1920.0,2025,Marzo,202503.0
GBA,Fideos secos tipo guisero,500 g,2025 - Marzo,1389.01,2025,Marzo,202503.0
GBA,Carne picada común,kg,2025 - Marzo,6325.93,2025,Marzo,202503.0
GBA,Pollo entero,kg,2025 - Marzo,3417.37,2025,Marzo,202503.0
GBA,Aceite de girasol,"1,5 litros",2025 - Marzo,3865.08,2025,Marzo,202503.0
GBA,Leche fresca entera sachet,Litro,2025 - Marzo,1486.19,2025,Marzo,202503.0
GBA,Huevos de gallina,Docena,2025 - Marzo,3492.69,2025,Marzo,202503.0
GBA,Papa,kg,2025 - Marzo,1013.58,2025,Marzo,202503.0
GBA,Azúcar,kg,2025 - Marzo,1117.23,2025,Marzo,202503.0
GBA,Detergente líquido,750 cc,2025 - Marzo,1578.72,2025,Marzo,202503.0
GBA,Lavandina,1.000 cc,2025 - Marzo,1132.43,2025,Marzo,202503.0
GBA,Jabón de tocador,125 g,2025 - Marzo,944.51,2025,Marzo,202503.0
Pampeana,Pan francés,kg,2025 - Marzo,2614.08,2025,Marzo,202503.0
Pampeana,Harina de trigo común,kg,2025 - Marzo,912.43,2025,Marzo,202503.0
Pampeana,Arroz blanco simple,kg,2025 - Marzo,2335.08,2025,Marzo,202503.0
Pampeana,Fideos secos tipo guisero,500 g,2025 - Marzo,1402.03,2025,Marzo,202503.0
Pampeana,Carne picada común,kg,2025 - Marzo,6794.91,2025,Marzo,202503.0
Pampeana,Pollo entero,kg,2025 - Marzo,3609.92,2025,Marzo,202503.0
Pampeana,Aceite de girasol,"1,5 litros",2025 - Marzo,4199.96,2025,Marzo,202503.0
Pampeana,Leche fresca entera sachet,Litro,2025 - Marzo,1595.89,2025,Marzo,202503.0
Pampeana,Huevos de gallina,Docena,2025 - Marzo,3462.93,2025,Marzo,202503.0
Pampeana,Papa,kg,2025 - Marzo,1042.75,2025,Marzo,202503.0
Pampeana,Azúcar,kg,2025 - Marzo,1139.52,2025,Marzo,202503.0
Pampeana,Detergente líquido,750 cc,2025 - Marzo,1937.83,2025,Marzo,202503.0
Pampeana,Lavandina,1.000 cc,2025 - Marzo,1155.13,2025,Marzo,202503.0
Pampeana,Jabón de tocador,125 g,2025 - Marzo,1006.06,2025,Marzo,202503.0
Noreste,Pan francés,kg,2025 - Marzo,1943.35,2025,Marzo,202503.0
Noreste,Harina de trigo común,kg,2025 - Marzo,834.95,2025,Marzo,202503.0
Noreste,Arroz blanco simple,kg,2025 - Marzo,2024.72,2025,Marzo,202503.0
Noreste,Fideos secos tipo guisero,500 g,2025 - Marzo,1124.29,2025,Marzo,202503.0
Noreste,Carne picada común,kg,2025 - Marzo,6576.62,2025,Marzo,202503.0
Noreste,Pollo entero,kg,2025 - Marzo,3151.27,2025,Marzo,202503.0
Noreste,Aceite de girasol,"1,5 litros",2025 - Marzo,3932.56,2025,Marzo,202503.0
Noreste,Leche fresca entera sachet,Litro,2025 - Marzo,1605.11,2025,Marzo,202503.0
Noreste,Huevos de gallina,Docena,2025 - Marzo,3051.08,2025,Marzo,202503.0
Noreste,Papa,kg,2025 - Marzo,973.99,2025,Marzo,202503.0
Noreste,Azúcar,kg,2025 - Marzo,1021.63,2025,Marzo,202503.0
Noreste,Detergente líquido,750 cc,2025 - Marzo,1742.44,2025,Marzo,202503.0
Noreste,Lavandina,1.000 cc,2025 - Marzo,1108.68,2025,Marzo,202503.0
Noreste,Jabón de tocador,125 g,2025 - Marzo,938.67,2025,Marzo,202503.0
Noroeste,Pan francés,kg,2025 - Marzo,2096.5,2025,Marzo,202503.0
Noroeste,Harina de trigo común,kg,2025 - Marzo,852.49,2025,Marzo,202503.0
Noroeste,Arroz blanco simple,kg,2025 - Marzo,2010.15,2025,Marzo,202503.0
Noroeste,Fideos secos tipo guisero,500 g,2025 - Marzo,1187.47,2025,Marzo,202503.0
Noroeste,Carne picada común,kg,2025 - Marzo,7736.64,2025,Marzo,202503.0
Noroeste,Pollo entero,kg,2025 - Marzo,3274.74,2025,Marzo,202503.0
Noroeste,Aceite de girasol,"1,5 litros",2025 - Marzo,4061.62,2025,Marzo,202503.0
Noroeste,Leche fresca entera sachet,Litro,2025 - Marzo,1529.36,2025,Marzo,202503.0
Noroeste,Huevos de gallina,Docena,2025 - Marzo,3094.27,2025,Marzo,202503.0
Noroeste,Papa,kg,2025 - Marzo,875.97,2025,Marzo,202503.0
Noroeste,Azúcar,kg,2025 - Marzo,970.8,2025,Marzo,202503.0
Noroeste,Detergente líquido,750 cc,2025 - Marzo,1787.58,2025,Marzo,202503.0
Noroeste,Lavandina,1.000 cc,2025 - Marzo,1135.03,2025,Marzo,202503.0
Noroeste,Jabón de tocador,125 g,2025 - Marzo,955.54,2025,Marzo,202503.0
Cuyo,Pan francés,kg,2025 - Marzo,1931.26,2025,Marzo,202503.0
Cuyo,Harina de trigo común,kg,2025 - Marzo,873.31,2025,Marzo,202503.0
Cuyo,Arroz blanco simple,kg,2025 - Marzo,2157.08,2025,Marzo,202503.0
Cuyo,Fideos secos tipo guisero,500 g,2025 - Marzo,1348.67,2025,Marzo,202503.0
Cuyo,Carne picada común,kg,2025 - Marzo,6215.53,2025,Marzo,202503.0
Cuyo,Pollo entero,kg,2025 - Marzo,3614.99,2025,Marzo,202503.0
Cuyo,Aceite de girasol,"1,5 litros",2025 - Marzo,4157.01,2025,Marzo,202503.0
Cuyo,Leche fresca entera sachet,Litro,2025 - Marzo,1608.83,2025,Marzo,202503.0
Cuyo,Huevos de gallina,Docena,2025 - Marzo,3451.24,2025,Marzo,202503.0
Cuyo,Papa,kg,2025 - Marzo,1131.59,2025,Marzo,202503.0
Cuyo,Azúcar,kg,2025 - Marzo,1106.9,2025,Marzo,202503.0
Cuyo,Detergente líquido,750 cc,2025 - Marzo,1643.44,2025,Marzo,202503.0
Cuyo,Lavandina,1.000 cc,2025 - Marzo,1221.02,2025,Marzo,202503.0
Cuyo,Jabón de tocador,125 g,2025 - Marzo,981.26,2025,Marzo,202503.0
Patagonia,Pan francés,kg,2025 - Marzo,3152.98,2025,Marzo,202503.0
Patagonia,Harina de trigo común,kg,2025 - Marzo,1028.21,2025,Marzo,202503.0
Patagonia,Arroz blanco simple,kg,2025 - Marzo,2853.95,2025,Marzo,202503.0
Patagonia,Fideos secos tipo guisero,500 g,2025 - Marzo,1605.88,2025,Marzo,202503.0
Patagonia,Carne picada común,kg,2025 - Marzo,9463.68,2025,Marzo,202503.0
Patagonia,Pollo entero,kg,2025 - Marzo,3570.75,2025,Marzo,202503.0
Patagonia,Aceite de girasol,"1,5 litros",2025 - Marzo,4326.26,2025,Marzo,202503.0
Patagonia,Leche fresca entera sachet,Litro,2025 - Marzo,1706.99,2025,Marzo,202503.0
Patagonia,Huevos de gallina,Docena,2025 - Marzo,4020.54,2025,Marzo,202503.0
Patagonia,Papa,kg,2025 - Marzo,1428.55,2025,Marzo,202503.0
Patagonia,Azúcar,kg,2025 - Marzo,1376.76,2025,Marzo,202503.0
Patagonia,Detergente líquido,750 cc,2025 - Marzo,3141.52,2025,Marzo,202503.0
Patagonia,Lavandina,1.000 cc,2025 - Marzo,1267.96,2025,Marzo,202503.0
Patagonia,Jabón de tocador,125 g,2025 - Marzo,1132.4,2025,Marzo,202503.0
GBA,Pan francés,kg,2025 - Abril,3415.26,2025,Abril,202504.0
GBA,Harina de trigo común,kg,2025 - Abril,840.48,2025,Abril,202504.0
GBA,Arroz blanco simple,kg,2025 - Abril,1851.68,2025,Abril,202504.0
GBA,Fideos secos tipo guisero,500 g,2025 - Abril,1437.12,2025,Abril,202504.0
GBA,Carne picada común,kg,2025 - Abril,6640.7,2025,Abril,202504.0
GBA,Pollo entero,kg,2025 - Abril,3717.79,2025,Abril,202504.0
GBA,Aceite de girasol,"1,5 litros",2025 - Abril,4058.26,2025,Abril,202504.0
GBA,Leche fresca entera sachet,Litro,2025 - Abril,1536.03,2025,Abril,202504.0
GBA,Huevos de gallina,Docena,2025 - Abril,3928.64,2025,Abril,202504.0
GBA,Papa,kg,2025 - Abril,897.46,2025,Abril,202504.0
GBA,Azúcar,kg,2025 - Abril,1124.66,2025,Abril,202504.0
GBA,Detergente líquido,750 cc,2025 - Abril,1593.66,2025,Abril,202504.0
GBA,Lavandina,1.000 cc,2025 - Abril,1137.26,2025,Abril,202504.0
GBA,Jabón de tocador,125 g,2025 - Abril,987.88,2025,Abril,202504.0
Pampeana,Pan francés,kg,2025 - Abril,2703.02,2025,Abril,202504.0
Pampeana,Harina de trigo común,kg,2025 - Abril,928.09,2025,Abril,202504.0
Pampeana,Arroz blanco simple,kg,2025 - Abril,2224.2,2025,Abril,202504.0
Pampeana,Fideos secos tipo guisero,500 g,2025 - Abril,1407.31,2025,Abril,202504.0
Pampeana,Carne picada común,kg,2025 - Abril,7126.18,2025,Abril,202504.0
Pampeana,Pollo entero,kg,2025 - Abril,3912.35,2025,Abril,202504.0
Pampeana,Aceite de girasol,"1,5 litros",2025 - Abril,4377.09,2025,Abril,202504.0
Pampeana,Leche fresca entera sachet,Litro,2025 - Abril,1634.45,2025,Abril,202504.0
Pampeana,Huevos de gallina,Docena,2025 - Abril,3844.2,2025,Abril,202504.0
Pampeana,Papa,kg,2025 - Abril,877.83,2025,Abril,202504.0
Pampeana,Azúcar,kg,2025 - Abril,1151.99,2025,Abril,202504.0
Pampeana,Detergente líquido,750 cc,2025 - Abril,1951.49,2025,Abril,202504.0
Pampeana,Lavandina,1.000 cc,2025 - Abril,1161.78,2025,Abril,202504.0
Pampeana,Jabón de tocador,125 g,2025 - Abril,1049.05,2025,Abril,202504.0
Noreste,Pan francés,kg,2025 - Abril,2007.01,2025,Abril,202504.0
Noreste,Harina de trigo común,kg,2025 - Abril,835.16,2025,Abril,202504.0
Noreste,Arroz blanco simple,kg,2025 - Abril,1976.1,2025,Abril,202504.0
Noreste,Fideos secos tipo guisero,500 g,2025 - Abril,1136.93,2025,Abril,202504.0
Noreste,Carne picada común,kg,2025 - Abril,6528.37,2025,Abril,202504.0
Noreste,Pollo entero,kg,2025 - Abril,3544.76,2025,Abril,202504.0
Noreste,Aceite de girasol,"1,5 litros",2025 - Abril,4135.29,2025,Abril,202504.0
Noreste,Leche fresca entera sachet,Litro,2025 - Abril,1625.84,2025,Abril,202504.0
Noreste,Huevos de gallina,Docena,2025 - Abril,3405.81,2025,Abril,202504.0
Noreste,Papa,kg,2025 - Abril,776.14,2025,Abril,202504.0
Noreste,Azúcar,kg,2025 - Abril,1018.4,2025,Abril,202504.0
Noreste,Detergente líquido,750 cc,2025 - Abril,1778.83,2025,Abril,202504.0
Noreste,Lavandina,1.000 cc,2025 - Abril,1146.22,2025,Abril,202504.0
Noreste,Jabón de tocador,125 g,2025 - Abril,956.18,2025,Abril,202504.0
Noroeste,Pan francés,kg,2025 - Abril,2213.1,2025,Abril,202504.0
Noroeste,Harina de trigo común,kg,2025 - Abril,859.21,2025,Abril,202504.0
Noroeste,Arroz blanco simple,kg,2025 - Abril,1969.5,2025,Abril,202504.0
Noroeste,Fideos secos tipo guisero,500 g,2025 - Abril,1183.66,2025,Abril,202504.0
Noroeste,Carne picada común,kg,2025 - Abril,7926.63,2025,Abril,202504.0
Noroeste,Pollo entero,kg,2025 - Abril,3699.61,2025,Abril,202504.0
Noroeste,Aceite de girasol,"1,5 litros",2025 - Abril,4165.23,2025,Abril,202504.0
Noroeste,Leche fresca entera sachet,Litro,2025 - Abril,1546.22,2025,Abril,202504.0
Noroeste,Huevos de gallina,Docena,2025 - Abril,3415.69,2025,Abril,202504.0
Noroeste,Papa,kg,2025 - Abril,728.94,2025,Abril,202504.0
Noroeste,Azúcar,kg,2025 - Abril,985.18,2025,Abril,202504.0
Noroeste,Detergente líquido,750 cc,2025 - Abril,1817.39,2025,Abril,202504.0
Noroeste,Lavandina,1.000 cc,2025 - Abril,1161.98,2025,Abril,202504.0
Noroeste,Jabón de tocador,125 g,2025 - Abril,1001.31,2025,Abril,202504.0
Cuyo,Pan francés,kg,2025 - Abril,1993.65,2025,Abril,202504.0
Cuyo,Harina de trigo común,kg,2025 - Abril,886.26,2025,Abril,202504.0
Cuyo,Arroz blanco simple,kg,2025 - Abril,2043.26,2025,Abril,202504.0
Cuyo,Fideos secos tipo guisero,500 g,2025 - Abril,1339.05,2025,Abril,202504.0
Cuyo,Carne picada común,kg,2025 - Abril,6663.42,2025,Abril,202504.0
Cuyo,Pollo entero,kg,2025 - Abril,4076.69,2025,Abril,202504.0
Cuyo,Aceite de girasol,"1,5 litros",2025 - Abril,4263.3,2025,Abril,202504.0
Cuyo,Leche fresca entera sachet,Litro,2025 - Abril,1629.97,2025,Abril,202504.0
Cuyo,Huevos de gallina,Docena,2025 - Abril,3729.79,2025,Abril,202504.0
Cuyo,Papa,kg,2025 - Abril,839.02,2025,Abril,202504.0
Cuyo,Azúcar,kg,2025 - Abril,1104.59,2025,Abril,202504.0
Cuyo,Detergente líquido,750 cc,2025 - Abril,1605.16,2025,Abril,202504.0
Cuyo,Lavandina,1.000 cc,2025 - Abril,1232.03,2025,Abril,202504.0
Cuyo,Jabón de tocador,125 g,2025 - Abril,1019.71,2025,Abril,202504.0
Patagonia,Pan francés,kg,2025 - Abril,3263.17,2025,Abril,202504.0
Patagonia,Harina de trigo común,kg,2025 - Abril,1076.29,2025,Abril,202504.0
Patagonia,Arroz blanco simple,kg,2025 - Abril,2822.83,2025,Abril,202504.0
Patagonia,Fideos secos tipo guisero,500 g,2025 - Abril,1642.3,2025,Abril,202504.0
Patagonia,Carne picada común,kg,2025 - Abril,9491.82,2025,Abril,202504.0
Patagonia,Pollo entero,kg,2025 - Abril,3928.51,2025,Abril,202504.0
Patagonia,Aceite de girasol,"1,5 litros",2025 - Abril,4437.19,2025,Abril,202504.0
Patagonia,Leche fresca entera sachet,Litro,2025 - Abril,1729.24,2025,Abril,202504.0
Patagonia,Huevos de gallina,Docena,2025 - Abril,4394.01,2025,Abril,202504.0
Patagonia,Papa,kg,2025 - Abril,1398.8,2025,Abril,202504.0
Patagonia,Azúcar,kg,2025 - Abril,1365.3,2025,Abril,202504.0
Patagonia,Detergente líquido,750 cc,2025 - Abril,3326.05,2025,Abril,202504.0
Patagonia,Lavandina,1.000 cc,2025 - Abril,1261.24,2025,Abril,202504.0
Patagonia,Jabón de tocador,125 g,2025 - Abril,1156.56,2025,Abril,202504.0
GBA,Pan francés,kg,2025 - Mayo,3491.52916317648,2025,Mayo,202505.0
GBA,Harina de trigo común,kg,2025 - Mayo,858.573707745479,2025,Mayo,202505.0
GBA,Arroz blanco simple,kg,2025 - Mayo,1860.08093801195,2025,Mayo,202505.0
GBA,Fideos secos tipo guisero,500 g,2025 - Mayo,1461.38650449564,2025,Mayo,202505.0
GBA,Carne picada común,kg,2025 - Mayo,6678.78193720924,2025,Mayo,202505.0
GBA,Pollo entero,kg,2025 - Mayo,3734.85859063863,2025,Mayo,202505.0
GBA,Aceite de girasol,"1,5 litros",2025 - Mayo,4179.4861713535,2025,Mayo,202505.0
GBA,Leche fresca entera sachet,Litro,2025 - Mayo,1543.9432546714,2025,Mayo,202505.0
GBA,Huevos de gallina,Docena,2025 - Mayo,4017.93468638094,2025,Mayo,202505.0
GBA,Papa,kg,2025 - Mayo,824.360259175718,2025,Mayo,202505.0
GBA,Azúcar,kg,2025 - Mayo,1120.46134397796,2025,Mayo,202505.0
GBA,Detergente líquido,750 cc,2025 - Mayo,1623.61028252571,2025,Mayo,202505.0
GBA,Lavandina,1.000 cc,2025 - Mayo,1153.14295993464,2025,Mayo,202505.0
GBA,Jabón de tocador,125 g,2025 - Mayo,1040.65726558408,2025,Mayo,202505.0
Pampeana,Pan francés,kg,2025 - Mayo,2752.61918087546,2025,Mayo,202505.0
Pampeana,Harina de trigo común,kg,2025 - Mayo,947.007294054208,2025,Mayo,202505.0
Pampeana,Arroz blanco simple,kg,2025 - Mayo,2233.48955582949,2025,Mayo,202505.0
Pampeana,Fideos secos tipo guisero,500 g,2025 - Mayo,1439.74326478718,2025,Mayo,202505.0
Pampeana,Carne picada común,kg,2025 - Mayo,7275.62478306104,2025,Mayo,202505.0
Pampeana,Pollo entero,kg,2025 - Mayo,3931.61114842382,2025,Mayo,202505.0
Pampeana,Aceite de girasol,"1,5 litros",2025 - Mayo,4546.9734889098,2025,Mayo,202505.0
Pampeana,Leche fresca entera sachet,Litro,2025 - Mayo,1649.15693915444,2025,Mayo,202505.0
Pampeana,Huevos de gallina,Docena,2025 - Mayo,4016.1964375868,2025,Mayo,202505.0
Pampeana,Papa,kg,2025 - Mayo,803.12652689203,2025,Mayo,202505.0
Pampeana,Azúcar,kg,2025 - Mayo,1166.88377783723,2025,Mayo,202505.0
Pampeana,Detergente líquido,750 cc,2025 - Mayo,2009.00509564102,2025,Mayo,202505.0
Pampeana,Lavandina,1.000 cc,2025 - Mayo,1204.24081820444,2025,Mayo,202505.0
Pampeana,Jabón de tocador,125 g,2025 - Mayo,1070.93060134375,2025,Mayo,202505.0
Noreste,Pan francés,kg,2025 - Mayo,2048.99826000053,2025,Mayo,202505.0
Noreste,Harina de trigo común,kg,2025 - Mayo,853.101313615256,2025,Mayo,202505.0
Noreste,Arroz blanco simple,kg,2025 - Mayo,1932.37070035613,2025,Mayo,202505.0
Noreste,Fideos secos tipo guisero,500 g,2025 - Mayo,1147.84339120058,2025,Mayo,202505.0
Noreste,Carne picada común,kg,2025 - Mayo,6687.72278723359,2025,Mayo,202505.0
Noreste,Pollo entero,kg,2025 - Mayo,3578.34048953782,2025,Mayo,202505.0
Noreste,Aceite de girasol,"1,5 litros",2025 - Mayo,4303.07282369056,2025,Mayo,202505.0
Noreste,Leche fresca entera sachet,Litro,2025 - Mayo,1666.71508799201,2025,Mayo,202505.0
Noreste,Huevos de gallina,Docena,2025 - Mayo,3464.90125195309,2025,Mayo,202505.0
Noreste,Papa,kg,2025 - Mayo,709.811123572552,2025,Mayo,202505.0
Noreste,Azúcar,kg,2025 - Mayo,1039.53071907675,2025,Mayo,202505.0
Noreste,Detergente líquido,750 cc,2025 - Mayo,1826.06911125602,2025,Mayo,202505.0
Noreste,Lavandina,1.000 cc,2025 - Mayo,1183.70898108423,2025,Mayo,202505.0
Noreste,Jabón de tocador,125 g,2025 - Mayo,987.30856819987,2025,Mayo,202505.0
Noroeste,Pan francés,kg,2025 - Mayo,2293.20040829177,2025,Mayo,202505.0
Noroeste,Harina de trigo común,kg,2025 - Mayo,878.713519089616,2025,Mayo,202505.0
Noroeste,Arroz blanco simple,kg,2025 - Mayo,1954.55711233848,2025,Mayo,202505.0
Noroeste,Fideos secos tipo guisero,500 g,2025 - Mayo,1191.94055357197,2025,Mayo,202505.0
Noroeste,Carne picada común,kg,2025 - Mayo,7984.82792131457,2025,Mayo,202505.0
Noroeste,Pollo entero,kg,2025 - Mayo,3691.26969041181,2025,Mayo,202505.0
Noroeste,Aceite de girasol,"1,5 litros",2025 - Mayo,4363.01879018949,2025,Mayo,202505.0
Noroeste,Leche fresca entera sachet,Litro,2025 - Mayo,1552.41155103731,2025,Mayo,202505.0
Noroeste,Huevos de gallina,Docena,2025 - Mayo,3460.02146158803,2025,Mayo,202505.0
Noroeste,Papa,kg,2025 - Mayo,641.596942396057,2025,Mayo,202505.0
Noroeste,Azúcar,kg,2025 - Mayo,1001.18722893101,2025,Mayo,202505.0
Noroeste,Detergente líquido,750 cc,2025 - Mayo,1837.53233281287,2025,Mayo,202505.0
Noroeste,Lavandina,1.000 cc,2025 - Mayo,1173.11463753889,2025,Mayo,202505.0
Noroeste,Jabón de tocador,125 g,2025 - Mayo,1024.75970777145,2025,Mayo,202505.0
Cuyo,Pan francés,kg,2025 - Mayo,2074.871707472,2025,Mayo,202505.0
Cuyo,Harina de trigo común,kg,2025 - Mayo,904.274290618031,2025,Mayo,202505.0
Cuyo,Arroz blanco simple,kg,2025 - Mayo,2048.63606732808,2025,Mayo,202505.0
Cuyo,Fideos secos tipo guisero,500 g,2025 - Mayo,1347.59463541455,2025,Mayo,202505.0
Cuyo,Carne picada común,kg,2025 - Mayo,6770.11800901816,2025,Mayo,202505.0
Cuyo,Pollo entero,kg,2025 - Mayo,4007.71809141963,2025,Mayo,202505.0
Cuyo,Aceite de girasol,"1,5 litros",2025 - Mayo,4381.73101605997,2025,Mayo,202505.0
Cuyo,Leche fresca entera sachet,Litro,2025 - Mayo,1637.25667687281,2025,Mayo,202505.0
Cuyo,Huevos de gallina,Docena,2025 - Mayo,3815.51502433343,2025,Mayo,202505.0
Cuyo,Papa,kg,2025 - Mayo,763.630357934683,2025,Mayo,202505.0
Cuyo,Azúcar,kg,2025 - Mayo,1100.19850615484,2025,Mayo,202505.0
Cuyo,Detergente líquido,750 cc,2025 - Mayo,1639.85354353827,2025,Mayo,202505.0
Cuyo,Lavandina,1.000 cc,2025 - Mayo,1239.70880963938,2025,Mayo,202505.0
Cuyo,Jabón de tocador,125 g,2025 - Mayo,1055.93261858664,2025,Mayo,202505.0
Patagonia,Pan francés,kg,2025 - Mayo,3309.56243143114,2025,Mayo,202505.0
Patagonia,Harina de trigo común,kg,2025 - Mayo,1058.54447747194,2025,Mayo,202505.0
Patagonia,Arroz blanco simple,kg,2025 - Mayo,2800.61824583705,2025,Mayo,202505.0
Patagonia,Fideos secos tipo guisero,500 g,2025 - Mayo,1669.5829137289,2025,Mayo,202505.0
Patagonia,Carne picada común,kg,2025 - Mayo,8949.43356124634,2025,Mayo,202505.0
Patagonia,Pollo entero,kg,2025 - Mayo,4059.6245655651,2025,Mayo,202505.0
Patagonia,Aceite de girasol,"1,5 litros",2025 - Mayo,4579.92938590282,2025,Mayo,202505.0
Patagonia,Leche fresca entera sachet,Litro,2025 - Mayo,1756.77332925634,2025,Mayo,202505.0
Patagonia,Huevos de gallina,Docena,2025 - Mayo,4577.89117803356,2025,Mayo,202505.0
Patagonia,Papa,kg,2025 - Mayo,1326.37302236074,2025,Mayo,202505.0
Patagonia,Azúcar,kg,2025 - Mayo,1378.67726315526,2025,Mayo,202505.0
Patagonia,Detergente líquido,750 cc,2025 - Mayo,3329.55246742469,2025,Mayo,202505.0
Patagonia,Lavandina,1.000 cc,2025 - Mayo,1295.52544481338,2025,Mayo,202505.0
Patagonia,Jabón de tocador,125 g,2025 - Mayo,1209.77004007162,2025,Mayo,202505.0
GBA,Pan francés,kg,2025 - Junio,3554.08,2025,Junio,202506.0
GBA,Harina de trigo común,kg,2025 - Junio,892.12,2025,Junio,202506.0
GBA,Arroz blanco simple,kg,2025 - Junio,1844.34,2025,Junio,202506.0
GBA,Fideos secos tipo guisero,500 g,2025 - Junio,1463.65,2025,Junio,202506.0
GBA,Carne picada común,kg,2025 - Junio,6803.35,2025,Junio,202506.0
GBA,Pollo entero,kg,2025 - Junio,3709.92,2025,Junio,202506.0
GBA,Aceite de girasol,"1,5 litros",2025 - Junio,4367.87,2025,Junio,202506.0
GBA,Leche fresca entera sachet,Litro,2025 - Junio,1574.27,2025,Junio,202506.0
GBA,Huevos de gallina,Docena,2025 - Junio,4036.73,2025,Junio,202506.0
GBA,Papa,kg,2025 - Junio,828.41,2025,Junio,202506.0
GBA,Azúcar,kg,2025 - Junio,1126.74,2025,Junio,202506.0
GBA,Detergente líquido,750 cc,2025 - Junio,1630.59,2025,Junio,202506.0
GBA,Lavandina,1.000 cc,2025 - Junio,1174.56,2025,Junio,202506.0
GBA,Jabón de tocador,125 g,2025 - Junio,1065.15,2025,Junio,202506.0
Pampeana,Pan francés,kg,2025 - Junio,2765.06,2025,Junio,202506.0
Pampeana,Harina de trigo común,kg,2025 - Junio,956.99,2025,Junio,202506.0
Pampeana,Arroz blanco simple,kg,2025 - Junio,2177.63,2025,Junio,202506.0
Pampeana,Fideos secos tipo guisero,500 g,2025 - Junio,1426.86,2025,Junio,202506.0
Pampeana,Carne picada común,kg,2025 - Junio,7441.19,2025,Junio,202506.0
Pampeana,Pollo entero,kg,2025 - Junio,3964.92,2025,Junio,202506.0
Pampeana,Aceite de girasol,"1,5 litros",2025 - Junio,4701.11,2025,Junio,202506.0
Pampeana,Leche fresca entera sachet,Litro,2025 - Junio,1656.04,2025,Junio,202506.0
Pampeana,Huevos de gallina,Docena,2025 - Junio,4055.38,2025,Junio,202506.0
Pampeana,Papa,kg,2025 - Junio,778.14,2025,Junio,202506.0
Pampeana,Azúcar,kg,2025 - Junio,1176.74,2025,Junio,202506.0
Pampeana,Detergente líquido,750 cc,2025 - Junio,2013.2,2025,Junio,202506.0
Pampeana,Lavandina,1.000 cc,2025 - Junio,1200.73,2025,Junio,202506.0
Pampeana,Jabón de tocador,125 g,2025 - Junio,1095.59,2025,Junio,202506.0
Noreste,Pan francés,kg,2025 - Junio,2068.39,2025,Junio,202506.0
Noreste,Harina de trigo común,kg,2025 - Junio,860.96,2025,Junio,202506.0
Noreste,Arroz blanco simple,kg,2025 - Junio,1877.58,2025,Junio,202506.0
Noreste,Fideos secos tipo guisero,500 g,2025 - Junio,1139.04,2025,Junio,202506.0
Noreste,Carne picada común,kg,2025 - Junio,6740.05,2025,Junio,202506.0
Noreste,Pollo entero,kg,2025 - Junio,3549.79,2025,Junio,202506.0
Noreste,Aceite de girasol,"1,5 litros",2025 - Junio,4448.58,2025,Junio,202506.0
Noreste,Leche fresca entera sachet,Litro,2025 - Junio,1686.03,2025,Junio,202506.0
Noreste,Huevos de gallina,Docena,2025 - Junio,3442.37,2025,Junio,202506.0
Noreste,Papa,kg,2025 - Junio,673.47,2025,Junio,202506.0
Noreste,Azúcar,kg,2025 - Junio,1043.18,2025,Junio,202506.0
Noreste,Detergente líquido,750 cc,2025 - Junio,1819.63,2025,Junio,202506.0
Noreste,Lavandina,1.000 cc,2025 - Junio,1192.56,2025,Junio,202506.0
Noreste,Jabón de tocador,125 g,2025 - Junio,1016.58,2025,Junio,202506.0
Noroeste,Pan francés,kg,2025 - Junio,2317.87,2025,Junio,202506.0
Noroeste,Harina de trigo común,kg,2025 - Junio,888.99,2025,Junio,202506.0
Noroeste,Arroz blanco simple,kg,2025 - Junio,1893.2,2025,Junio,202506.0
Noroeste,Fideos secos tipo guisero,500 g,2025 - Junio,1210.31,2025,Junio,202506.0
Noroeste,Carne picada común,kg,2025 - Junio,8104.58,2025,Junio,202506.0
Noroeste,Pollo entero,kg,2025 - Junio,3669.74,2025,Junio,202506.0
Noroeste,Aceite de girasol,"1,5 litros",2025 - Junio,4463.41,2025,Junio,202506.0
Noroeste,Leche fresca entera sachet,Litro,2025 - Junio,1568.94,2025,Junio,202506.0
Noroeste,Huevos de gallina,Docena,2025 - Junio,3453.99,2025,Junio,202506.0
Noroeste,Papa,kg,2025 - Junio,626.48,2025,Junio,202506.0
Noroeste,Azúcar,kg,2025 - Junio,1016.58,2025,Junio,202506.0
Noroeste,Detergente líquido,750 cc,2025 - Junio,1855.3,2025,Junio,202506.0
Noroeste,Lavandina,1.000 cc,2025 - Junio,1185.25,2025,Junio,202506.0
Noroeste,Jabón de tocador,125 g,2025 - Junio,1026.75,2025,Junio,202506.0
Cuyo,Pan francés,kg,2025 - Junio,2113.05,2025,Junio,202506.0
Cuyo,Harina de trigo común,kg,2025 - Junio,916.33,2025,Junio,202506.0
Cuyo,Arroz blanco simple,kg,2025 - Junio,2013.08,2025,Junio,202506.0
Cuyo,Fideos secos tipo guisero,500 g,2025 - Junio,1335.37,2025,Junio,202506.0
Cuyo,Carne picada común,kg,2025 - Junio,6741.23,2025,Junio,202506.0
Cuyo,Pollo entero,kg,2025 - Junio,3983.89,2025,Junio,202506.0
Cuyo,Aceite de girasol,"1,5 litros",2025 - Junio,4504.95,2025,Junio,202506.0
Cuyo,Leche fresca entera sachet,Litro,2025 - Junio,1660.93,2025,Junio,202506.0
Cuyo,Huevos de gallina,Docena,2025 - Junio,3863.78,2025,Junio,202506.0
Cuyo,Papa,kg,2025 - Junio,696.49,2025,Junio,202506.0
Cuyo,Azúcar,kg,2025 - Junio,1114.78,2025,Junio,202506.0
Cuyo,Detergente líquido,750 cc,2025 - Junio,1648.97,2025,Junio,202506.0
Cuyo,Lavandina,1.000 cc,2025 - Junio,1222.21,2025,Junio,202506.0
Cuyo,Jabón de tocador,125 g,2025 - Junio,1090.44,2025,Junio,202506.0
Patagonia,Pan francés,kg,2025 - Junio,3400.92,2025,Junio,202506.0
Patagonia,Harina de trigo común,kg,2025 - Junio,1070.46,2025,Junio,202506.0
Patagonia,Arroz blanco simple,kg,2025 - Junio,2794.95,2025,Junio,202506.0
Patagonia,Fideos secos tipo guisero,500 g,2025 - Junio,1676.81,2025,Junio,202506.0
Patagonia,Carne picada común,kg,2025 - Junio,9176.18,2025,Junio,202506.0
Patagonia,Pollo entero,kg,2025 - Junio,4108.57,2025,Junio,202506.0
Patagonia,Aceite de girasol,"1,5 litros",2025 - Junio,4790.04,2025,Junio,202506.0
Patagonia,Leche fresca entera sachet,Litro,2025 - Junio,1783.36,2025,Junio,202506.0
Patagonia,Huevos de gallina,Docena,2025 - Junio,4607.92,2025,Junio,202506.0
Patagonia,Papa,kg,2025 - Junio,1294.4,2025,Junio,202506.0
Patagonia,Azúcar,kg,2025 - Junio,1383.78,2025,Junio,202506.0
Patagonia,Detergente líquido,750 cc,2025 - Junio,3519.66,2025,Junio,202506.0
Patagonia,Lavandina,1.000 cc,2025 - Junio,1326.1,2025,Junio,202506.0
Patagonia,Jabón de tocador,125 g,2025 - Junio,1220.42,2025,Junio,202506.0
GBA,Pan francés,kg,2025 - Julio,3661.28,2025,Julio,202507.0
GBA,Harina de trigo común,kg,2025 - Julio,905.23,2025,Julio,202507.0
GBA,Arroz blanco simple,kg,2025 - Julio,1848.08,2025,Julio,202507.0
GBA,Fideos secos tipo guisero,500 g,2025 - Julio,1473.16,2025,Julio,202507.0
GBA,Carne picada común,kg,2025 - Julio,6875.89,2025,Julio,202507.0
GBA,Pollo entero,kg,2025 - Julio,3910.04,2025,Julio,202507.0
GBA,Aceite de girasol,"1,5 litros",2025 - Julio,4449.6,2025,Julio,202507.0
GBA,Leche fresca entera sachet,Litro,2025 - Julio,1584.36,2025,Julio,202507.0
GBA,Huevos de gallina,Docena,2025 - Julio,4032.3,2025,Julio,202507.0
GBA,Papa,kg,2025 - Julio,870.54,2025,Julio,202507.0
GBA,Azúcar,kg,2025 - Julio,1140.81,2025,Julio,202507.0
GBA,Detergente líquido,750 cc,2025 - Julio,1638.77,2025,Julio,202507.0
GBA,Lavandina,1.000 cc,2025 - Julio,1164.07,2025,Julio,202507.0
GBA,Jabón de tocador,125 g,2025 - Julio,1071.03,2025,Julio,202507.0
Pampeana,Pan francés,kg,2025 - Julio,2860.65457919717,2025,Julio,202507.0
Pampeana,Harina de trigo común,kg,2025 - Julio,948.822094298044,2025,Julio,202507.0
Pampeana,Arroz blanco simple,kg,2025 - Julio,2122.60712511917,2025,Julio,202507.0
Pampeana,Fideos secos tipo guisero,500 g,2025 - Julio,1436.62401263453,2025,Julio,202507.0
Pampeana,Carne picada común,kg,2025 - Julio,7508.84955828058,2025,Julio,202507.0
Pampeana,Pollo entero,kg,2025 - Julio,4130.86987140166,2025,Julio,202507.0
Pampeana,Aceite de girasol,"1,5 litros",2025 - Julio,4769.16015530083,2025,Julio,202507.0
Pampeana,Leche fresca entera sachet,Litro,2025 - Julio,1664.10525716964,2025,Julio,202507.0
Pampeana,Huevos de gallina,Docena,2025 - Julio,4033.03805386679,2025,Julio,202507.0
Pampeana,Papa,kg,2025 - Julio,819.46290563292,2025,Julio,202507.0
Pampeana,Azúcar,kg,2025 - Julio,1185.85983406702,2025,Julio,202507.0
Pampeana,Detergente líquido,750 cc,2025 - Julio,2038.58556287724,2025,Julio,202507.0
Pampeana,Lavandina,1.000 cc,2025 - Julio,1201.78752524347,2025,Julio,202507.0
Pampeana,Jabón de tocador,125 g,2025 - Julio,1104.74035147974,2025,Julio,202507.0
Noreste,Pan francés,kg,2025 - Julio,2341.16234169502,2025,Julio,202507.0
Noreste,Harina de trigo común,kg,2025 - Julio,883.389300327338,2025,Julio,202507.0
Noreste,Arroz blanco simple,kg,2025 - Julio,1865.56088651225,2025,Julio,202507.0
Noreste,Fideos secos tipo guisero,500 g,2025 - Julio,1217.71870294606,2025,Julio,202507.0
Noreste,Carne picada común,kg,2025 - Julio,8012.36984475416,2025,Julio,202507.0
Noreste,Pollo entero,kg,2025 - Julio,3839.98914999621,2025,Julio,202507.0
Noreste,Aceite de girasol,"1,5 litros",2025 - Julio,4550.81559891297,2025,Julio,202507.0
Noreste,Leche fresca entera sachet,Litro,2025 - Julio,1582.34980571084,2025,Julio,202507.0
Noreste,Huevos de gallina,Docena,2025 - Julio,3433.34848934219,2025,Julio,202507.0
Noreste,Papa,kg,2025 - Julio,633.474773533121,2025,Julio,202507.0
Noreste,Azúcar,kg,2025 - Julio,1015.66201189474,2025,Julio,202507.0
Noreste,Detergente líquido,750 cc,2025 - Julio,1889.60252788708,2025,Julio,202507.0
Noreste,Lavandina,1.000 cc,2025 - Julio,1188.71941496891,2025,Julio,202507.0
Noreste,Jabón de tocador,125 g,2025 - Julio,1040.01495441812,2025,Julio,202507.0
Noroeste,Pan francés,kg,2025 - Julio,2102.32472144806,2025,Julio,202507.0
Noroeste,Harina de trigo común,kg,2025 - Julio,854.620119098657,2025,Julio,202507.0
Noroeste,Arroz blanco simple,kg,2025 - Julio,1805.41119725094,2025,Julio,202507.0
Noroeste,Fideos secos tipo guisero,500 g,2025 - Julio,1153.67042267078,2025,Julio,202507.0
Noroeste,Carne picada común,kg,2025 - Julio,6845.61424846057,2025,Julio,202507.0
Noroeste,Pollo entero,kg,2025 - Julio,3753.15878799501,2025,Julio,202507.0
Noroeste,Aceite de girasol,"1,5 litros",2025 - Julio,4498.30380118621,2025,Julio,202507.0
Noroeste,Leche fresca entera sachet,Litro,2025 - Julio,1692.3020792242,2025,Julio,202507.0
Noroeste,Huevos de gallina,Docena,2025 - Julio,3457.05302707885,2025,Julio,202507.0
Noroeste,Papa,kg,2025 - Julio,709.06839301241,2025,Julio,202507.0
Noroeste,Azúcar,kg,2025 - Julio,1043.64609753403,2025,Julio,202507.0
Noroeste,Detergente líquido,750 cc,2025 - Julio,1806.75535158349,2025,Julio,202507.0
Noroeste,Lavandina,1.000 cc,2025 - Julio,1190.92802626954,2025,Julio,202507.0
Noroeste,Jabón de tocador,125 g,2025 - Julio,1046.71265370265,2025,Julio,202507.0
Cuyo,Pan francés,kg,2025 - Julio,2151.88445057248,2025,Julio,202507.0
Cuyo,Harina de trigo común,kg,2025 - Julio,893.216591117204,2025,Julio,202507.0
Cuyo,Arroz blanco simple,kg,2025 - Julio,1960.31907815386,2025,Julio,202507.0
Cuyo,Fideos secos tipo guisero,500 g,2025 - Julio,1384.66228668512,2025,Julio,202507.0
Cuyo,Carne picada común,kg,2025 - Julio,6792.62693121978,2025,Julio,202507.0
Cuyo,Pollo entero,kg,2025 - Julio,4141.27195850465,2025,Julio,202507.0
Cuyo,Aceite de girasol,"1,5 litros",2025 - Julio,4632.49867028303,2025,Julio,202507.0
Cuyo,Leche fresca entera sachet,Litro,2025 - Julio,1667.32502160132,2025,Julio,202507.0
Cuyo,Huevos de gallina,Docena,2025 - Julio,3825.80056004969,2025,Julio,202507.0
Cuyo,Papa,kg,2025 - Julio,783.633348047569,2025,Julio,202507.0
Cuyo,Azúcar,kg,2025 - Julio,1152.80792391738,2025,Julio,202507.0
Cuyo,Detergente líquido,750 cc,2025 - Julio,1654.93439313156,2025,Julio,202507.0
Cuyo,Lavandina,1.000 cc,2025 - Julio,1184.37636164059,2025,Julio,202507.0
Cuyo,Jabón de tocador,125 g,2025 - Julio,1114.62998197539,2025,Julio,202507.0
Patagonia,Pan francés,kg,2025 - Julio,3391.82765662518,2025,Julio,202507.0
Patagonia,Harina de trigo común,kg,2025 - Julio,1080.62727116642,2025,Julio,202507.0
Patagonia,Arroz blanco simple,kg,2025 - Julio,2741.50199694803,2025,Julio,202507.0
Patagonia,Fideos secos tipo guisero,500 g,2025 - Julio,1689.3454707192,2025,Julio,202507.0
Patagonia,Carne picada común,kg,2025 - Julio,9873.47781421989,2025,Julio,202507.0
Patagonia,Pollo entero,kg,2025 - Julio,4197.07278618537,2025,Julio,202507.0
Patagonia,Aceite de girasol,"1,5 litros",2025 - Julio,4950.97589705027,2025,Julio,202507.0
Patagonia,Leche fresca entera sachet,Litro,2025 - Julio,1797.5144437929,2025,Julio,202507.0
Patagonia,Huevos de gallina,Docena,2025 - Julio,4651.53719050205,2025,Julio,202507.0
Patagonia,Papa,kg,2025 - Julio,1308.64115799349,2025,Julio,202507.0
Patagonia,Azúcar,kg,2025 - Julio,1399.28430499185,2025,Julio,202507.0
Patagonia,Detergente líquido,750 cc,2025 - Julio,3543.8906795993,2025,Julio,202507.0
Patagonia,Lavandina,1.000 cc,2025 - Julio,1321.14581169417,2025,Julio,202507.0
Patagonia,Jabón de tocador,125 g,2025 - Julio,1221.91304523154,2025,Julio,202507.0
GBA,Pan francés,kg,2025 - Agosto,3759.76,2025,Agosto,202508.0
GBA,Harina de trigo común,kg,2025 - Agosto,869.85,2025,Agosto,202508.0
GBA,Arroz blanco simple,kg,2025 - Agosto,1811.63,2025,Agosto,202508.0
GBA,Fideos secos tipo guisero,500 g,2025 - Agosto,1492.4,2025,Agosto,202508.0
GBA,Carne picada común,kg,2025 - Agosto,6948.57,2025,Agosto,202508.0
GBA,Pollo entero,kg,2025 - Agosto,3848.28,2025,Agosto,202508.0
GBA,Aceite de girasol,"1,5 litros",2025 - Agosto,4527.37,2025,Agosto,202508.0
GBA,Leche fresca entera sachet,Litro,2025 - Agosto,1616.51,2025,Agosto,202508.0
GBA,Huevos de gallina,Docena,2025 - Agosto,3971.62,2025,Agosto,202508.0
GBA,Papa,kg,2025 - Agosto,855.43,2025,Agosto,202508.0
GBA,Azúcar,kg,2025 - Agosto,1130.19,2025,Agosto,202508.0
GBA,Detergente líquido,750 cc,2025 - Agosto,1646.69,2025,Agosto,202508.0
GBA,Lavandina,1.000 cc,2025 - Agosto,1190.57,2025,Agosto,202508.0
GBA,Jabón de tocador,125 g,2025 - Agosto,1096.13,2025,Agosto,202508.0
Pampeana,Pan francés,kg,2025 - Agosto,2883.87,2025,Agosto,202508.0
Pampeana,Harina de trigo común,kg,2025 - Agosto,965.11,2025,Agosto,202508.0
Pampeana,Arroz blanco simple,kg,2025 - Agosto,2110.11,2025,Agosto,202508.0
Pampeana,Fideos secos tipo guisero,500 g,2025 - Agosto,1445.3,2025,Agosto,202508.0
Pampeana,Carne picada común,kg,2025 - Agosto,7593.59,2025,Agosto,202508.0
Pampeana,Pollo entero,kg,2025 - Agosto,4114.2,2025,Agosto,202508.0
Pampeana,Aceite de girasol,"1,5 litros",2025 - Agosto,4888.89,2025,Agosto,202508.0
Pampeana,Leche fresca entera sachet,Litro,2025 - Agosto,1682.46,2025,Agosto,202508.0
Pampeana,Huevos de gallina,Docena,2025 - Agosto,4009.81,2025,Agosto,202508.0
Pampeana,Papa,kg,2025 - Agosto,798.13,2025,Agosto,202508.0
Pampeana,Azúcar,kg,2025 - Agosto,1185.37,2025,Agosto,202508.0
Pampeana,Detergente líquido,750 cc,2025 - Agosto,2076.56,2025,Agosto,202508.0
Pampeana,Lavandina,1.000 cc,2025 - Agosto,1218.42,2025,Agosto,202508.0
Pampeana,Jabón de tocador,125 g,2025 - Agosto,1140.9,2025,Agosto,202508.0
Noreste,Pan francés,kg,2025 - Agosto,2110.89,2025,Agosto,202508.0
Noreste,Harina de trigo común,kg,2025 - Agosto,861.96,2025,Agosto,202508.0
Noreste,Arroz blanco simple,kg,2025 - Agosto,1741.71,2025,Agosto,202508.0
Noreste,Fideos secos tipo guisero,500 g,2025 - Agosto,1151.01,2025,Agosto,202508.0
Noreste,Carne picada común,kg,2025 - Agosto,7061.44,2025,Agosto,202508.0
Noreste,Pollo entero,kg,2025 - Agosto,3687.81,2025,Agosto,202508.0
Noreste,Aceite de girasol,"1,5 litros",2025 - Agosto,4639.14,2025,Agosto,202508.0
Noreste,Leche fresca entera sachet,Litro,2025 - Agosto,1693.43,2025,Agosto,202508.0
Noreste,Huevos de gallina,Docena,2025 - Agosto,3483.08,2025,Agosto,202508.0
Noreste,Papa,kg,2025 - Agosto,726.09,2025,Agosto,202508.0
Noreste,Azúcar,kg,2025 - Agosto,1039.02,2025,Agosto,202508.0
Noreste,Detergente líquido,750 cc,2025 - Agosto,1836.36,2025,Agosto,202508.0
Noreste,Lavandina,1.000 cc,2025 - Agosto,1205.26,2025,Agosto,202508.0
Noreste,Jabón de tocador,125 g,2025 - Agosto,1059.63,2025,Agosto,202508.0
Noroeste,Pan francés,kg,2025 - Agosto,2405.73,2025,Agosto,202508.0
Noroeste,Harina de trigo común,kg,2025 - Agosto,882.75,2025,Agosto,202508.0
Noroeste,Arroz blanco simple,kg,2025 - Agosto,1818.49,2025,Agosto,202508.0
Noroeste,Fideos secos tipo guisero,500 g,2025 - Agosto,1230.53,2025,Agosto,202508.0
Noroeste,Carne picada común,kg,2025 - Agosto,8097.31,2025,Agosto,202508.0
Noroeste,Pollo entero,kg,2025 - Agosto,3774.02,2025,Agosto,202508.0
Noroeste,Aceite de girasol,"1,5 litros",2025 - Agosto,4616.32,2025,Agosto,202508.0
Noroeste,Leche fresca entera sachet,Litro,2025 - Agosto,1598.51,2025,Agosto,202508.0
Noroeste,Huevos de gallina,Docena,2025 - Agosto,3445.16,2025,Agosto,202508.0
Noroeste,Papa,kg,2025 - Agosto,631.13,2025,Agosto,202508.0
Noroeste,Azúcar,kg,2025 - Agosto,1013.58,2025,Agosto,202508.0
Noroeste,Detergente líquido,750 cc,2025 - Agosto,1882.97,2025,Agosto,202508.0
Noroeste,Lavandina,1.000 cc,2025 - Agosto,1196.51,2025,Agosto,202508.0
Noroeste,Jabón de tocador,125 g,2025 - Agosto,1076.64,2025,Agosto,202508.0
Cuyo,Pan francés,kg,2025 - Agosto,2193.75,2025,Agosto,202508.0
Cuyo,Harina de trigo común,kg,2025 - Agosto,904.17,2025,Agosto,202508.0
Cuyo,Arroz blanco simple,kg,2025 - Agosto,1941.37,2025,Agosto,202508.0
Cuyo,Fideos secos tipo guisero,500 g,2025 - Agosto,1395.46,2025,Agosto,202508.0
Cuyo,Carne picada común,kg,2025 - Agosto,6908.64,2025,Agosto,202508.0
Cuyo,Pollo entero,kg,2025 - Agosto,4048.67,2025,Agosto,202508.0
Cuyo,Aceite de girasol,"1,5 litros",2025 - Agosto,4723.8,2025,Agosto,202508.0
Cuyo,Leche fresca entera sachet,Litro,2025 - Agosto,1672.99,2025,Agosto,202508.0
Cuyo,Huevos de gallina,Docena,2025 - Agosto,3800.69,2025,Agosto,202508.0
Cuyo,Papa,kg,2025 - Agosto,803.06,2025,Agosto,202508.0
Cuyo,Azúcar,kg,2025 - Agosto,1159.33,2025,Agosto,202508.0
Cuyo,Detergente líquido,750 cc,2025 - Agosto,1708.09,2025,Agosto,202508.0
Cuyo,Lavandina,1.000 cc,2025 - Agosto,1222.55,2025,Agosto,202508.0
Cuyo,Jabón de tocador,125 g,2025 - Agosto,1142.51,2025,Agosto,202508.0
Patagonia,Pan francés,kg,2025 - Agosto,3421.45,2025,Agosto,202508.0
Patagonia,Harina de trigo común,kg,2025 - Agosto,1118.37,2025,Agosto,202508.0
Patagonia,Arroz blanco simple,kg,2025 - Agosto,2654.38,2025,Agosto,202508.0
Patagonia,Fideos secos tipo guisero,500 g,2025 - Agosto,1685.02,2025,Agosto,202508.0
Patagonia,Carne picada común,kg,2025 - Agosto,9958.9,2025,Agosto,202508.0
Patagonia,Pollo entero,kg,2025 - Agosto,4200.26,2025,Agosto,202508.0
Patagonia,Aceite de girasol,"1,5 litros",2025 - Agosto,5041.03,2025,Agosto,202508.0
Patagonia,Leche fresca entera sachet,Litro,2025 - Agosto,1777.01,2025,Agosto,202508.0
Patagonia,Huevos de gallina,Docena,2025 - Agosto,4692.32,2025,Agosto,202508.0
Patagonia,Papa,kg,2025 - Agosto,1341.42,2025,Agosto,202508.0
Patagonia,Azúcar,kg,2025 - Agosto,1405.2,2025,Agosto,202508.0
Patagonia,Detergente líquido,750 cc,2025 - Agosto,3610.78,2025,Agosto,202508.0
Patagonia,Lavandina,1.000 cc,2025 - Agosto,1365.81,2025,Agosto,202508.0
Patagonia,Jabón de tocador,125 g,2025 - Agosto,1243.19,2025,Agosto,202508.0
GBA,Pan francés,kg,2025 - Septiembre,3833.99,2025,Septiembre,202509.0
GBA,Harina de trigo común,kg,2025 - Septiembre,914.65,2025,Septiembre,202509.0
GBA,Arroz blanco simple,kg,2025 - Septiembre,1745.29,2025,Septiembre,202509.0
GBA,Fideos secos tipo guisero,500 g,2025 - Septiembre,1499.24,2025,Septiembre,202509.0
GBA,Carne picada común,kg,2025 - Septiembre,7071.04,2025,Septiembre,202509.0
GBA,Pollo entero,kg,2025 - Septiembre,3722.78,2025,Septiembre,202509.0
GBA,Aceite de girasol,"1,5 litros",2025 - Septiembre,4696.85,2025,Septiembre,202509.0
GBA,Leche fresca entera sachet,Litro,2025 - Septiembre,1580.18,2025,Septiembre,202509.0
GBA,Huevos de gallina,Docena,2025 - Septiembre,3987.33,2025,Septiembre,202509.0
GBA,Papa,kg,2025 - Septiembre,823.0,2025,Septiembre,202509.0
GBA,Azúcar,kg,2025 - Septiembre,1150.96,2025,Septiembre,202509.0
GBA,Detergente líquido,750 cc,2025 - Septiembre,1702.99,2025,Septiembre,202509.0
GBA,Lavandina,1.000 cc,2025 - Septiembre,1223.55,2025,Septiembre,202509.0
GBA,Jabón de tocador,125 g,2025 - Septiembre,1132.33,2025,Septiembre,202509.0
Pampeana,Pan francés,kg,2025 - Septiembre,2944.08,2025,Septiembre,202509.0
Pampeana,Harina de trigo común,kg,2025 - Septiembre,977.62,2025,Septiembre,202509.0
Pampeana,Arroz blanco simple,kg,2025 - Septiembre,2087.61,2025,Septiembre,202509.0
Pampeana,Fideos secos tipo guisero,500 g,2025 - Septiembre,1456.82,2025,Septiembre,202509.0
Pampeana,Carne picada común,kg,2025 - Septiembre,7739.91,2025,Septiembre,202509.0
Pampeana,Pollo entero,kg,2025 - Septiembre,3997.34,2025,Septiembre,202509.0
Pampeana,Aceite de girasol,"1,5 litros",2025 - Septiembre,5100.75,2025,Septiembre,202509.0
Pampeana,Leche fresca entera sachet,Litro,2025 - Septiembre,1663.28,2025,Septiembre,202509.0
Pampeana,Huevos de gallina,Docena,2025 - Septiembre,4019.23,2025,Septiembre,202509.0
Pampeana,Papa,kg,2025 - Septiembre,776.23,2025,Septiembre,202509.0
Pampeana,Azúcar,kg,2025 - Septiembre,1192.78,2025,Septiembre,202509.0
Pampeana,Detergente líquido,750 cc,2025 - Septiembre,2108.65,2025,Septiembre,202509.0
Pampeana,Lavandina,1.000 cc,2025 - Septiembre,1241.02,2025,Septiembre,202509.0
Pampeana,Jabón de tocador,125 g,2025 - Septiembre,1166.55,2025,Septiembre,202509.0
Noreste,Pan francés,kg,2025 - Septiembre,2130.87,2025,Septiembre,202509.0
Noreste,Harina de trigo común,kg,2025 - Septiembre,886.88,2025,Septiembre,202509.0
Noreste,Arroz blanco simple,kg,2025 - Septiembre,1691.68,2025,Septiembre,202509.0
Noreste,Fideos secos tipo guisero,500 g,2025 - Septiembre,1188.51,2025,Septiembre,202509.0
Noreste,Carne picada común,kg,2025 - Septiembre,7289.79,2025,Septiembre,202509.0
Noreste,Pollo entero,kg,2025 - Septiembre,3464.22,2025,Septiembre,202509.0
Noreste,Aceite de girasol,"1,5 litros",2025 - Septiembre,4912.57,2025,Septiembre,202509.0
Noreste,Leche fresca entera sachet,Litro,2025 - Septiembre,1690.68,2025,Septiembre,202509.0
Noreste,Huevos de gallina,Docena,2025 - Septiembre,3463.89,2025,Septiembre,202509.0
Noreste,Papa,kg,2025 - Septiembre,692.3,2025,Septiembre,202509.0
Noreste,Azúcar,kg,2025 - Septiembre,1047.74,2025,Septiembre,202509.0
Noreste,Detergente líquido,750 cc,2025 - Septiembre,1861.78,2025,Septiembre,202509.0
Noreste,Lavandina,1.000 cc,2025 - Septiembre,1210.88,2025,Septiembre,202509.0
Noreste,Jabón de tocador,125 g,2025 - Septiembre,1083.58,2025,Septiembre,202509.0
Noroeste,Pan francés,kg,2025 - Septiembre,2440.3,2025,Septiembre,202509.0
Noroeste,Harina de trigo común,kg,2025 - Septiembre,894.32,2025,Septiembre,202509.0
Noroeste,Arroz blanco simple,kg,2025 - Septiembre,1786.89,2025,Septiembre,202509.0
Noroeste,Fideos secos tipo guisero,500 g,2025 - Septiembre,1250.21,2025,Septiembre,202509.0
Noroeste,Carne picada común,kg,2025 - Septiembre,8097.23,2025,Septiembre,202509.0
Noroeste,Pollo entero,kg,2025 - Septiembre,3630.57,2025,Septiembre,202509.0
Noroeste,Aceite de girasol,"1,5 litros",2025 - Septiembre,4774.29,2025,Septiembre,202509.0
Noroeste,Leche fresca entera sachet,Litro,2025 - Septiembre,1604.8,2025,Septiembre,202509.0
Noroeste,Huevos de gallina,Docena,2025 - Septiembre,3455.7,2025,Septiembre,202509.0
Noroeste,Papa,kg,2025 - Septiembre,580.59,2025,Septiembre,202509.0
Noroeste,Azúcar,kg,2025 - Septiembre,1023.08,2025,Septiembre,202509.0
Noroeste,Detergente líquido,750 cc,2025 - Septiembre,1877.96,2025,Septiembre,202509.0
Noroeste,Lavandina,1.000 cc,2025 - Septiembre,1204.58,2025,Septiembre,202509.0
Noroeste,Jabón de tocador,125 g,2025 - Septiembre,1102.47,2025,Septiembre,202509.0
Cuyo,Pan francés,kg,2025 - Septiembre,2221.62,2025,Septiembre,202509.0
Cuyo,Harina de trigo común,kg,2025 - Septiembre,937.65,2025,Septiembre,202509.0
Cuyo,Arroz blanco simple,kg,2025 - Septiembre,1919.08,2025,Septiembre,202509.0
Cuyo,Fideos secos tipo guisero,500 g,2025 - Septiembre,1422.48,2025,Septiembre,202509.0
Cuyo,Carne picada común,kg,2025 - Septiembre,6982.46,2025,Septiembre,202509.0
Cuyo,Pollo entero,kg,2025 - Septiembre,3996.52,2025,Septiembre,202509.0
Cuyo,Aceite de girasol,"1,5 litros",2025 - Septiembre,4959.14,2025,Septiembre,202509.0
Cuyo,Leche fresca entera sachet,Litro,2025 - Septiembre,1653.72,2025,Septiembre,202509.0
Cuyo,Huevos de gallina,Docena,2025 - Septiembre,3856.67,2025,Septiembre,202509.0
Cuyo,Papa,kg,2025 - Septiembre,709.38,2025,Septiembre,202509.0
Cuyo,Azúcar,kg,2025 - Septiembre,1164.15,2025,Septiembre,202509.0
Cuyo,Detergente líquido,750 cc,2025 - Septiembre,1714.2,2025,Septiembre,202509.0
Cuyo,Lavandina,1.000 cc,2025 - Septiembre,1219.04,2025,Septiembre,202509.0
Cuyo,Jabón de tocador,125 g,2025 - Septiembre,1187.72,2025,Septiembre,202509.0
Patagonia,Pan francés,kg,2025 - Septiembre,3507.37,2025,Septiembre,202509.0
Patagonia,Harina de trigo común,kg,2025 - Septiembre,1124.54,2025,Septiembre,202509.0
Patagonia,Arroz blanco simple,kg,2025 - Septiembre,2693.51,2025,Septiembre,202509.0
Patagonia,Fideos secos tipo guisero,500 g,2025 - Septiembre,1721.14,2025,Septiembre,202509.0
Patagonia,Carne picada común,kg,2025 - Septiembre,10255.09,2025,Septiembre,202509.0
Patagonia,Pollo entero,kg,2025 - Septiembre,4193.22,2025,Septiembre,202509.0
Patagonia,Aceite de girasol,"1,5 litros",2025 - Septiembre,5278.29,2025,Septiembre,202509.0
Patagonia,Leche fresca entera sachet,Litro,2025 - Septiembre,1754.54,2025,Septiembre,202509.0
Patagonia,Huevos de gallina,Docena,2025 - Septiembre,4717.3,2025,Septiembre,202509.0
Patagonia,Papa,kg,2025 - Septiembre,1301.06,2025,Septiembre,202509.0
Patagonia,Azúcar,kg,2025 - Septiembre,1422.43,2025,Septiembre,202509.0
Patagonia,Detergente líquido,750 cc,2025 - Septiembre,3766.72,2025,Septiembre,202509.0
Patagonia,Lavandina,1.000 cc,2025 - Septiembre,1365.98,2025,Septiembre,202509.0
Patagonia,Jabón de tocador,125 g,2025 - Septiembre,1266.87,2025,Septiembre,202509.0
GBA,Pan francés,kg,2025 - Octubre,3908.68,2025,Octubre,202510.0
GBA,Harina de trigo común,kg,2025 - Octubre,914.61,2025,Octubre,202510.0
GBA,Arroz blanco simple,kg,2025 - Octubre,1702.33,2025,Octubre,202510.0
GBA,Fideos secos tipo guisero,500 g,2025 - Octubre,1516.22,2025,Octubre,202510.0
GBA,Carne picada común,kg,2025 - Octubre,7320.71,2025,Octubre,202510.0
GBA,Pollo entero,kg,2025 - Octubre,3681.62,2025,Octubre,202510.0
GBA,Aceite de girasol,"1,5 litros",2025 - Octubre,5012.41,2025,Octubre,202510.0
GBA,Leche fresca entera sachet,Litro,2025 - Octubre,1591.71,2025,Octubre,202510.0
GBA,Huevos de gallina,Docena,2025 - Octubre,4050.41,2025,Octubre,202510.0
GBA,Papa,kg,2025 - Octubre,829.02,2025,Octubre,202510.0
GBA,Azúcar,kg,2025 - Octubre,1163.29,2025,Octubre,202510.0
GBA,Detergente líquido,750 cc,2025 - Octubre,1744.73,2025,Octubre,202510.0
GBA,Lavandina,1.000 cc,2025 - Octubre,1244.22,2025,Octubre,202510.0
GBA,Jabón de tocador,125 g,2025 - Octubre,1151.6,2025,Octubre,202510.0
Pampeana,Pan francés,kg,2025 - Octubre,3000.33,2025,Octubre,202510.0
Pampeana,Harina de trigo común,kg,2025 - Octubre,987.66,2025,Octubre,202510.0
Pampeana,Arroz blanco simple,kg,2025 - Octubre,2048.0,2025,Octubre,202510.0
Pampeana,Fideos secos tipo guisero,500 g,2025 - Octubre,1463.62,2025,Octubre,202510.0
Pampeana,Carne picada común,kg,2025 - Octubre,7931.68,2025,Octubre,202510.0
Pampeana,Pollo entero,kg,2025 - Octubre,3907.3,2025,Octubre,202510.0
Pampeana,Aceite de girasol,"1,5 litros",2025 - Octubre,5389.07,2025,Octubre,202510.0
Pampeana,Leche fresca entera sachet,Litro,2025 - Octubre,1670.68,2025,Octubre,202510.0
Pampeana,Huevos de gallina,Docena,2025 - Octubre,4016.91,2025,Octubre,202510.0
Pampeana,Papa,kg,2025 - Octubre,773.2,2025,Octubre,202510.0
Pampeana,Azúcar,kg,2025 - Octubre,1206.33,2025,Octubre,202510.0
Pampeana,Detergente líquido,750 cc,2025 - Octubre,2121.69,2025,Octubre,202510.0
Pampeana,Lavandina,1.000 cc,2025 - Octubre,1261.51,2025,Octubre,202510.0
Pampeana,Jabón de tocador,125 g,2025 - Octubre,1197.4,2025,Octubre,202510.0
Noreste,Pan francés,kg,2025 - Octubre,2164.18,2025,Octubre,202510.0
Noreste,Harina de trigo común,kg,2025 - Octubre,907.45,2025,Octubre,202510.0
Noreste,Arroz blanco simple,kg,2025 - Octubre,1655.02,2025,Octubre,202510.0
Noreste,Fideos secos tipo guisero,500 g,2025 - Octubre,1163.82,2025,Octubre,202510.0
Noreste,Carne picada común,kg,2025 - Octubre,7610.24,2025,Octubre,202510.0
Noreste,Pollo entero,kg,2025 - Octubre,3459.87,2025,Octubre,202510.0
Noreste,Aceite de girasol,"1,5 litros",2025 - Octubre,5091.85,2025,Octubre,202510.0
Noreste,Leche fresca entera sachet,Litro,2025 - Octubre,1670.29,2025,Octubre,202510.0
Noreste,Huevos de gallina,Docena,2025 - Octubre,3459.0,2025,Octubre,202510.0
Noreste,Papa,kg,2025 - Octubre,674.54,2025,Octubre,202510.0
Noreste,Azúcar,kg,2025 - Octubre,1045.96,2025,Octubre,202510.0
Noreste,Detergente líquido,750 cc,2025 - Octubre,1876.33,2025,Octubre,202510.0
Noreste,Lavandina,1.000 cc,2025 - Octubre,1209.18,2025,Octubre,202510.0
Noreste,Jabón de tocador,125 g,2025 - Octubre,1110.43,2025,Octubre,202510.0
Noroeste,Pan francés,kg,2025 - Octubre,2483.63,2025,Octubre,202510.0
Noroeste,Harina de trigo común,kg,2025 - Octubre,901.99,2025,Octubre,202510.0
Noroeste,Arroz blanco simple,kg,2025 - Octubre,1773.45,2025,Octubre,202510.0
Noroeste,Fideos secos tipo guisero,500 g,2025 - Octubre,1260.28,2025,Octubre,202510.0
Noroeste,Carne picada común,kg,2025 - Octubre,8529.27,2025,Octubre,202510.0
Noroeste,Pollo entero,kg,2025 - Octubre,3571.73,2025,Octubre,202510.0
Noroeste,Aceite de girasol,"1,5 litros",2025 - Octubre,5006.75,2025,Octubre,202510.0
Noroeste,Leche fresca entera sachet,Litro,2025 - Octubre,1604.34,2025,Octubre,202510.0
Noroeste,Huevos de gallina,Docena,2025 - Octubre,3460.46,2025,Octubre,202510.0
Noroeste,Papa,kg,2025 - Octubre,554.82,2025,Octubre,202510.0
Noroeste,Azúcar,kg,2025 - Octubre,1027.39,2025,Octubre,202510.0
Noroeste,Detergente líquido,750 cc,2025 - Octubre,2001.42,2025,Octubre,202510.0
Noroeste,Lavandina,1.000 cc,2025 - Octubre,1213.08,2025,Octubre,202510.0
Noroeste,Jabón de tocador,125 g,2025 - Octubre,1111.11,2025,Octubre,202510.0
Cuyo,Pan francés,kg,2025 - Octubre,2263.29,2025,Octubre,202510.0
Cuyo,Harina de trigo común,kg,2025 - Octubre,934.87,2025,Octubre,202510.0
Cuyo,Arroz blanco simple,kg,2025 - Octubre,1876.69,2025,Octubre,202510.0
Cuyo,Fideos secos tipo guisero,500 g,2025 - Octubre,1410.94,2025,Octubre,202510.0
Cuyo,Carne picada común,kg,2025 - Octubre,7202.43,2025,Octubre,202510.0
Cuyo,Pollo entero,kg,2025 - Octubre,3907.71,2025,Octubre,202510.0
Cuyo,Aceite de girasol,"1,5 litros",2025 - Octubre,5267.9,2025,Octubre,202510.0
Cuyo,Leche fresca entera sachet,Litro,2025 - Octubre,1656.57,2025,Octubre,202510.0
Cuyo,Huevos de gallina,Docena,2025 - Octubre,3830.53,2025,Octubre,202510.0
Cuyo,Papa,kg,2025 - Octubre,668.13,2025,Octubre,202510.0
Cuyo,Azúcar,kg,2025 - Octubre,1190.98,2025,Octubre,202510.0
Cuyo,Detergente líquido,750 cc,2025 - Octubre,1784.45,2025,Octubre,202510.0
Cuyo,Lavandina,1.000 cc,2025 - Octubre,1257.16,2025,Octubre,202510.0
Cuyo,Jabón de tocador,125 g,2025 - Octubre,1219.8,2025,Octubre,202510.0
Patagonia,Pan francés,kg,2025 - Octubre,3533.21,2025,Octubre,202510.0
Patagonia,Harina de trigo común,kg,2025 - Octubre,1136.08,2025,Octubre,202510.0
Patagonia,Arroz blanco simple,kg,2025 - Octubre,2696.83,2025,Octubre,202510.0
Patagonia,Fideos secos tipo guisero,500 g,2025 - Octubre,1709.38,2025,Octubre,202510.0
Patagonia,Carne picada común,kg,2025 - Octubre,10309.16,2025,Octubre,202510.0
Patagonia,Pollo entero,kg,2025 - Octubre,4163.37,2025,Octubre,202510.0
Patagonia,Aceite de girasol,"1,5 litros",2025 - Octubre,5519.32,2025,Octubre,202510.0
Patagonia,Leche fresca entera sachet,Litro,2025 - Octubre,1768.02,2025,Octubre,202510.0
Patagonia,Huevos de gallina,Docena,2025 - Octubre,4695.24,2025,Octubre,202510.0
Patagonia,Papa,kg,2025 - Octubre,1219.16,2025,Octubre,202510.0
Patagonia,Azúcar,kg,2025 - Octubre,1444.03,2025,Octubre,202510.0
Patagonia,Detergente líquido,750 cc,2025 - Octubre,3764.01,2025,Octubre,202510.0
Patagonia,Lavandina,1.000 cc,2025 - Octubre,1354.83,2025,Octubre,202510.0
Patagonia,Jabón de tocador,125 g,2025 - Octubre,1307.51,2025,Octubre,202510.0
GBA,Pan francés,kg,2025 - Noviembre,3952.81,2025,Noviembre,202511.0
GBA,Harina de trigo común,kg,2025 - Noviembre,940.07,2025,Noviembre,202511.0
GBA,Arroz blanco simple,kg,2025 - Noviembre,1684.46,2025,Noviembre,202511.0
GBA,Fideos secos tipo guisero,500 g,2025 - Noviembre,1534.91,2025,Noviembre,202511.0
GBA,Carne picada común,kg,2025 - Noviembre,8018.07,2025,Noviembre,202511.0
GBA,Pollo entero,kg,2025 - Noviembre,3642.98,2025,Noviembre,202511.0
GBA,Aceite de girasol,"1,5 litros",2025 - Noviembre,5182.99,2025,Noviembre,202511.0
GBA,Leche fresca entera sachet,Litro,2025 - Noviembre,1561.92,2025,Noviembre,202511.0
GBA,Huevos de gallina,Docena,2025 - Noviembre,3964.04,2025,Noviembre,202511.0
GBA,Papa,kg,2025 - Noviembre,940.91,2025,Noviembre,202511.0
GBA,Azúcar,kg,2025 - Noviembre,1180.34,2025,Noviembre,202511.0
GBA,Detergente líquido,750 cc,2025 - Noviembre,1785.96,2025,Noviembre,202511.0
GBA,Lavandina,1.000 cc,2025 - Noviembre,1284.34,2025,Noviembre,202511.0
GBA,Jabón de tocador,125 g,2025 - Noviembre,1185.93,2025,Noviembre,202511.0
Pampeana,Pan francés,kg,2025 - Noviembre,3033.8,2025,Noviembre,202511.0
Pampeana,Harina de trigo común,kg,2025 - Noviembre,992.85,2025,Noviembre,202511.0
Pampeana,Arroz blanco simple,kg,2025 - Noviembre,2046.06,2025,Noviembre,202511.0
Pampeana,Fideos secos tipo guisero,500 g,2025 - Noviembre,1482.44,2025,Noviembre,202511.0
Pampeana,Carne picada común,kg,2025 - Noviembre,8504.89,2025,Noviembre,202511.0
Pampeana,Pollo entero,kg,2025 - Noviembre,3918.74,2025,Noviembre,202511.0
Pampeana,Aceite de girasol,"1,5 litros",2025 - Noviembre,5523.84,2025,Noviembre,202511.0
Pampeana,Leche fresca entera sachet,Litro,2025 - Noviembre,1695.67,2025,Noviembre,202511.0
Pampeana,Huevos de gallina,Docena,2025 - Noviembre,4006.47,2025,Noviembre,202511.0
Pampeana,Papa,kg,2025 - Noviembre,831.5,2025,Noviembre,202511.0
Pampeana,Azúcar,kg,2025 - Noviembre,1219.38,2025,Noviembre,202511.0
Pampeana,Detergente líquido,750 cc,2025 - Noviembre,2176.58,2025,Noviembre,202511.0
Pampeana,Lavandina,1.000 cc,2025 - Noviembre,1280.63,2025,Noviembre,202511.0
Pampeana,Jabón de tocador,125 g,2025 - Noviembre,1231.53,2025,Noviembre,202511.0
Noreste,Pan francés,kg,2025 - Noviembre,2191.67,2025,Noviembre,202511.0
Noreste,Harina de trigo común,kg,2025 - Noviembre,909.45,2025,Noviembre,202511.0
Noreste,Arroz blanco simple,kg,2025 - Noviembre,1635.3,2025,Noviembre,202511.0
Noreste,Fideos secos tipo guisero,500 g,2025 - Noviembre,1184.87,2025,Noviembre,202511.0
Noreste,Carne picada común,kg,2025 - Noviembre,7897.43,2025,Noviembre,202511.0
Noreste,Pollo entero,kg,2025 - Noviembre,3356.89,2025,Noviembre,202511.0
Noreste,Aceite de girasol,"1,5 litros",2025 - Noviembre,5284.21,2025,Noviembre,202511.0
Noreste,Leche fresca entera sachet,Litro,2025 - Noviembre,1679.71,2025,Noviembre,202511.0
Noreste,Huevos de gallina,Docena,2025 - Noviembre,3459.94,2025,Noviembre,202511.0
Noreste,Papa,kg,2025 - Noviembre,747.78,2025,Noviembre,202511.0
Noreste,Azúcar,kg,2025 - Noviembre,1057.88,2025,Noviembre,202511.0
Noreste,Detergente líquido,750 cc,2025 - Noviembre,1892.21,2025,Noviembre,202511.0
Noreste,Lavandina,1.000 cc,2025 - Noviembre,1225.83,2025,Noviembre,202511.0
Noreste,Jabón de tocador,125 g,2025 - Noviembre,1132.41,2025,Noviembre,202511.0
Noroeste,Pan francés,kg,2025 - Noviembre,2509.26,2025,Noviembre,202511.0
Noroeste,Harina de trigo común,kg,2025 - Noviembre,897.25,2025,Noviembre,202511.0
Noroeste,Arroz blanco simple,kg,2025 - Noviembre,1760.88,2025,Noviembre,202511.0
Noroeste,Fideos secos tipo guisero,500 g,2025 - Noviembre,1263.07,2025,Noviembre,202511.0
Noroeste,Carne picada común,kg,2025 - Noviembre,9269.69,2025,Noviembre,202511.0
Noroeste,Pollo entero,kg,2025 - Noviembre,3525.4,2025,Noviembre,202511.0
Noroeste,Aceite de girasol,"1,5 litros",2025 - Noviembre,5201.11,2025,Noviembre,202511.0
Noroeste,Leche fresca entera sachet,Litro,2025 - Noviembre,1621.59,2025,Noviembre,202511.0
Noroeste,Huevos de gallina,Docena,2025 - Noviembre,3441.0,2025,Noviembre,202511.0
Noroeste,Papa,kg,2025 - Noviembre,589.2,2025,Noviembre,202511.0
Noroeste,Azúcar,kg,2025 - Noviembre,1040.61,2025,Noviembre,202511.0
Noroeste,Detergente líquido,750 cc,2025 - Noviembre,1971.21,2025,Noviembre,202511.0
Noroeste,Lavandina,1.000 cc,2025 - Noviembre,1234.96,2025,Noviembre,202511.0
Noroeste,Jabón de tocador,125 g,2025 - Noviembre,1145.38,2025,Noviembre,202511.0
Cuyo,Pan francés,kg,2025 - Noviembre,2270.02,2025,Noviembre,202511.0
Cuyo,Harina de trigo común,kg,2025 - Noviembre,937.89,2025,Noviembre,202511.0
Cuyo,Arroz blanco simple,kg,2025 - Noviembre,1874.97,2025,Noviembre,202511.0
Cuyo,Fideos secos tipo guisero,500 g,2025 - Noviembre,1434.07,2025,Noviembre,202511.0
Cuyo,Carne picada común,kg,2025 - Noviembre,7818.24,2025,Noviembre,202511.0
Cuyo,Pollo entero,kg,2025 - Noviembre,3902.07,2025,Noviembre,202511.0
Cuyo,Aceite de girasol,"1,5 litros",2025 - Noviembre,5389.52,2025,Noviembre,202511.0
Cuyo,Leche fresca entera sachet,Litro,2025 - Noviembre,1671.41,2025,Noviembre,202511.0
Cuyo,Huevos de gallina,Docena,2025 - Noviembre,3840.24,2025,Noviembre,202511.0
Cuyo,Papa,kg,2025 - Noviembre,781.91,2025,Noviembre,202511.0
Cuyo,Azúcar,kg,2025 - Noviembre,1219.95,2025,Noviembre,202511.0
Cuyo,Detergente líquido,750 cc,2025 - Noviembre,1814.2,2025,Noviembre,202511.0
Cuyo,Lavandina,1.000 cc,2025 - Noviembre,1234.54,2025,Noviembre,202511.0
Cuyo,Jabón de tocador,125 g,2025 - Noviembre,1240.04,2025,Noviembre,202511.0
Patagonia,Pan francés,kg,2025 - Noviembre,3546.49,2025,Noviembre,202511.0
Patagonia,Harina de trigo común,kg,2025 - Noviembre,1143.53,2025,Noviembre,202511.0
Patagonia,Arroz blanco simple,kg,2025 - Noviembre,2659.22,2025,Noviembre,202511.0
Patagonia,Fideos secos tipo guisero,500 g,2025 - Noviembre,1722.63,2025,Noviembre,202511.0
Patagonia,Carne picada común,kg,2025 - Noviembre,10356.31,2025,Noviembre,202511.0
Patagonia,Pollo entero,kg,2025 - Noviembre,4101.52,2025,Noviembre,202511.0
Patagonia,Aceite de girasol,"1,5 litros",2025 - Noviembre,5693.06,2025,Noviembre,202511.0
Patagonia,Leche fresca entera sachet,Litro,2025 - Noviembre,1840.73,2025,Noviembre,202511.0
Patagonia,Huevos de gallina,Docena,2025 - Noviembre,4709.87,2025,Noviembre,202511.0
Patagonia,Papa,kg,2025 - Noviembre,1284.36,2025,Noviembre,202511.0
Patagonia,Azúcar,kg,2025 - Noviembre,1471.1,2025,Noviembre,202511.0
Patagonia,Detergente líquido,750 cc,2025 - Noviembre,3860.22,2025,Noviembre,202511.0
Patagonia,Lavandina,1.000 cc,2025 - Noviembre,1400.22,2025,Noviembre,202511.0
Patagonia,Jabón de tocador,125 g,2025 - Noviembre,1346.45,2025,Noviembre,202511.0
GBA,Pan francés,kg,2025 - Diciembre,4024.63,2025,Diciembre,202512.0
GBA,Harina de trigo común,kg,2025 - Diciembre,960.82,2025,Diciembre,202512.0
GBA,Arroz blanco simple,kg,2025 - Diciembre,1701.36,2025,Diciembre,202512.0
GBA,Fideos secos tipo guisero,500 g,2025 - Diciembre,1549.18,2025,Diciembre,202512.0
GBA,Carne picada común,kg,2025 - Diciembre,8624.25,2025,Diciembre,202512.0
GBA,Pollo entero,kg,2025 - Diciembre,3740.26,2025,Diciembre,202512.0
GBA,Aceite de girasol,"1,5 litros",2025 - Diciembre,5326.38,2025,Diciembre,202512.0
GBA,Leche fresca entera sachet,Litro,2025 - Diciembre,1616.31,2025,Diciembre,202512.0
GBA,Huevos de gallina,Docena,2025 - Diciembre,3985.77,2025,Diciembre,202512.0
GBA,Papa,kg,2025 - Diciembre,930.53,2025,Diciembre,202512.0
GBA,Azúcar,kg,2025 - Diciembre,1228.92,2025,Diciembre,202512.0
GBA,Detergente líquido,750 cc,2025 - Diciembre,1806.45,2025,Diciembre,202512.0
GBA,Lavandina,1.000 cc,2025 - Diciembre,1287.11,2025,Diciembre,202512.0
GBA,Jabón de tocador,125 g,2025 - Diciembre,1214.92,2025,Diciembre,202512.0
Pampeana,Pan francés,kg,2025 - Diciembre,3063.36,2025,Diciembre,202512.0
Pampeana,Harina de trigo común,kg,2025 - Diciembre,1004.01,2025,Diciembre,202512.0
Pampeana,Arroz blanco simple,kg,2025 - Diciembre,2020.03,2025,Diciembre,202512.0
Pampeana,Fideos secos tipo guisero,500 g,2025 - Diciembre,1496.08,2025,Diciembre,202512.0
Pampeana,Carne picada común,kg,2025 - Diciembre,9136.17,2025,Diciembre,202512.0
Pampeana,Pollo entero,kg,2025 - Diciembre,4044.38,2025,Diciembre,202512.0
Pampeana,Aceite de girasol,"1,5 litros",2025 - Diciembre,5637.91,2025,Diciembre,202512.0
Pampeana,Leche fresca entera sachet,Litro,2025 - Diciembre,1728.08,2025,Diciembre,202512.0
Pampeana,Huevos de gallina,Docena,2025 - Diciembre,3978.22,2025,Diciembre,202512.0
Pampeana,Papa,kg,2025 - Diciembre,849.84,2025,Diciembre,202512.0
Pampeana,Azúcar,kg,2025 - Diciembre,1249.28,2025,Diciembre,202512.0
Pampeana,Detergente líquido,750 cc,2025 - Diciembre,2173.59,2025,Diciembre,202512.0
Pampeana,Lavandina,1.000 cc,2025 - Diciembre,1301.63,2025,Diciembre,202512.0
Pampeana,Jabón de tocador,125 g,2025 - Diciembre,1253.96,2025,Diciembre,202512.0
Noreste,Pan francés,kg,2025 - Diciembre,2198.26,2025,Diciembre,202512.0
Noreste,Harina de trigo común,kg,2025 - Diciembre,909.33,2025,Diciembre,202512.0
Noreste,Arroz blanco simple,kg,2025 - Diciembre,1645.6,2025,Diciembre,202512.0
Noreste,Fideos secos tipo guisero,500 g,2025 - Diciembre,1181.16,2025,Diciembre,202512.0
Noreste,Carne picada común,kg,2025 - Diciembre,8707.61,2025,Diciembre,202512.0
Noreste,Pollo entero,kg,2025 - Diciembre,3558.82,2025,Diciembre,202512.0
Noreste,Aceite de girasol,"1,5 litros",2025 - Diciembre,5377.82,2025,Diciembre,202512.0
Noreste,Leche fresca entera sachet,Litro,2025 - Diciembre,1707.64,2025,Diciembre,202512.0
Noreste,Huevos de gallina,Docena,2025 - Diciembre,3419.85,2025,Diciembre,202512.0
Noreste,Papa,kg,2025 - Diciembre,744.88,2025,Diciembre,202512.0
Noreste,Azúcar,kg,2025 - Diciembre,1118.05,2025,Diciembre,202512.0
Noreste,Detergente líquido,750 cc,2025 - Diciembre,1923.38,2025,Diciembre,202512.0
Noreste,Lavandina,1.000 cc,2025 - Diciembre,1269.79,2025,Diciembre,202512.0
Noreste,Jabón de tocador,125 g,2025 - Diciembre,1171.53,2025,Diciembre,202512.0
Noroeste,Pan francés,kg,2025 - Diciembre,2507.8,2025,Diciembre,202512.0
Noroeste,Harina de trigo común,kg,2025 - Diciembre,914.08,2025,Diciembre,202512.0
Noroeste,Arroz blanco simple,kg,2025 - Diciembre,1745.69,2025,Diciembre,202512.0
Noroeste,Fideos secos tipo guisero,500 g,2025 - Diciembre,1267.52,2025,Diciembre,202512.0
Noroeste,Carne picada común,kg,2025 - Diciembre,9915.91,2025,Diciembre,202512.0
Noroeste,Pollo entero,kg,2025 - Diciembre,3694.61,2025,Diciembre,202512.0
Noroeste,Aceite de girasol,"1,5 litros",2025 - Diciembre,5360.15,2025,Diciembre,202512.0
Noroeste,Leche fresca entera sachet,Litro,2025 - Diciembre,1642.15,2025,Diciembre,202512.0
Noroeste,Huevos de gallina,Docena,2025 - Diciembre,3387.4,2025,Diciembre,202512.0
Noroeste,Papa,kg,2025 - Diciembre,614.3,2025,Diciembre,202512.0
Noroeste,Azúcar,kg,2025 - Diciembre,1085.98,2025,Diciembre,202512.0
Noroeste,Detergente líquido,750 cc,2025 - Diciembre,1995.74,2025,Diciembre,202512.0
Noroeste,Lavandina,1.000 cc,2025 - Diciembre,1254.96,2025,Diciembre,202512.0
Noroeste,Jabón de tocador,125 g,2025 - Diciembre,1161.34,2025,Diciembre,202512.0
Cuyo,Pan francés,kg,2025 - Diciembre,2285.94,2025,Diciembre,202512.0
Cuyo,Harina de trigo común,kg,2025 - Diciembre,947.04,2025,Diciembre,202512.0
Cuyo,Arroz blanco simple,kg,2025 - Diciembre,1864.07,2025,Diciembre,202512.0
Cuyo,Fideos secos tipo guisero,500 g,2025 - Diciembre,1470.14,2025,Diciembre,202512.0
Cuyo,Carne picada común,kg,2025 - Diciembre,8529.16,2025,Diciembre,202512.0
Cuyo,Pollo entero,kg,2025 - Diciembre,4014.67,2025,Diciembre,202512.0
Cuyo,Aceite de girasol,"1,5 litros",2025 - Diciembre,5526.98,2025,Diciembre,202512.0
Cuyo,Leche fresca entera sachet,Litro,2025 - Diciembre,1731.16,2025,Diciembre,202512.0
Cuyo,Huevos de gallina,Docena,2025 - Diciembre,3822.01,2025,Diciembre,202512.0
Cuyo,Papa,kg,2025 - Diciembre,765.94,2025,Diciembre,202512.0
Cuyo,Azúcar,kg,2025 - Diciembre,1263.86,2025,Diciembre,202512.0
Cuyo,Detergente líquido,750 cc,2025 - Diciembre,1841.44,2025,Diciembre,202512.0
Cuyo,Lavandina,1.000 cc,2025 - Diciembre,1314.09,2025,Diciembre,202512.0
Cuyo,Jabón de tocador,125 g,2025 - Diciembre,1237.81,2025,Diciembre,202512.0
Patagonia,Pan francés,kg,2025 - Diciembre,3647.09,2025,Diciembre,202512.0
Patagonia,Harina de trigo común,kg,2025 - Diciembre,1189.22,2025,Diciembre,202512.0
Patagonia,Arroz blanco simple,kg,2025 - Diciembre,2666.81,2025,Diciembre,202512.0
Patagonia,Fideos secos tipo guisero,500 g,2025 - Diciembre,1746.37,2025,Diciembre,202512.0
Patagonia,Carne picada común,kg,2025 - Diciembre,10850.2,2025,Diciembre,202512.0
Patagonia,Pollo entero,kg,2025 - Diciembre,4165.71,2025,Diciembre,202512.0
Patagonia,Aceite de girasol,"1,5 litros",2025 - Diciembre,5890.05,2025,Diciembre,202512.0
Patagonia,Leche fresca entera sachet,Litro,2025 - Diciembre,1911.09,2025,Diciembre,202512.0
Patagonia,Huevos de gallina,Docena,2025 - Diciembre,4697.75,2025,Diciembre,202512.0
Patagonia,Papa,kg,2025 - Diciembre,1279.71,2025,Diciembre,202512.0
Patagonia,Azúcar,kg,2025 - Diciembre,1527.52,2025,Diciembre,202512.0
Patagonia,Detergente líquido,750 cc,2025 - Diciembre,3918.28,2025,Diciembre,202512.0
Patagonia,Lavandina,1.000 cc,2025 - Diciembre,1457.43,2025,Diciembre,202512.0
Patagonia,Jabón de tocador,125 g,2025 - Diciembre,1386.73,2025,Diciembre,202512.0
GBA,Pan francés,kg,2026 - Enero,4122.18,2026,Enero,202601.0
GBA,Harina de trigo común,kg,2026 - Enero,957.29,2026,Enero,202601.0
GBA,Arroz blanco simple,kg,2026 - Enero,1711.31,2026,Enero,202601.0
GBA,Fideos secos tipo guisero,500 g,2026 - Enero,1580.64,2026,Enero,202601.0
GBA,Carne picada común,kg,2026 - Enero,8890.91,2026,Enero,202601.0
GBA,Pollo entero,kg,2026 - Enero,4074.64,2026,Enero,202601.0
GBA,Aceite de girasol,"1,5 litros",2026 - Enero,5531.88,2026,Enero,202601.0
GBA,Leche fresca entera sachet,Litro,2026 - Enero,1655.28,2026,Enero,202601.0
GBA,Huevos de gallina,Docena,2026 - Enero,3890.34,2026,Enero,202601.0
GBA,Papa,kg,2026 - Enero,1205.82,2026,Enero,202601.0
GBA,Azúcar,kg,2026 - Enero,1264.14,2026,Enero,202601.0
GBA,Detergente líquido,750 cc,2026 - Enero,1791.88,2026,Enero,202601.0
GBA,Lavandina,1.000 cc,2026 - Enero,1295.37,2026,Enero,202601.0
GBA,Jabón de tocador,125 g,2026 - Enero,1268.05,2026,Enero,202601.0
Pampeana,Pan francés,kg,2026 - Enero,3119.33,2026,Enero,202601.0
Pampeana,Harina de trigo común,kg,2026 - Enero,1013.97,2026,Enero,202601.0
Pampeana,Arroz blanco simple,kg,2026 - Enero,2001.21,2026,Enero,202601.0
Pampeana,Fideos secos tipo guisero,500 g,2026 - Enero,1495.06,2026,Enero,202601.0
Pampeana,Carne picada común,kg,2026 - Enero,9269.44,2026,Enero,202601.0
Pampeana,Pollo entero,kg,2026 - Enero,4359.83,2026,Enero,202601.0
Pampeana,Aceite de girasol,"1,5 litros",2026 - Enero,5844.05,2026,Enero,202601.0
Pampeana,Leche fresca entera sachet,Litro,2026 - Enero,1744.31,2026,Enero,202601.0
Pampeana,Huevos de gallina,Docena,2026 - Enero,3954.32,2026,Enero,202601.0
Pampeana,Papa,kg,2026 - Enero,1139.49,2026,Enero,202601.0
Pampeana,Azúcar,kg,2026 - Enero,1282.16,2026,Enero,202601.0
Pampeana,Detergente líquido,750 cc,2026 - Enero,2201.26,2026,Enero,202601.0
Pampeana,Lavandina,1.000 cc,2026 - Enero,1311.54,2026,Enero,202601.0
Pampeana,Jabón de tocador,125 g,2026 - Enero,1284.82,2026,Enero,202601.0
Noreste,Pan francés,kg,2026 - Enero,2214.88,2026,Enero,202601.0
Noreste,Harina de trigo común,kg,2026 - Enero,915.31,2026,Enero,202601.0
Noreste,Arroz blanco simple,kg,2026 - Enero,1647.84,2026,Enero,202601.0
Noreste,Fideos secos tipo guisero,500 g,2026 - Enero,1196.15,2026,Enero,202601.0
Noreste,Carne picada común,kg,2026 - Enero,9093.3,2026,Enero,202601.0
Noreste,Pollo entero,kg,2026 - Enero,4013.31,2026,Enero,202601.0
Noreste,Aceite de girasol,"1,5 litros",2026 - Enero,5630.18,2026,Enero,202601.0
Noreste,Leche fresca entera sachet,Litro,2026 - Enero,1748.75,2026,Enero,202601.0
Noreste,Huevos de gallina,Docena,2026 - Enero,3334.98,2026,Enero,202601.0
Noreste,Papa,kg,2026 - Enero,1039.56,2026,Enero,202601.0
Noreste,Azúcar,kg,2026 - Enero,1173.75,2026,Enero,202601.0
Noreste,Detergente líquido,750 cc,2026 - Enero,1972.14,2026,Enero,202601.0
Noreste,Lavandina,1.000 cc,2026 - Enero,1307.1,2026,Enero,202601.0
Noreste,Jabón de tocador,125 g,2026 - Enero,1191.72,2026,Enero,202601.0
Noroeste,Pan francés,kg,2026 - Enero,2531.25,2026,Enero,202601.0
Noroeste,Harina de trigo común,kg,2026 - Enero,914.59,2026,Enero,202601.0
Noroeste,Arroz blanco simple,kg,2026 - Enero,1728.37,2026,Enero,202601.0
Noroeste,Fideos secos tipo guisero,500 g,2026 - Enero,1272.63,2026,Enero,202601.0
Noroeste,Carne picada común,kg,2026 - Enero,10277.43,2026,Enero,202601.0
Noroeste,Pollo entero,kg,2026 - Enero,4053.14,2026,Enero,202601.0
Noroeste,Aceite de girasol,"1,5 litros",2026 - Enero,5550.23,2026,Enero,202601.0
Noroeste,Leche fresca entera sachet,Litro,2026 - Enero,1677.96,2026,Enero,202601.0
Noroeste,Huevos de gallina,Docena,2026 - Enero,3368.16,2026,Enero,202601.0
Noroeste,Papa,kg,2026 - Enero,906.37,2026,Enero,202601.0
Noroeste,Azúcar,kg,2026 - Enero,1126.73,2026,Enero,202601.0
Noroeste,Detergente líquido,750 cc,2026 - Enero,1998.56,2026,Enero,202601.0
Noroeste,Lavandina,1.000 cc,2026 - Enero,1258.26,2026,Enero,202601.0
Noroeste,Jabón de tocador,125 g,2026 - Enero,1215.38,2026,Enero,202601.0
Cuyo,Pan francés,kg,2026 - Enero,2351.9,2026,Enero,202601.0
Cuyo,Harina de trigo común,kg,2026 - Enero,947.9,2026,Enero,202601.0
Cuyo,Arroz blanco simple,kg,2026 - Enero,1800.64,2026,Enero,202601.0
Cuyo,Fideos secos tipo guisero,500 g,2026 - Enero,1451.74,2026,Enero,202601.0
Cuyo,Carne picada común,kg,2026 - Enero,8510.51,2026,Enero,202601.0
Cuyo,Pollo entero,kg,2026 - Enero,4534.0,2026,Enero,202601.0
Cuyo,Aceite de girasol,"1,5 litros",2026 - Enero,5788.18,2026,Enero,202601.0
Cuyo,Leche fresca entera sachet,Litro,2026 - Enero,1727.2,2026,Enero,202601.0
Cuyo,Huevos de gallina,Docena,2026 - Enero,3793.82,2026,Enero,202601.0
Cuyo,Papa,kg,2026 - Enero,1033.31,2026,Enero,202601.0
Cuyo,Azúcar,kg,2026 - Enero,1296.96,2026,Enero,202601.0
Cuyo,Detergente líquido,750 cc,2026 - Enero,1875.17,2026,Enero,202601.0
Cuyo,Lavandina,1.000 cc,2026 - Enero,1282.83,2026,Enero,202601.0
Cuyo,Jabón de tocador,125 g,2026 - Enero,1298.23,2026,Enero,202601.0
Patagonia,Pan francés,kg,2026 - Enero,3740.0,2026,Enero,202601.0
Patagonia,Harina de trigo común,kg,2026 - Enero,1158.38,2026,Enero,202601.0
Patagonia,Arroz blanco simple,kg,2026 - Enero,2673.34,2026,Enero,202601.0
Patagonia,Fideos secos tipo guisero,500 g,2026 - Enero,1773.38,2026,Enero,202601.0
Patagonia,Carne picada común,kg,2026 - Enero,11005.17,2026,Enero,202601.0
Patagonia,Pollo entero,kg,2026 - Enero,4434.69,2026,Enero,202601.0
Patagonia,Aceite de girasol,"1,5 litros",2026 - Enero,6097.21,2026,Enero,202601.0
Patagonia,Leche fresca entera sachet,Litro,2026 - Enero,1935.45,2026,Enero,202601.0
Patagonia,Huevos de gallina,Docena,2026 - Enero,4738.02,2026,Enero,202601.0
Patagonia,Papa,kg,2026 - Enero,1459.26,2026,Enero,202601.0
Patagonia,Azúcar,kg,2026 - Enero,1548.9,2026,Enero,202601.0
Patagonia,Detergente líquido,750 cc,2026 - Enero,4003.42,2026,Enero,202601.0
Patagonia,Lavandina,1.000 cc,2026 - Enero,1507.05,2026,Enero,202601.0
Patagonia,Jabón de tocador,125 g,2026 - Enero,1420.24,2026,Enero,202601.0
GBA,Pan francés,kg,2026 - Febrero,4201.87,2026,Febrero,202602.0
GBA,Harina de trigo común,kg,2026 - Febrero,972.65,2026,Febrero,202602.0
GBA,Arroz blanco simple,kg,2026 - Febrero,1739.93,2026,Febrero,202602.0
GBA,Fideos secos tipo guisero,500 g,2026 - Febrero,1573.38,2026,Febrero,202602.0
GBA,Carne picada común,kg,2026 - Febrero,9521.4,2026,Febrero,202602.0
GBA,Pollo entero,kg,2026 - Febrero,4488.99,2026,Febrero,202602.0
GBA,Aceite de girasol,"1,5 litros",2026 - Febrero,5778.58,2026,Febrero,202602.0
GBA,Leche fresca entera sachet,Litro,2026 - Febrero,1692.46,2026,Febrero,202602.0
GBA,Huevos de gallina,Docena,2026 - Febrero,3950.38,2026,Febrero,202602.0
GBA,Papa,kg,2026 - Febrero,1303.25,2026,Febrero,202602.0
GBA,Azúcar,kg,2026 - Febrero,1315.4,2026,Febrero,202602.0
GBA,Detergente líquido,750 cc,2026 - Febrero,1845.77,2026,Febrero,202602.0
GBA,Lavandina,1.000 cc,2026 - Febrero,1318.74,2026,Febrero,202602.0
GBA,Jabón de tocador,125 g,2026 - Febrero,1294.98,2026,Febrero,202602.0
Pampeana,Pan francés,kg,2026 - Febrero,3151.32,2026,Febrero,202602.0
Pampeana,Harina de trigo común,kg,2026 - Febrero,1007.94,2026,Febrero,202602.0
Pampeana,Arroz blanco simple,kg,2026 - Febrero,2021.25,2026,Febrero,202602.0
Pampeana,Fideos secos tipo guisero,500 g,2026 - Febrero,1506.5,2026,Febrero,202602.0
Pampeana,Carne picada común,kg,2026 - Febrero,9959.99,2026,Febrero,202602.0
Pampeana,Pollo entero,kg,2026 - Febrero,4721.38,2026,Febrero,202602.0
Pampeana,Aceite de girasol,"1,5 litros",2026 - Febrero,6053.54,2026,Febrero,202602.0
Pampeana,Leche fresca entera sachet,Litro,2026 - Febrero,1783.61,2026,Febrero,202602.0
Pampeana,Huevos de gallina,Docena,2026 - Febrero,3936.67,2026,Febrero,202602.0
Pampeana,Papa,kg,2026 - Febrero,1239.86,2026,Febrero,202602.0
Pampeana,Azúcar,kg,2026 - Febrero,1316.89,2026,Febrero,202602.0
Pampeana,Detergente líquido,750 cc,2026 - Febrero,2220.13,2026,Febrero,202602.0
Pampeana,Lavandina,1.000 cc,2026 - Febrero,1329.58,2026,Febrero,202602.0
Pampeana,Jabón de tocador,125 g,2026 - Febrero,1327.61,2026,Febrero,202602.0
Noreste,Pan francés,kg,2026 - Febrero,2229.83,2026,Febrero,202602.0
Noreste,Harina de trigo común,kg,2026 - Febrero,918.48,2026,Febrero,202602.0
Noreste,Arroz blanco simple,kg,2026 - Febrero,1640.57,2026,Febrero,202602.0
Noreste,Fideos secos tipo guisero,500 g,2026 - Febrero,1189.45,2026,Febrero,202602.0
Noreste,Carne picada común,kg,2026 - Febrero,9586.64,2026,Febrero,202602.0
Noreste,Pollo entero,kg,2026 - Febrero,4458.13,2026,Febrero,202602.0
Noreste,Aceite de girasol,"1,5 litros",2026 - Febrero,6030.63,2026,Febrero,202602.0
Noreste,Leche fresca entera sachet,Litro,2026 - Febrero,1778.92,2026,Febrero,202602.0
Noreste,Huevos de gallina,Docena,2026 - Febrero,3355.85,2026,Febrero,202602.0
Noreste,Papa,kg,2026 - Febrero,1186.77,2026,Febrero,202602.0
Noreste,Azúcar,kg,2026 - Febrero,1222.11,2026,Febrero,202602.0
Noreste,Detergente líquido,750 cc,2026 - Febrero,2024.32,2026,Febrero,202602.0
Noreste,Lavandina,1.000 cc,2026 - Febrero,1327.08,2026,Febrero,202602.0
Noreste,Jabón de tocador,125 g,2026 - Febrero,1219.28,2026,Febrero,202602.0
Noroeste,Pan francés,kg,2026 - Febrero,2581.66,2026,Febrero,202602.0
Noroeste,Harina de trigo común,kg,2026 - Febrero,922.68,2026,Febrero,202602.0
Noroeste,Arroz blanco simple,kg,2026 - Febrero,1732.96,2026,Febrero,202602.0
Noroeste,Fideos secos tipo guisero,500 g,2026 - Febrero,1261.25,2026,Febrero,202602.0
Noroeste,Carne picada común,kg,2026 - Febrero,10808.21,2026,Febrero,202602.0
Noroeste,Pollo entero,kg,2026 - Febrero,4345.97,2026,Febrero,202602.0
Noroeste,Aceite de girasol,"1,5 litros",2026 - Febrero,5791.52,2026,Febrero,202602.0
Noroeste,Leche fresca entera sachet,Litro,2026 - Febrero,1715.6,2026,Febrero,202602.0
Noroeste,Huevos de gallina,Docena,2026 - Febrero,3359.32,2026,Febrero,202602.0
Noroeste,Papa,kg,2026 - Febrero,1051.86,2026,Febrero,202602.0
Noroeste,Azúcar,kg,2026 - Febrero,1157.06,2026,Febrero,202602.0
Noroeste,Detergente líquido,750 cc,2026 - Febrero,2059.88,2026,Febrero,202602.0
Noroeste,Lavandina,1.000 cc,2026 - Febrero,1268.17,2026,Febrero,202602.0
Noroeste,Jabón de tocador,125 g,2026 - Febrero,1235.94,2026,Febrero,202602.0
Cuyo,Pan francés,kg,2026 - Febrero,2409.8,2026,Febrero,202602.0
Cuyo,Harina de trigo común,kg,2026 - Febrero,938.61,2026,Febrero,202602.0
Cuyo,Arroz blanco simple,kg,2026 - Febrero,1780.59,2026,Febrero,202602.0
Cuyo,Fideos secos tipo guisero,500 g,2026 - Febrero,1457.71,2026,Febrero,202602.0
Cuyo,Carne picada común,kg,2026 - Febrero,9146.99,2026,Febrero,202602.0
Cuyo,Pollo entero,kg,2026 - Febrero,5046.52,2026,Febrero,202602.0
Cuyo,Aceite de girasol,"1,5 litros",2026 - Febrero,5943.1,2026,Febrero,202602.0
Cuyo,Leche fresca entera sachet,Litro,2026 - Febrero,1780.26,2026,Febrero,202602.0
Cuyo,Huevos de gallina,Docena,2026 - Febrero,3801.96,2026,Febrero,202602.0
Cuyo,Papa,kg,2026 - Febrero,1342.23,2026,Febrero,202602.0
Cuyo,Azúcar,kg,2026 - Febrero,1307.73,2026,Febrero,202602.0
Cuyo,Detergente líquido,750 cc,2026 - Febrero,1882.51,2026,Febrero,202602.0
Cuyo,Lavandina,1.000 cc,2026 - Febrero,1320.04,2026,Febrero,202602.0
Cuyo,Jabón de tocador,125 g,2026 - Febrero,1321.1,2026,Febrero,202602.0
Patagonia,Pan francés,kg,2026 - Febrero,3867.53,2026,Febrero,202602.0
Patagonia,Harina de trigo común,kg,2026 - Febrero,1153.48,2026,Febrero,202602.0
Patagonia,Arroz blanco simple,kg,2026 - Febrero,2681.36,2026,Febrero,202602.0
Patagonia,Fideos secos tipo guisero,500 g,2026 - Febrero,1773.67,2026,Febrero,202602.0
Patagonia,Carne picada común,kg,2026 - Febrero,11779.4,2026,Febrero,202602.0
Patagonia,Pollo entero,kg,2026 - Febrero,4751.6,2026,Febrero,202602.0
Patagonia,Aceite de girasol,"1,5 litros",2026 - Febrero,6310.61,2026,Febrero,202602.0
Patagonia,Leche fresca entera sachet,Litro,2026 - Febrero,2011.15,2026,Febrero,202602.0
Patagonia,Huevos de gallina,Docena,2026 - Febrero,4741.83,2026,Febrero,202602.0
Patagonia,Papa,kg,2026 - Febrero,1688.0,2026,Febrero,202602.0
Patagonia,Azúcar,kg,2026 - Febrero,1591.98,2026,Febrero,202602.0
Patagonia,Detergente líquido,750 cc,2026 - Febrero,4067.66,2026,Febrero,202602.0
Patagonia,Lavandina,1.000 cc,2026 - Febrero,1507.31,2026,Febrero,202602.0
Patagonia,Jabón de tocador,125 g,2026 - Febrero,1455.9,2026,Febrero,202602.0
GBA,Pan francés,kg,2026 - Marzo,4268.7,2026,Marzo,202603.0
GBA,Harina de trigo común,kg,2026 - Marzo,955.88,2026,Marzo,202603.0
GBA,Arroz blanco simple,kg,2026 - Marzo,1719.46,2026,Marzo,202603.0
GBA,Fideos secos tipo guisero,500 g,2026 - Marzo,1610.41,2026,Marzo,202603.0
GBA,Carne picada común,kg,2026 - Marzo,10324.46,2026,Marzo,202603.0
GBA,Pollo entero,kg,2026 - Marzo,4826.46,2026,Marzo,202603.0
GBA,Aceite de girasol,"1,5 litros",2026 - Marzo,6078.82,2026,Marzo,202603.0
GBA,Leche fresca entera sachet,Litro,2026 - Marzo,1735.73,2026,Marzo,202603.0
GBA,Huevos de gallina,Docena,2026 - Marzo,3910.76,2026,Marzo,202603.0
GBA,Papa,kg,2026 - Marzo,1270.56,2026,Marzo,202603.0
GBA,Azúcar,kg,2026 - Marzo,1389.87,2026,Marzo,202603.0
GBA,Detergente líquido,750 cc,2026 - Marzo,1900.55,2026,Marzo,202603.0
GBA,Lavandina,1.000 cc,2026 - Marzo,1368.59,2026,Marzo,202603.0
GBA,Jabón de tocador,125 g,2026 - Marzo,1328.19,2026,Marzo,202603.0
Pampeana,Pan francés,kg,2026 - Marzo,3217.36,2026,Marzo,202603.0
Pampeana,Harina de trigo común,kg,2026 - Marzo,999.72,2026,Marzo,202603.0
Pampeana,Arroz blanco simple,kg,2026 - Marzo,2024.22,2026,Marzo,202603.0
Pampeana,Fideos secos tipo guisero,500 g,2026 - Marzo,1523.01,2026,Marzo,202603.0
Pampeana,Carne picada común,kg,2026 - Marzo,10803.92,2026,Marzo,202603.0
Pampeana,Pollo entero,kg,2026 - Marzo,5006.91,2026,Marzo,202603.0
Pampeana,Aceite de girasol,"1,5 litros",2026 - Marzo,6268.81,2026,Marzo,202603.0
Pampeana,Leche fresca entera sachet,Litro,2026 - Marzo,1840.41,2026,Marzo,202603.0
Pampeana,Huevos de gallina,Docena,2026 - Marzo,3933.32,2026,Marzo,202603.0
Pampeana,Papa,kg,2026 - Marzo,1233.75,2026,Marzo,202603.0
Pampeana,Azúcar,kg,2026 - Marzo,1373.33,2026,Marzo,202603.0
Pampeana,Detergente líquido,750 cc,2026 - Marzo,2295.16,2026,Marzo,202603.0
Pampeana,Lavandina,1.000 cc,2026 - Marzo,1364.12,2026,Marzo,202603.0
Pampeana,Jabón de tocador,125 g,2026 - Marzo,1349.04,2026,Marzo,202603.0
Noreste,Pan francés,kg,2026 - Marzo,2249.44,2026,Marzo,202603.0
Noreste,Harina de trigo común,kg,2026 - Marzo,917.15,2026,Marzo,202603.0
Noreste,Arroz blanco simple,kg,2026 - Marzo,1650.06,2026,Marzo,202603.0
Noreste,Fideos secos tipo guisero,500 g,2026 - Marzo,1196.61,2026,Marzo,202603.0
Noreste,Carne picada común,kg,2026 - Marzo,10415.17,2026,Marzo,202603.0
Noreste,Pollo entero,kg,2026 - Marzo,4695.61,2026,Marzo,202603.0
Noreste,Aceite de girasol,"1,5 litros",2026 - Marzo,6180.37,2026,Marzo,202603.0
Noreste,Leche fresca entera sachet,Litro,2026 - Marzo,1820.87,2026,Marzo,202603.0
Noreste,Huevos de gallina,Docena,2026 - Marzo,3427.1,2026,Marzo,202603.0
Noreste,Papa,kg,2026 - Marzo,1100.68,2026,Marzo,202603.0
Noreste,Azúcar,kg,2026 - Marzo,1310.18,2026,Marzo,202603.0
Noreste,Detergente líquido,750 cc,2026 - Marzo,2137.37,2026,Marzo,202603.0
Noreste,Lavandina,1.000 cc,2026 - Marzo,1329.9,2026,Marzo,202603.0
Noreste,Jabón de tocador,125 g,2026 - Marzo,1277.99,2026,Marzo,202603.0
Noroeste,Pan francés,kg,2026 - Marzo,2651.95,2026,Marzo,202603.0
Noroeste,Harina de trigo común,kg,2026 - Marzo,913.65,2026,Marzo,202603.0
Noroeste,Arroz blanco simple,kg,2026 - Marzo,1730.72,2026,Marzo,202603.0
Noroeste,Fideos secos tipo guisero,500 g,2026 - Marzo,1255.57,2026,Marzo,202603.0
Noroeste,Carne picada común,kg,2026 - Marzo,11908.6,2026,Marzo,202603.0
Noroeste,Pollo entero,kg,2026 - Marzo,4624.47,2026,Marzo,202603.0
Noroeste,Aceite de girasol,"1,5 litros",2026 - Marzo,5995.28,2026,Marzo,202603.0
Noroeste,Leche fresca entera sachet,Litro,2026 - Marzo,1770.61,2026,Marzo,202603.0
Noroeste,Huevos de gallina,Docena,2026 - Marzo,3349.48,2026,Marzo,202603.0
Noroeste,Papa,kg,2026 - Marzo,1065.67,2026,Marzo,202603.0
Noroeste,Azúcar,kg,2026 - Marzo,1230.0,2026,Marzo,202603.0
Noroeste,Detergente líquido,750 cc,2026 - Marzo,2154.74,2026,Marzo,202603.0
Noroeste,Lavandina,1.000 cc,2026 - Marzo,1311.61,2026,Marzo,202603.0
Noroeste,Jabón de tocador,125 g,2026 - Marzo,1271.09,2026,Marzo,202603.0
Cuyo,Pan francés,kg,2026 - Marzo,2454.24,2026,Marzo,202603.0
Cuyo,Harina de trigo común,kg,2026 - Marzo,938.6,2026,Marzo,202603.0
Cuyo,Arroz blanco simple,kg,2026 - Marzo,1789.02,2026,Marzo,202603.0
Cuyo,Fideos secos tipo guisero,500 g,2026 - Marzo,1425.86,2026,Marzo,202603.0
Cuyo,Carne picada común,kg,2026 - Marzo,10105.3,2026,Marzo,202603.0
Cuyo,Pollo entero,kg,2026 - Marzo,5272.41,2026,Marzo,202603.0
Cuyo,Aceite de girasol,"1,5 litros",2026 - Marzo,6106.45,2026,Marzo,202603.0
Cuyo,Leche fresca entera sachet,Litro,2026 - Marzo,1860.11,2026,Marzo,202603.0
Cuyo,Huevos de gallina,Docena,2026 - Marzo,3847.2,2026,Marzo,202603.0
Cuyo,Papa,kg,2026 - Marzo,1224.97,2026,Marzo,202603.0
Cuyo,Azúcar,kg,2026 - Marzo,1374.6,2026,Marzo,202603.0
Cuyo,Detergente líquido,750 cc,2026 - Marzo,1981.78,2026,Marzo,202603.0
Cuyo,Lavandina,1.000 cc,2026 - Marzo,1358.0,2026,Marzo,202603.0
Cuyo,Jabón de tocador,125 g,2026 - Marzo,1342.96,2026,Marzo,202603.0
Patagonia,Pan francés,kg,2026 - Marzo,3984.89,2026,Marzo,202603.0
Patagonia,Harina de trigo común,kg,2026 - Marzo,1143.96,2026,Marzo,202603.0
Patagonia,Arroz blanco simple,kg,2026 - Marzo,2712.84,2026,Marzo,202603.0
Patagonia,Fideos secos tipo guisero,500 g,2026 - Marzo,1777.97,2026,Marzo,202603.0
Patagonia,Carne picada común,kg,2026 - Marzo,12528.33,2026,Marzo,202603.0
Patagonia,Pollo entero,kg,2026 - Marzo,5061.97,2026,Marzo,202603.0
Patagonia,Aceite de girasol,"1,5 litros",2026 - Marzo,6457.93,2026,Marzo,202603.0
Patagonia,Leche fresca entera sachet,Litro,2026 - Marzo,2055.01,2026,Marzo,202603.0
Patagonia,Huevos de gallina,Docena,2026 - Marzo,4731.06,2026,Marzo,202603.0
Patagonia,Papa,kg,2026 - Marzo,1711.16,2026,Marzo,202603.0
Patagonia,Azúcar,kg,2026 - Marzo,1628.31,2026,Marzo,202603.0
Patagonia,Detergente líquido,750 cc,2026 - Marzo,4133.89,2026,Marzo,202603.0
Patagonia,Lavandina,1.000 cc,2026 - Marzo,1544.44,2026,Marzo,202603.0
Patagonia,Jabón de tocador,125 g,2026 - Marzo,1476.35,2026,Marzo,202603.0
GBA,Pan francés,kg,2026 - Abril,4383.37,2026,Abril,202604.0
GBA,Harina de trigo común,kg,2026 - Abril,969.13,2026,Abril,202604.0
GBA,Arroz blanco simple,kg,2026 - Abril,1713.73,2026,Abril,202604.0
GBA,Fideos secos tipo guisero,500 g,2026 - Abril,1611.65,2026,Abril,202604.0
GBA,Carne picada común,kg,2026 - Abril,10439.61,2026,Abril,202604.0
GBA,Pollo entero,kg,2026 - Abril,4782.03,2026,Abril,202604.0
GBA,Aceite de girasol,"1,5 litros",2026 - Abril,6241.57,2026,Abril,202604.0
GBA,Leche fresca entera sachet,Litro,2026 - Abril,1819.68,2026,Abril,202604.0
GBA,Huevos de gallina,Docena,2026 - Abril,3931.74,2026,Abril,202604.0
GBA,Papa,kg,2026 - Abril,1305.47,2026,Abril,202604.0
GBA,Azúcar,kg,2026 - Abril,1432.8,2026,Abril,202604.0
GBA,Detergente líquido,750 cc,2026 - Abril,1974.77,2026,Abril,202604.0
GBA,Lavandina,1.000 cc,2026 - Abril,1385.36,2026,Abril,202604.0
GBA,Jabón de tocador,125 g,2026 - Abril,1403.58,2026,Abril,202604.0
Pampeana,Pan francés,kg,2026 - Abril,3310.74,2026,Abril,202604.0
Pampeana,Harina de trigo común,kg,2026 - Abril,1020.53,2026,Abril,202604.0
Pampeana,Arroz blanco simple,kg,2026 - Abril,2021.44,2026,Abril,202604.0
Pampeana,Fideos secos tipo guisero,500 g,2026 - Abril,1525.12,2026,Abril,202604.0
Pampeana,Carne picada común,kg,2026 - Abril,11007.65,2026,Abril,202604.0
Pampeana,Pollo entero,kg,2026 - Abril,5079.2,2026,Abril,202604.0
Pampeana,Aceite de girasol,"1,5 litros",2026 - Abril,6450.03,2026,Abril,202604.0
Pampeana,Leche fresca entera sachet,Litro,2026 - Abril,1895.73,2026,Abril,202604.0
Pampeana,Huevos de gallina,Docena,2026 - Abril,3919.63,2026,Abril,202604.0
Pampeana,Papa,kg,2026 - Abril,1311.82,2026,Abril,202604.0
Pampeana,Azúcar,kg,2026 - Abril,1429.04,2026,Abril,202604.0
Pampeana,Detergente líquido,750 cc,2026 - Abril,2380.5,2026,Abril,202604.0
Pampeana,Lavandina,1.000 cc,2026 - Abril,1395.79,2026,Abril,202604.0
Pampeana,Jabón de tocador,125 g,2026 - Abril,1401.21,2026,Abril,202604.0
Noreste,Pan francés,kg,2026 - Abril,2319.36,2026,Abril,202604.0
Noreste,Harina de trigo común,kg,2026 - Abril,950.5,2026,Abril,202604.0
Noreste,Arroz blanco simple,kg,2026 - Abril,1664.94,2026,Abril,202604.0
Noreste,Fideos secos tipo guisero,500 g,2026 - Abril,1194.05,2026,Abril,202604.0
Noreste,Carne picada común,kg,2026 - Abril,10771.23,2026,Abril,202604.0
Noreste,Pollo entero,kg,2026 - Abril,4703.87,2026,Abril,202604.0
Noreste,Aceite de girasol,"1,5 litros",2026 - Abril,6381.26,2026,Abril,202604.0
Noreste,Leche fresca entera sachet,Litro,2026 - Abril,1900.01,2026,Abril,202604.0
Noreste,Huevos de gallina,Docena,2026 - Abril,3406.91,2026,Abril,202604.0
Noreste,Papa,kg,2026 - Abril,1247.21,2026,Abril,202604.0
Noreste,Azúcar,kg,2026 - Abril,1386.48,2026,Abril,202604.0
Noreste,Detergente líquido,750 cc,2026 - Abril,2232.16,2026,Abril,202604.0
Noreste,Lavandina,1.000 cc,2026 - Abril,1363.0,2026,Abril,202604.0
Noreste,Jabón de tocador,125 g,2026 - Abril,1324.78,2026,Abril,202604.0
Noroeste,Pan francés,kg,2026 - Abril,2688.63,2026,Abril,202604.0
Noroeste,Harina de trigo común,kg,2026 - Abril,928.47,2026,Abril,202604.0
Noroeste,Arroz blanco simple,kg,2026 - Abril,1777.75,2026,Abril,202604.0
Noroeste,Fideos secos tipo guisero,500 g,2026 - Abril,1271.18,2026,Abril,202604.0
Noroeste,Carne picada común,kg,2026 - Abril,12061.36,2026,Abril,202604.0
Noroeste,Pollo entero,kg,2026 - Abril,4691.88,2026,Abril,202604.0
Noroeste,Aceite de girasol,"1,5 litros",2026 - Abril,6181.87,2026,Abril,202604.0
Noroeste,Leche fresca entera sachet,Litro,2026 - Abril,1837.68,2026,Abril,202604.0
Noroeste,Huevos de gallina,Docena,2026 - Abril,3390.87,2026,Abril,202604.0
Noroeste,Papa,kg,2026 - Abril,1112.33,2026,Abril,202604.0
Noroeste,Azúcar,kg,2026 - Abril,1276.4,2026,Abril,202604.0
Noroeste,Detergente líquido,750 cc,2026 - Abril,2193.31,2026,Abril,202604.0
Noroeste,Lavandina,1.000 cc,2026 - Abril,1336.95,2026,Abril,202604.0
Noroeste,Jabón de tocador,125 g,2026 - Abril,1324.0,2026,Abril,202604.0
Cuyo,Pan francés,kg,2026 - Abril,2474.82,2026,Abril,202604.0
Cuyo,Harina de trigo común,kg,2026 - Abril,958.91,2026,Abril,202604.0
Cuyo,Arroz blanco simple,kg,2026 - Abril,1927.52,2026,Abril,202604.0
Cuyo,Fideos secos tipo guisero,500 g,2026 - Abril,1467.55,2026,Abril,202604.0
Cuyo,Carne picada común,kg,2026 - Abril,10038.99,2026,Abril,202604.0
Cuyo,Pollo entero,kg,2026 - Abril,5173.15,2026,Abril,202604.0
Cuyo,Aceite de girasol,"1,5 litros",2026 - Abril,6312.44,2026,Abril,202604.0
Cuyo,Leche fresca entera sachet,Litro,2026 - Abril,1925.5,2026,Abril,202604.0
Cuyo,Huevos de gallina,Docena,2026 - Abril,3884.13,2026,Abril,202604.0
Cuyo,Papa,kg,2026 - Abril,1258.64,2026,Abril,202604.0
Cuyo,Azúcar,kg,2026 - Abril,1428.13,2026,Abril,202604.0
Cuyo,Detergente líquido,750 cc,2026 - Abril,2046.75,2026,Abril,202604.0
Cuyo,Lavandina,1.000 cc,2026 - Abril,1386.97,2026,Abril,202604.0
Cuyo,Jabón de tocador,125 g,2026 - Abril,1393.04,2026,Abril,202604.0
Patagonia,Pan francés,kg,2026 - Abril,4059.48,2026,Abril,202604.0
Patagonia,Harina de trigo común,kg,2026 - Abril,1176.15,2026,Abril,202604.0
Patagonia,Arroz blanco simple,kg,2026 - Abril,2752.18,2026,Abril,202604.0
Patagonia,Fideos secos tipo guisero,500 g,2026 - Abril,1800.18,2026,Abril,202604.0
Patagonia,Carne picada común,kg,2026 - Abril,13043.24,2026,Abril,202604.0
Patagonia,Pollo entero,kg,2026 - Abril,5100.03,2026,Abril,202604.0
Patagonia,Aceite de girasol,"1,5 litros",2026 - Abril,6672.74,2026,Abril,202604.0
Patagonia,Leche fresca entera sachet,Litro,2026 - Abril,2096.16,2026,Abril,202604.0
Patagonia,Huevos de gallina,Docena,2026 - Abril,4794.74,2026,Abril,202604.0
Patagonia,Papa,kg,2026 - Abril,1792.12,2026,Abril,202604.0
Patagonia,Azúcar,kg,2026 - Abril,1668.52,2026,Abril,202604.0
Patagonia,Detergente líquido,750 cc,2026 - Abril,4326.94,2026,Abril,202604.0
Patagonia,Lavandina,1.000 cc,2026 - Abril,1553.77,2026,Abril,202604.0
Patagonia,Jabón de tocador,125 g,2026 - Abril,1529.12,2026,Abril,202604.0
GBA,Pan francés,kg,2026 - Mayo,4471.54,2026,Mayo,202605.0
GBA,Harina de trigo común,kg,2026 - Mayo,977.06,2026,Mayo,202605.0
GBA,Arroz blanco simple,kg,2026 - Mayo,1750.9,2026,Mayo,202605.0
GBA,Fideos secos tipo guisero,500 g,2026 - Mayo,1629.13,2026,Mayo,202605.0
GBA,Carne picada común,kg,2026 - Mayo,10402.23,2026,Mayo,202605.0
GBA,Pollo entero,kg,2026 - Mayo,4794.21,2026,Mayo,202605.0
GBA,Aceite de girasol,"1,5 litros",2026 - Mayo,6476.25,2026,Mayo,202605.0
GBA,Leche fresca entera sachet,Litro,2026 - Mayo,1918.61,2026,Mayo,202605.0
GBA,Huevos de gallina,Docena,2026 - Mayo,3875.5,2026,Mayo,202605.0
GBA,Papa,kg,2026 - Mayo,1473.32,2026,Mayo,202605.0
GBA,Azúcar,kg,2026 - Mayo,1495.66,2026,Mayo,202605.0
GBA,Detergente líquido,750 cc,2026 - Mayo,2053.23,2026,Mayo,202605.0
GBA,Lavandina,1.000 cc,2026 - Mayo,1410.3,2026,Mayo,202605.0
GBA,Jabón de tocador,125 g,2026 - Mayo,1458.42,2026,Mayo,202605.0
Pampeana,Pan francés,kg,2026 - Mayo,3406.11,2026,Mayo,202605.0
Pampeana,Harina de trigo común,kg,2026 - Mayo,1049.57,2026,Mayo,202605.0
Pampeana,Arroz blanco simple,kg,2026 - Mayo,2036.52,2026,Mayo,202605.0
Pampeana,Fideos secos tipo guisero,500 g,2026 - Mayo,1539.27,2026,Mayo,202605.0
Pampeana,Carne picada común,kg,2026 - Mayo,11240.6,2026,Mayo,202605.0
Pampeana,Pollo entero,kg,2026 - Mayo,5054.13,2026,Mayo,202605.0
Pampeana,Aceite de girasol,"1,5 litros",2026 - Mayo,6718.87,2026,Mayo,202605.0
Pampeana,Leche fresca entera sachet,Litro,2026 - Mayo,1987.76,2026,Mayo,202605.0
Pampeana,Huevos de gallina,Docena,2026 - Mayo,3920.77,2026,Mayo,202605.0
Pampeana,Papa,kg,2026 - Mayo,1475.87,2026,Mayo,202605.0
Pampeana,Azúcar,kg,2026 - Mayo,1488.19,2026,Mayo,202605.0
Pampeana,Detergente líquido,750 cc,2026 - Mayo,2455.49,2026,Mayo,202605.0
Pampeana,Lavandina,1.000 cc,2026 - Mayo,1404.94,2026,Mayo,202605.0
Pampeana,Jabón de tocador,125 g,2026 - Mayo,1450.09,2026,Mayo,202605.0
Noreste,Pan francés,kg,2026 - Mayo,2403.31,2026,Mayo,202605.0
Noreste,Harina de trigo común,kg,2026 - Mayo,981.87,2026,Mayo,202605.0
Noreste,Arroz blanco simple,kg,2026 - Mayo,1689.91,2026,Mayo,202605.0
Noreste,Fideos secos tipo guisero,500 g,2026 - Mayo,1204.4,2026,Mayo,202605.0
Noreste,Carne picada común,kg,2026 - Mayo,10665.68,2026,Mayo,202605.0
Noreste,Pollo entero,kg,2026 - Mayo,4641.61,2026,Mayo,202605.0
Noreste,Aceite de girasol,"1,5 litros",2026 - Mayo,6539.49,2026,Mayo,202605.0
Noreste,Leche fresca entera sachet,Litro,2026 - Mayo,2034.4,2026,Mayo,202605.0
Noreste,Huevos de gallina,Docena,2026 - Mayo,3403.63,2026,Mayo,202605.0
Noreste,Papa,kg,2026 - Mayo,1399.04,2026,Mayo,202605.0
Noreste,Azúcar,kg,2026 - Mayo,1442.3,2026,Mayo,202605.0
Noreste,Detergente líquido,750 cc,2026 - Mayo,2272.72,2026,Mayo,202605.0
Noreste,Lavandina,1.000 cc,2026 - Mayo,1393.77,2026,Mayo,202605.0
Noreste,Jabón de tocador,125 g,2026 - Mayo,1348.24,2026,Mayo,202605.0
Noroeste,Pan francés,kg,2026 - Mayo,2779.38,2026,Mayo,202605.0
Noroeste,Harina de trigo común,kg,2026 - Mayo,949.92,2026,Mayo,202605.0
Noroeste,Arroz blanco simple,kg,2026 - Mayo,1824.48,2026,Mayo,202605.0
Noroeste,Fideos secos tipo guisero,500 g,2026 - Mayo,1290.59,2026,Mayo,202605.0
Noroeste,Carne picada común,kg,2026 - Mayo,11966.59,2026,Mayo,202605.0
Noroeste,Pollo entero,kg,2026 - Mayo,4691.89,2026,Mayo,202605.0
Noroeste,Aceite de girasol,"1,5 litros",2026 - Mayo,6359.88,2026,Mayo,202605.0
Noroeste,Leche fresca entera sachet,Litro,2026 - Mayo,1924.78,2026,Mayo,202605.0
Noroeste,Huevos de gallina,Docena,2026 - Mayo,3369.44,2026,Mayo,202605.0
Noroeste,Papa,kg,2026 - Mayo,1310.61,2026,Mayo,202605.0
Noroeste,Azúcar,kg,2026 - Mayo,1320.69,2026,Mayo,202605.0
Noroeste,Detergente líquido,750 cc,2026 - Mayo,2259.02,2026,Mayo,202605.0
Noroeste,Lavandina,1.000 cc,2026 - Mayo,1355.98,2026,Mayo,202605.0
Noroeste,Jabón de tocador,125 g,2026 - Mayo,1372.22,2026,Mayo,202605.0
Cuyo,Pan francés,kg,2026 - Mayo,2531.31,2026,Mayo,202605.0
Cuyo,Harina de trigo común,kg,2026 - Mayo,989.09,2026,Mayo,202605.0
Cuyo,Arroz blanco simple,kg,2026 - Mayo,1934.74,2026,Mayo,202605.0
Cuyo,Fideos secos tipo guisero,500 g,2026 - Mayo,1485.8,2026,Mayo,202605.0
Cuyo,Carne picada común,kg,2026 - Mayo,10009.19,2026,Mayo,202605.0
Cuyo,Pollo entero,kg,2026 - Mayo,5112.54,2026,Mayo,202605.0
Cuyo,Aceite de girasol,"1,5 litros",2026 - Mayo,6556.58,2026,Mayo,202605.0
Cuyo,Leche fresca entera sachet,Litro,2026 - Mayo,2042.45,2026,Mayo,202605.0
Cuyo,Huevos de gallina,Docena,2026 - Mayo,3800.76,2026,Mayo,202605.0
Cuyo,Papa,kg,2026 - Mayo,1411.18,2026,Mayo,202605.0
Cuyo,Azúcar,kg,2026 - Mayo,1455.19,2026,Mayo,202605.0
Cuyo,Detergente líquido,750 cc,2026 - Mayo,2134.66,2026,Mayo,202605.0
Cuyo,Lavandina,1.000 cc,2026 - Mayo,1395.19,2026,Mayo,202605.0
Cuyo,Jabón de tocador,125 g,2026 - Mayo,1459.25,2026,Mayo,202605.0
Patagonia,Pan francés,kg,2026 - Mayo,4099.65,2026,Mayo,202605.0
Patagonia,Harina de trigo común,kg,2026 - Mayo,1214.77,2026,Mayo,202605.0
Patagonia,Arroz blanco simple,kg,2026 - Mayo,2795.31,2026,Mayo,202605.0
Patagonia,Fideos secos tipo guisero,500 g,2026 - Mayo,1799.55,2026,Mayo,202605.0
Patagonia,Carne picada común,kg,2026 - Mayo,13022.38,2026,Mayo,202605.0
Patagonia,Pollo entero,kg,2026 - Mayo,5177.48,2026,Mayo,202605.0
Patagonia,Aceite de girasol,"1,5 litros",2026 - Mayo,6903.96,2026,Mayo,202605.0
Patagonia,Leche fresca entera sachet,Litro,2026 - Mayo,2225.13,2026,Mayo,202605.0
Patagonia,Huevos de gallina,Docena,2026 - Mayo,4898.75,2026,Mayo,202605.0
Patagonia,Papa,kg,2026 - Mayo,1897.38,2026,Mayo,202605.0
Patagonia,Azúcar,kg,2026 - Mayo,1716.66,2026,Mayo,202605.0
Patagonia,Detergente líquido,750 cc,2026 - Mayo,4553.14,2026,Mayo,202605.0
Patagonia,Lavandina,1.000 cc,2026 - Mayo,1565.23,2026,Mayo,202605.0
Patagonia,Jabón de tocador,125 g,2026 - Mayo,1568.72,2026,Mayo,202605.0
GBA,Pan francés,kg,2026 - Junio,4652.79,2026,Junio,202606.0
GBA,Harina de trigo común,kg,2026 - Junio,991.11,2026,Junio,202606.0
GBA,Arroz blanco simple,kg,2026 - Junio,1783.17,2026,Junio,202606.0
GBA,Fideos secos tipo guisero,500 g,2026 - Junio,1685.05,2026,Junio,202606.0
GBA,Carne picada común,kg,2026 - Junio,10623.71,2026,Junio,202606.0
GBA,Pollo entero,kg,2026 - Junio,4820.82,2026,Junio,202606.0
GBA,Aceite de girasol,"1,5 litros",2026 - Junio,6628.02,2026,Junio,202606.0
GBA,Leche fresca entera sachet,Litro,2026 - Junio,1926.42,2026,Junio,202606.0
GBA,Huevos de gallina,Docena,2026 - Junio,3881.27,2026,Junio,202606.0
GBA,Papa,kg,2026 - Junio,1544.25,2026,Junio,202606.0
GBA,Azúcar,kg,2026 - Junio,1516.46,2026,Junio,202606.0
GBA,Detergente líquido,750 cc,2026 - Junio,2094.51,2026,Junio,202606.0
GBA,Lavandina,1.000 cc,2026 - Junio,1411.3,2026,Junio,202606.0
GBA,Jabón de tocador,125 g,2026 - Junio,1469.35,2026,Junio,202606.0
Pampeana,Pan francés,kg,2026 - Junio,3489.14,2026,Junio,202606.0
Pampeana,Harina de trigo común,kg,2026 - Junio,1073.47,2026,Junio,202606.0
Pampeana,Arroz blanco simple,kg,2026 - Junio,2071.73,2026,Junio,202606.0
Pampeana,Fideos secos tipo guisero,500 g,2026 - Junio,1561.09,2026,Junio,202606.0
Pampeana,Carne picada común,kg,2026 - Junio,11355.66,2026,Junio,202606.0
Pampeana,Pollo entero,kg,2026 - Junio,5029.98,2026,Junio,202606.0
Pampeana,Aceite de girasol,"1,5 litros",2026 - Junio,6850.26,2026,Junio,202606.0
Pampeana,Leche fresca entera sachet,Litro,2026 - Junio,2043.37,2026,Junio,202606.0
Pampeana,Huevos de gallina,Docena,2026 - Junio,3939.62,2026,Junio,202606.0
Pampeana,Papa,kg,2026 - Junio,1540.44,2026,Junio,202606.0
Pampeana,Azúcar,kg,2026 - Junio,1520.27,2026,Junio,202606.0
Pampeana,Detergente líquido,750 cc,2026 - Junio,2550.13,2026,Junio,202606.0
Pampeana,Lavandina,1.000 cc,2026 - Junio,1412.34,2026,Junio,202606.0
Pampeana,Jabón de tocador,125 g,2026 - Junio,1481.63,2026,Junio,202606.0
Noreste,Pan francés,kg,2026 - Junio,2469.93,2026,Junio,202606.0
Noreste,Harina de trigo común,kg,2026 - Junio,1010.4,2026,Junio,202606.0
Noreste,Arroz blanco simple,kg,2026 - Junio,1686.65,2026,Junio,202606.0
Noreste,Fideos secos tipo guisero,500 g,2026 - Junio,1192.9,2026,Junio,202606.0
Noreste,Carne picada común,kg,2026 - Junio,10946.65,2026,Junio,202606.0
Noreste,Pollo entero,kg,2026 - Junio,4631.33,2026,Junio,202606.0
Noreste,Aceite de girasol,"1,5 litros",2026 - Junio,6692.88,2026,Junio,202606.0
Noreste,Leche fresca entera sachet,Litro,2026 - Junio,2086.96,2026,Junio,202606.0
Noreste,Huevos de gallina,Docena,2026 - Junio,3392.69,2026,Junio,202606.0
Noreste,Papa,kg,2026 - Junio,1467.27,2026,Junio,202606.0
Noreste,Azúcar,kg,2026 - Junio,1477.22,2026,Junio,202606.0
Noreste,Detergente líquido,750 cc,2026 - Junio,2376.96,2026,Junio,202606.0
Noreste,Lavandina,1.000 cc,2026 - Junio,1417.14,2026,Junio,202606.0
Noreste,Jabón de tocador,125 g,2026 - Junio,1389.31,2026,Junio,202606.0
Noroeste,Pan francés,kg,2026 - Junio,2878.71,2026,Junio,202606.0
Noroeste,Harina de trigo común,kg,2026 - Junio,987.96,2026,Junio,202606.0
Noroeste,Arroz blanco simple,kg,2026 - Junio,1861.08,2026,Junio,202606.0
Noroeste,Fideos secos tipo guisero,500 g,2026 - Junio,1303.22,2026,Junio,202606.0
Noroeste,Carne picada común,kg,2026 - Junio,12270.9,2026,Junio,202606.0
Noroeste,Pollo entero,kg,2026 - Junio,4671.65,2026,Junio,202606.0
Noroeste,Aceite de girasol,"1,5 litros",2026 - Junio,6511.87,2026,Junio,202606.0
Noroeste,Leche fresca entera sachet,Litro,2026 - Junio,1975.25,2026,Junio,202606.0
Noroeste,Huevos de gallina,Docena,2026 - Junio,3364.76,2026,Junio,202606.0
Noroeste,Papa,kg,2026 - Junio,1329.52,2026,Junio,202606.0
Noroeste,Azúcar,kg,2026 - Junio,1354.97,2026,Junio,202606.0
Noroeste,Detergente líquido,750 cc,2026 - Junio,2358.3,2026,Junio,202606.0
Noroeste,Lavandina,1.000 cc,2026 - Junio,1368.91,2026,Junio,202606.0
Noroeste,Jabón de tocador,125 g,2026 - Junio,1402.04,2026,Junio,202606.0
Cuyo,Pan francés,kg,2026 - Junio,2595.57,2026,Junio,202606.0
Cuyo,Harina de trigo común,kg,2026 - Junio,1002.68,2026,Junio,202606.0
Cuyo,Arroz blanco simple,kg,2026 - Junio,1981.68,2026,Junio,202606.0
Cuyo,Fideos secos tipo guisero,500 g,2026 - Junio,1504.82,2026,Junio,202606.0
Cuyo,Carne picada común,kg,2026 - Junio,9990.0,2026,Junio,202606.0
Cuyo,Pollo entero,kg,2026 - Junio,5082.17,2026,Junio,202606.0
Cuyo,Aceite de girasol,"1,5 litros",2026 - Junio,6695.09,2026,Junio,202606.0
Cuyo,Leche fresca entera sachet,Litro,2026 - Junio,2057.76,2026,Junio,202606.0
Cuyo,Huevos de gallina,Docena,2026 - Junio,3790.88,2026,Junio,202606.0
Cuyo,Papa,kg,2026 - Junio,1591.71,2026,Junio,202606.0
Cuyo,Azúcar,kg,2026 - Junio,1466.33,2026,Junio,202606.0
Cuyo,Detergente líquido,750 cc,2026 - Junio,2216.93,2026,Junio,202606.0
Cuyo,Lavandina,1.000 cc,2026 - Junio,1349.83,2026,Junio,202606.0
Cuyo,Jabón de tocador,125 g,2026 - Junio,1496.56,2026,Junio,202606.0
Patagonia,Pan francés,kg,2026 - Junio,4143.93,2026,Junio,202606.0
Patagonia,Harina de trigo común,kg,2026 - Junio,1213.05,2026,Junio,202606.0
Patagonia,Arroz blanco simple,kg,2026 - Junio,2775.16,2026,Junio,202606.0
Patagonia,Fideos secos tipo guisero,500 g,2026 - Junio,1852.81,2026,Junio,202606.0
Patagonia,Carne picada común,kg,2026 - Junio,13104.32,2026,Junio,202606.0
Patagonia,Pollo entero,kg,2026 - Junio,5133.67,2026,Junio,202606.0
Patagonia,Aceite de girasol,"1,5 litros",2026 - Junio,7092.45,2026,Junio,202606.0
Patagonia,Leche fresca entera sachet,Litro,2026 - Junio,2245.05,2026,Junio,202606.0
Patagonia,Huevos de gallina,Docena,2026 - Junio,4879.81,2026,Junio,202606.0
Patagonia,Papa,kg,2026 - Junio,2087.64,2026,Junio,202606.0
Patagonia,Azúcar,kg,2026 - Junio,1761.87,2026,Junio,202606.0
Patagonia,Detergente líquido,750 cc,2026 - Junio,4618.97,2026,Junio,202606.0
Patagonia,Lavandina,1.000 cc,2026 - Junio,1575.29,2026,Junio,202606.0
Patagonia,Jabón de tocador,125 g,2026 - Junio,1594.78,2026,Junio,202606.0
